,Date,BHP,Casing Pressure,Choke,Gas Rate,Injection Rate,Oil Rate,Tubing Pressure,Water Rate,GOR,DaysOn
266,2017-09-19,9231.33,3338.75,13.0,155.92,0.0,66.52,4640.0,196.0,2.343956704750451,0
267,2017-09-20,0.0,3338.75,0.0,0.0,0.0,0.0,4640.0,0.0,,1
268,2017-09-21,0.0,2706.88,0.0,0.0,0.0,0.0,4884.38,0.0,,2
269,2017-09-22,9195.04,3873.75,18.0,139.06,0.0,49.27,4056.25,546.0,2.8224071443068803,3
270,2017-09-23,9565.5,3055.63,18.0,1004.61,0.0,305.15,5028.13,1363.0,3.292184171718827,4
271,2017-09-24,8971.86,4017.5,24.0,3174.4,0.0,2046.01,4450.63,1875.0,1.5515075683892063,5
272,2017-09-25,8561.65,3966.25,24.0,4139.5,0.0,1810.66,4313.75,1819.0,2.2861829388178894,6
273,2017-09-26,8250.85,3918.75,24.0,3398.29,0.0,1372.83,4031.88,1850.0,2.4753902522526463,7
274,2017-09-27,8433.91,3733.75,25.0,3806.98,0.0,1501.25,4021.25,2234.0,2.535873438800999,8
275,2017-09-28,8380.87,3777.5,28.0,4357.75,0.0,1716.03,3739.38,2650.0,2.539436956230369,9
276,2017-09-29,8284.92,3677.5,38.0,4213.6,0.0,1670.2,3560.0,2804.0,2.522811639324632,10
277,2017-09-30,9477.03,3086.25,61.0,3965.61,0.0,1586.52,4755.63,2736.0,2.4995650858482716,11
278,2017-10-01,8328.86,3373.75,21.0,379.26,0.0,236.04,3766.25,549.0,1.606761565836299,12
279,2017-10-02,8149.62,2875.63,29.0,1409.25,0.0,547.71,3713.13,1562.0,2.5729857041134907,13
280,2017-10-03,8593.01,3156.25,28.0,3980.95,0.0,1602.11,3588.75,3306.0,2.484816897716137,14
281,2017-10-04,8255.85,2928.13,24.0,3283.48,0.0,1343.39,3801.25,2247.0,2.444174811484379,15
282,2017-10-05,8258.9,3270.0,33.0,4220.5,0.0,1791.65,3373.13,3019.0,2.3556498199983253,16
283,2017-10-06,8653.92,3114.38,25.0,4032.65,0.0,1522.45,3919.38,2865.0,2.648789779631515,17
284,2017-10-07,8539.1,2911.25,18.0,2136.89,0.0,381.39,4036.88,2436.0,5.602899918718372,18
285,2017-10-08,8574.49,2846.88,14.0,913.14,0.0,125.22,4011.88,1519.0,7.2922855773838045,19
286,2017-10-09,8496.23,3045.63,21.0,1409.01,0.0,687.97,4031.25,1511.0,2.0480689564951957,20
287,2017-10-10,8181.06,3168.13,22.0,2198.42,0.0,835.38,3779.38,1947.0,2.63164069046422,21
288,2017-10-11,8248.64,3271.25,22.0,3978.24,0.0,1462.02,3704.38,2561.0,2.721057167480609,22
289,2017-10-12,8188.06,2986.88,22.0,2091.04,0.0,813.1,3908.75,1676.0,2.5716885991882914,23
290,2017-10-13,8059.74,3156.88,45.0,2151.99,0.0,972.65,3638.13,1868.0,2.2125019277232303,24
291,2017-10-14,8490.49,3066.25,24.0,3296.22,0.0,1291.01,4003.75,2334.0,2.5532102772248084,25
292,2017-10-15,8213.46,3190.63,20.0,3196.74,0.0,1197.85,3696.88,2430.0,2.668731477230037,26
293,2017-10-16,8163.86,3255.0,63.0,4144.85,0.0,1335.91,3358.75,3160.0,3.102641645020997,27
294,2017-10-17,7991.9,3153.75,26.0,3028.95,0.0,1036.26,3479.38,2469.0,2.9229633489664755,28
295,2017-10-18,8266.22,3109.38,29.0,4436.92,0.0,1501.64,3287.5,3421.0,2.954716176979835,29
296,2017-10-19,7782.89,3053.75,25.0,2222.87,0.0,955.87,3444.38,1790.0,2.325494052538525,30
297,2017-10-20,8039.98,3148.13,27.0,3260.48,0.0,935.19,3370.63,2915.0,3.4864359114190697,31
298,2017-10-21,8163.93,3201.25,29.0,4135.83,0.0,1161.98,3215.0,3529.0,3.559295340711544,32
299,2017-10-22,8253.39,3071.25,22.0,3405.98,0.0,1175.94,3611.25,2757.0,2.8963892715614743,33
300,2017-10-23,8149.14,3052.5,22.0,2541.31,0.0,1011.18,3657.5,2202.0,2.513212286635416,34
301,2017-10-24,8127.58,3058.75,22.0,2495.46,0.0,957.87,3670.63,2149.0,2.605217827053776,35
302,2017-10-25,8134.82,3047.5,22.0,2529.31,0.0,961.97,3720.0,2088.0,2.629302369096749,36
303,2017-10-26,8026.02,3055.0,22.0,2365.47,0.0,938.92,3641.88,1958.0,2.519352021471478,37
304,2017-10-27,7701.51,3235.0,22.0,3259.78,0.0,1315.56,3161.88,2434.0,2.4778649396454746,38
305,2017-10-28,7844.66,3163.13,29.0,4677.63,0.0,1926.59,2983.13,2969.0,2.427932253359563,39
306,2017-10-29,7428.96,3113.13,22.0,2683.63,0.0,1062.0,3028.75,2100.0,2.52695856873823,40
307,2017-10-30,7730.37,3038.75,30.0,4484.44,0.0,1789.87,2813.13,3126.0,2.505455703486845,41
308,2017-10-31,7902.51,2769.38,31.0,4478.86,0.0,1834.34,2975.0,3117.0,2.4416738445435415,42
309,2017-11-01,7709.3,2795.63,64.0,4350.09,0.0,1753.16,2823.75,3070.0,2.481285222113213,43
310,2017-11-02,7733.89,2807.5,31.0,4544.48,0.0,1968.06,2744.38,3150.0,2.309116591973822,44
311,2017-11-03,7728.01,2819.38,31.0,4586.22,0.0,1949.17,2656.88,3312.0,2.352909186987282,45
312,2017-11-04,7716.35,2790.63,31.0,4661.95,0.0,2025.0,2582.5,3385.0,2.3021975308641975,46
313,2017-11-05,7751.04,2733.13,28.0,4431.61,0.0,1803.98,2726.25,3302.0,2.4565737979356754,47
314,2017-11-06,7907.87,2655.63,28.0,3739.07,0.0,1456.15,3118.13,2955.0,2.5677780448442813,48
315,2017-11-07,7762.04,2691.25,28.0,3487.86,0.0,1424.38,2965.63,2917.0,2.4486864460326596,49
316,2017-11-08,7633.13,2697.5,28.0,3735.0,0.0,1384.92,2916.88,2863.0,2.696906680530283,50
317,2017-11-09,7657.82,2684.38,31.0,3775.48,0.0,1526.83,2899.38,2862.0,2.4727572814262233,51
318,2017-11-10,7473.85,2708.13,31.0,3903.77,0.0,1591.58,2681.25,2916.0,2.4527639201296827,52
319,2017-11-11,7527.04,2716.25,31.0,4297.27,0.0,1619.46,2670.0,3096.0,2.6535203092388824,53
320,2017-11-12,7555.06,2723.75,33.0,4237.96,0.0,1826.91,2604.38,3122.0,2.3197420781538223,54
321,2017-11-13,8045.96,2571.88,40.0,4274.77,0.0,1645.25,3166.25,3119.0,2.59824950615408,55
322,2017-11-14,7428.99,2453.13,34.0,4649.3,0.0,1962.52,2340.63,3345.0,2.369045920551128,56
323,2017-11-15,7386.15,2460.63,64.0,4840.1,0.0,1982.84,2261.88,3419.0,2.4409937261705434,57
324,2017-11-16,7226.07,2394.38,34.0,4643.89,0.0,1824.84,2140.0,3436.0,2.544820367813069,58
325,2017-11-17,7597.27,2346.88,34.0,4912.06,0.0,1770.81,2391.88,3703.0,2.7739057267578118,59
326,2017-11-18,7326.08,2359.38,34.0,4581.11,0.0,1701.47,2221.25,3538.0,2.692442417439038,60
327,2017-11-19,6986.37,2402.5,34.0,3477.8,0.0,1424.63,2267.5,2789.0,2.4411952577160383,61
328,2017-11-20,7329.66,2418.75,36.0,3942.63,0.0,1467.14,2464.38,3140.0,2.6872895565522037,62
329,2017-11-21,7590.12,2372.5,25.0,3909.89,0.0,1510.33,2741.25,3071.0,2.5887653691577337,63
330,2017-11-22,7332.7,2402.5,30.0,3363.98,0.0,1297.31,2610.63,2824.0,2.593042526458595,64
331,2017-11-23,7516.89,2391.88,31.0,3847.37,0.0,1505.55,2712.5,2977.0,2.5554581382219124,65
332,2017-11-24,7294.69,2413.13,34.0,3489.15,0.0,1349.29,2583.13,2811.0,2.5859155555884947,66
333,2017-11-25,8090.24,2155.0,26.0,3355.74,0.0,1332.89,3501.25,2538.0,2.5176421160035707,67
334,2017-11-26,7174.65,2436.25,37.0,2966.41,0.0,1199.89,2530.63,2599.0,2.4722349548708626,68
335,2017-11-27,7453.72,2351.88,33.0,3498.28,0.0,1475.39,2825.0,2579.0,2.3710883224096677,69
336,2017-11-28,7127.26,2467.5,38.0,4039.95,0.0,1532.14,2321.25,3018.0,2.636802119910713,70
337,2017-11-29,7146.03,2469.38,40.0,4485.74,0.0,1777.43,2278.13,3054.0,2.523722453204908,71
338,2017-11-30,6922.04,2442.5,39.0,3229.76,0.0,1171.71,2346.88,2600.0,2.7564499748231217,72
339,2017-12-01,7148.86,2428.75,39.0,4274.94,0.0,1633.2,2280.63,3113.0,2.617523879500367,73
340,2017-12-02,7074.66,2431.25,39.0,4211.96,0.0,1702.21,2233.13,3011.0,2.4744068005710225,74
341,2017-12-03,7089.24,2401.88,39.0,3969.24,0.0,1556.99,2321.25,2919.0,2.549303463734513,75
342,2017-12-04,7086.45,2392.5,39.0,4186.84,0.0,1761.23,2196.25,3058.0,2.3772250075231516,76
343,2017-12-05,7021.44,2355.0,40.0,4223.03,0.0,1628.76,2185.63,3054.0,2.5927883788894617,77
344,2017-12-06,6882.21,2320.63,42.0,3835.77,0.0,1579.31,2120.0,2876.0,2.4287631940530994,78
345,2017-12-07,6787.68,2283.13,41.0,4158.09,0.0,1387.63,2063.75,3007.0,2.996540864639709,79
346,2017-12-08,6795.33,1941.25,24.0,1408.4,0.0,641.15,2581.88,1214.0,2.1966778444981676,80
347,2017-12-09,7149.64,2335.63,35.0,1871.11,0.0,676.07,2540.63,2238.0,2.76762761252533,81
348,2017-12-10,7060.76,2388.75,39.0,3773.66,0.0,1553.77,2318.13,2829.0,2.4287121002464973,82
349,2017-12-11,7034.94,2370.63,38.0,3535.8,0.0,1397.28,2439.38,2590.0,2.530487804878049,83
350,2017-12-12,6990.56,2363.13,38.0,4122.33,0.0,1692.67,2201.25,2909.0,2.4354008755398273,84
351,2017-12-13,6885.39,2315.0,63.0,4180.35,0.0,1650.53,2116.25,2918.0,2.532731910356068,85
352,2017-12-14,6853.41,2305.63,40.0,3935.13,0.0,1627.65,2126.88,2804.0,2.4176757902497465,86
353,2017-12-15,7101.26,2231.25,36.0,4077.94,0.0,1654.33,2371.88,2809.0,2.465010004049978,87
354,2017-12-16,6916.59,2253.13,37.0,3686.44,0.0,1525.67,2186.88,2809.0,2.416276127865135,88
355,2017-12-17,7064.17,2242.5,36.0,3685.16,0.0,1509.02,2335.0,2809.0,2.4420882427005606,89
356,2017-12-18,6660.18,2211.88,41.0,3895.57,0.0,1524.17,1971.25,2809.0,2.5558631911138523,90
357,2017-12-19,6720.82,2145.63,41.0,4417.9,0.0,1658.27,2040.0,2809.0,2.664162048399838,91
358,2017-12-20,6667.24,2153.13,41.0,4393.31,0.0,1785.94,1940.63,2809.0,2.4599426632473658,92
359,2017-12-21,6599.22,2128.13,35.0,4267.07,0.0,1642.64,1915.63,2809.0,2.597690303414016,93
360,2017-12-22,6849.82,2113.75,39.0,3541.65,0.0,1453.26,2126.25,2809.0,2.437038107427439,94
361,2017-12-23,6611.46,2106.88,41.0,4110.09,0.0,1676.61,1898.13,2809.0,2.4514287759228446,95
362,2017-12-24,6465.97,2069.38,44.0,4360.8,0.0,1591.53,1818.75,2809.0,2.7400049009443745,96
363,2017-12-25,6434.85,2028.75,32.0,4340.48,0.0,1389.68,1858.75,2809.0,3.1233665304242697,97
364,2017-12-26,6424.92,2038.75,40.0,3724.67,0.0,1040.97,1892.5,2809.0,3.57807621737418,98
365,2017-12-27,6639.75,2020.0,36.0,3436.24,0.0,720.24,2148.13,2809.0,4.770965233810951,99
366,2017-12-28,6601.4,2041.88,40.0,3556.79,0.0,1454.71,1894.38,2809.0,2.44501653250476,100
367,2017-12-29,6591.42,2029.38,41.0,3989.47,0.0,1628.58,1882.5,2809.0,2.449661668447359,101
368,2017-12-30,6745.41,1998.13,40.0,3427.6,0.0,1378.66,2035.0,2809.0,2.4861822349237666,102
369,2017-12-31,6347.63,2018.75,40.0,3840.47,0.0,1199.16,1785.63,2809.0,3.202633510123753,103
370,2018-01-01,6429.31,2002.5,38.0,3301.23,0.0,720.0,1928.75,2809.0,4.585041666666667,104
371,2018-01-02,6861.82,1993.13,64.0,3836.33,0.0,1655.0,2110.63,2809.0,2.31802416918429,105
372,2018-01-03,6635.57,2038.13,42.0,2151.54,0.0,962.13,1845.0,2691.0,2.2362258738424123,106
373,2018-01-04,7499.72,1784.38,60.0,3150.32,0.0,448.95,3401.25,2235.0,7.01708430782938,107
374,2018-01-05,7809.39,1698.75,60.0,0.13,0.0,8.22,3695.0,0.0,0.01581508515815085,108
375,2018-01-06,6614.9,2070.0,40.0,445.14,0.0,172.21,1978.75,815.0,2.58486731316416,109
376,2018-01-07,7249.8,2093.13,40.0,3676.94,0.0,1351.95,2348.75,3221.0,2.719730759273642,110
377,2018-01-08,6596.57,2068.13,40.0,4226.44,0.0,1579.15,1920.63,2828.0,2.6764018617610734,111
378,2018-01-09,6965.39,1978.75,27.0,2302.64,0.0,913.15,2625.0,1895.0,2.5216448557192135,112
379,2018-01-10,6771.6,2039.0,31.0,2379.34,0.0,912.73,2349.0,2100.0,2.6068388241867804,113
380,2018-01-11,6696.72,2052.5,20.0,2992.86,0.0,1097.35,2246.25,2341.0,2.7273522577117606,114
381,2018-01-12,6873.08,1974.38,27.0,1398.33,0.0,589.77,2539.38,1410.0,2.370975125896536,115
382,2018-01-13,6658.52,2053.75,40.0,2456.17,0.0,968.31,2232.5,2126.0,2.536553376501327,116
383,2018-01-14,6911.5,1966.88,28.0,2892.76,0.0,1069.59,2608.13,2035.0,2.7045503417197247,117
384,2018-01-15,6938.49,1971.25,32.0,1489.49,0.0,619.87,2603.75,1473.0,2.402907061157985,118
385,2018-01-16,6975.21,1979.38,58.0,1941.11,0.0,772.32,2628.75,1758.0,2.5133493888543605,119
386,2018-01-17,6587.66,2033.13,40.0,3236.33,0.0,1157.52,2143.75,2397.0,2.795917133181284,120
387,2018-01-18,6491.33,1862.5,63.0,2690.18,0.0,952.35,2252.5,1934.0,2.8247808053761747,121
388,2018-01-19,6998.86,1936.88,30.0,3036.34,0.0,1204.08,2643.13,2100.0,2.521709520962063,122
389,2018-01-20,6973.83,1930.0,26.0,2061.51,0.0,782.96,2679.38,1744.0,2.6329697557985083,123
390,2018-01-21,7102.67,1978.75,24.0,2378.52,0.0,878.92,2739.38,1993.0,2.706184863241251,124
391,2018-01-22,6908.57,1951.88,64.0,2187.13,0.0,846.81,2608.13,1799.0,2.582787165952221,125
392,2018-01-23,6938.14,1963.13,28.0,2003.67,0.0,764.96,2671.88,1671.0,2.619313428153106,126
393,2018-01-24,6671.67,1968.75,36.0,2521.61,0.0,947.64,2333.13,2012.0,2.6609366426068974,127
394,2018-01-25,6992.72,1977.5,32.0,3255.25,0.0,1261.38,2618.75,2181.0,2.580705259319158,128
395,2018-01-26,6802.9,1900.63,26.0,2278.34,0.0,826.11,2560.63,1773.0,2.7579135950418228,129
396,2018-01-27,6583.4,2047.5,36.0,2539.14,0.0,1037.2,2194.38,2067.0,2.448071731585036,130
397,2018-01-28,6943.24,1983.75,26.0,2877.29,0.0,1084.22,2636.88,2023.0,2.653787976609913,131
398,2018-01-29,6683.29,2023.13,34.0,1931.39,0.0,751.66,2388.75,1694.0,2.5694995077561664,132
399,2018-01-30,6885.31,1997.5,32.0,2332.33,0.0,914.27,2583.75,1848.0,2.5510297833244007,133
400,2018-01-31,6986.8,2013.13,64.0,2833.17,0.0,994.36,2654.38,2103.0,2.849239711975542,134
401,2018-02-01,6946.91,1923.13,36.0,3347.66,0.0,1360.97,2494.38,2295.0,2.4597603180084793,135
402,2018-02-02,6203.8,1961.25,63.0,3377.95,0.0,1304.51,1826.88,2284.0,2.589439712995684,136
403,2018-02-03,6381.56,1866.88,62.0,3387.29,0.0,1287.34,1999.38,2278.0,2.631231842403716,137
404,2018-02-04,6171.01,1834.38,49.0,4396.03,0.0,1653.06,1532.5,2806.0,2.6593287599966122,138
405,2018-02-05,6635.98,1738.13,32.0,3558.42,0.0,1313.95,2244.38,2304.0,2.708185242969672,139
406,2018-02-06,6102.28,1793.13,64.0,3101.87,0.0,1179.91,1658.13,2418.0,2.628903899449958,140
407,2018-02-07,6222.55,1760.63,64.0,4454.35,0.0,1728.61,1520.63,2874.0,2.576839194497313,141
408,2018-02-08,6274.16,1711.88,25.0,4509.39,0.0,1619.29,1628.13,2843.0,2.7847945704598933,142
409,2018-02-09,6273.81,1698.75,40.0,2051.0,0.0,814.75,1984.38,1780.0,2.5173366063209572,143
410,2018-02-10,6150.74,1729.38,64.0,3913.15,0.0,1508.35,1501.88,2833.0,2.594324924586469,144
411,2018-02-11,6002.08,1616.25,36.0,2286.53,0.0,654.09,2000.63,1576.0,3.495742176153129,145
412,2018-02-12,6786.94,1599.38,17.0,1560.77,0.0,425.77,2451.88,1654.0,3.6657585081147097,146
413,2018-02-13,6722.24,1660.0,29.0,1178.45,0.0,521.51,2268.75,1435.0,2.259688213073575,147
414,2018-02-14,6032.09,1735.0,64.0,3795.39,0.0,1444.38,1439.38,2767.0,2.6276949279275534,148
415,2018-02-15,5938.67,1703.13,31.0,3828.54,0.0,1473.53,1528.13,2428.0,2.5982097412336365,149
416,2018-02-16,5859.95,1720.0,60.0,3296.15,0.0,1311.58,1426.88,2447.0,2.5131139541621557,150
417,2018-02-17,6058.55,1645.63,64.0,4706.36,0.0,1806.31,1345.63,2907.0,2.6055106819981066,151
418,2018-02-18,5768.86,1635.0,64.0,3690.08,0.0,1423.36,1343.75,2502.0,2.592513489208633,152
419,2018-02-19,6033.6,1599.38,64.0,4529.87,0.0,1737.03,1311.88,2953.0,2.607824850463147,153
420,2018-02-20,6127.89,1571.88,64.0,3567.05,0.0,1376.76,1676.25,2454.0,2.590901827479009,154
421,2018-02-21,6083.68,1588.13,64.0,3727.74,0.0,1388.2,1521.25,2716.0,2.6853047111367236,155
422,2018-02-22,6288.88,1567.5,25.0,1252.89,0.0,480.1,2021.88,1290.0,2.609643824203291,156
423,2018-02-23,5993.89,1610.0,50.0,3892.23,0.0,1566.84,1311.88,2892.0,2.484127288044727,157
424,2018-02-24,5871.01,1590.0,64.0,4095.32,0.0,1566.22,1330.63,2693.0,2.6147795328881003,158
425,2018-02-25,6097.49,1530.0,50.0,3517.51,0.0,1381.42,1643.75,2447.0,2.5463001838687727,159
426,2018-02-26,5839.46,1553.75,35.0,3341.55,0.0,1286.3,1403.75,2491.0,2.597799891160694,160
427,2018-02-27,5917.93,1558.75,64.0,3338.42,0.0,1297.79,1463.75,2494.0,2.572388444971837,161
428,2018-02-28,5622.51,1545.0,42.0,3054.68,0.0,1227.48,1327.5,2224.0,2.4885782253071334,162
429,2018-03-01,5999.22,1533.13,45.0,4261.87,0.0,1134.63,1315.63,3234.0,3.756176022139375,163
430,2018-03-02,5958.76,1504.38,45.0,4231.42,0.0,1285.24,1293.75,3113.0,3.292318944321683,164
431,2018-03-03,5957.48,1488.75,45.0,4181.3,0.0,1355.23,1279.38,3087.0,3.0853065531312027,165
432,2018-03-04,5694.97,1473.13,45.0,4094.79,0.0,1157.75,1266.25,2787.0,3.5368516519110345,166
433,2018-03-05,5843.35,1463.13,45.0,4057.27,0.0,1628.91,1256.88,2739.0,2.4907883185688586,167
434,2018-03-06,5824.24,1449.38,45.0,4033.62,0.0,1630.36,1245.0,2725.0,2.4740670772099413,168
435,2018-03-07,5764.84,1436.25,45.0,4010.98,0.0,1406.58,1235.63,2789.0,2.85158327290307,169
436,2018-03-08,5811.59,1426.88,45.0,3992.09,0.0,1396.69,1227.5,2885.0,2.8582505781526324,170
437,2018-03-09,5914.3,1421.25,45.0,3822.66,0.0,1418.15,1330.0,2807.0,2.695525861157141,171
438,2018-03-10,5901.65,1421.88,42.0,3661.83,0.0,1420.92,1322.5,2760.0,2.5770838611603746,172
439,2018-03-11,5852.87,1427.5,40.0,3648.03,0.0,1336.79,1315.63,2744.0,2.7289477030797658,173
440,2018-03-12,5863.19,1422.5,40.0,3643.78,0.0,1393.6,1311.25,2731.0,2.6146526980482205,174
441,2018-03-13,5811.29,1413.75,40.0,3685.93,0.0,1398.89,1263.13,2747.0,2.6348962391610486,175
442,2018-03-14,5797.99,1402.5,40.0,3735.04,0.0,1394.76,1256.25,2753.0,2.6779087441567007,176
443,2018-03-15,5776.55,1393.75,40.0,3721.27,0.0,1369.23,1250.0,2744.0,2.7177829875185324,177
444,2018-03-16,5783.22,1385.63,40.0,3700.08,0.0,1414.09,1242.5,2735.0,2.6165802742399706,178
445,2018-03-17,5801.53,1377.5,40.0,3681.07,0.0,1478.42,1237.5,2727.0,2.4898675613154584,179
446,2018-03-18,5732.78,1353.75,40.0,3711.52,0.0,1459.39,1181.25,2745.0,2.543199555978868,180
447,2018-03-19,5719.11,1346.88,42.0,3792.26,0.0,1443.19,1176.88,2760.0,2.6276928193792917,181
448,2018-03-20,5499.92,1333.75,38.0,3411.85,0.0,1215.28,1106.25,2600.0,2.807460009215983,182
449,2018-03-21,5635.25,1310.63,45.0,3942.43,0.0,1401.68,1098.13,2831.0,2.812646253067747,183
450,2018-03-22,5594.34,1298.13,45.0,3911.23,0.0,1363.61,1087.5,2804.0,2.8682907869552148,184
451,2018-03-23,5563.52,1243.75,47.0,4076.02,0.0,1657.13,923.75,2901.0,2.4596863251525227,185
452,2018-03-24,5509.81,1226.25,50.0,4185.03,0.0,1555.09,911.88,2926.0,2.691181860856928,186
453,2018-03-25,6699.64,1212.5,50.0,4064.4,0.0,1537.4,1974.38,2903.0,2.64368414205802,187
454,2018-03-26,5322.62,1215.63,24.0,1988.86,0.0,783.91,1147.5,1873.0,2.537102473498233,188
455,2018-03-27,5658.47,1216.88,40.0,3530.92,0.0,1297.67,1149.38,2748.0,2.7209691215794463,189
456,2018-03-28,5655.96,1217.5,40.0,3595.09,0.0,1445.4,1141.25,2678.0,2.48726304137263,190
457,2018-03-29,5746.33,1213.13,33.0,2882.21,0.0,1231.79,1338.13,2333.0,2.339855007752945,191
458,2018-03-30,5717.51,1215.63,34.0,2938.91,0.0,1007.68,1342.5,2451.0,2.9165111940298507,192
459,2018-03-31,5685.87,1217.5,34.0,3014.62,0.0,1091.9,1307.5,2445.0,2.760893854748603,193
460,2018-04-01,5488.19,1221.88,30.0,2615.33,0.0,1177.63,1150.0,2217.0,2.2208418603466282,194
461,2018-04-02,5891.11,1206.25,34.0,3036.82,0.0,1196.32,1490.63,2355.0,2.5384679684365388,195
462,2018-04-03,5848.97,1216.25,34.0,2873.45,0.0,1167.82,1448.13,2321.0,2.460524738401466,196
463,2018-04-04,6530.4,1182.5,27.0,2245.66,0.0,913.56,2298.75,1705.0,2.4581417750339334,197
464,2018-04-05,5364.18,1226.88,17.0,1319.21,0.0,539.42,1165.63,1497.0,2.445608245893738,198
465,2018-04-06,5600.71,1231.88,42.0,3780.2,0.0,1454.03,1041.25,2818.0,2.5998088072460677,199
466,2018-04-07,5504.71,1227.5,45.0,3982.59,0.0,1521.18,1016.88,2703.0,2.6180925334279967,200
467,2018-04-08,5492.47,1209.38,45.0,3883.48,0.0,1526.41,998.13,2697.0,2.5441919274637876,201
468,2018-04-09,5415.51,1209.38,45.0,3802.65,0.0,1529.78,998.13,2558.0,2.485749584907634,202
469,2018-04-10,5352.7,1190.63,45.0,3782.87,0.0,1553.31,973.13,2493.0,2.4353606170049766,203
470,2018-04-11,5337.03,1182.5,45.0,3724.01,0.0,1454.52,965.63,2537.0,2.560301680279405,204
471,2018-04-12,6758.2,1124.38,45.0,3268.44,0.0,1113.57,2338.75,2374.0,2.9351006223228,205
472,2018-04-13,6647.22,1080.0,41.0,1612.71,0.0,513.36,2515.0,1345.0,3.1414796633941093,206
473,2018-04-14,5343.38,1181.88,19.0,806.04,0.0,451.69,1006.88,1179.0,1.7844982178042461,207
474,2018-04-15,5607.06,1188.13,11.0,3887.32,0.0,1248.28,866.25,3324.0,3.11414105809594,208
475,2018-04-16,5238.3,1154.38,50.0,4111.34,0.0,1341.33,845.0,2765.0,3.065121931217523,209
476,2018-04-17,5437.14,1133.75,50.0,4019.97,0.0,1499.04,830.63,2984.0,2.6816962856227984,210
477,2018-04-18,4875.46,1125.63,41.0,3258.97,0.0,1093.35,796.25,2314.0,2.9807198061005167,211
478,2018-04-19,6805.29,1071.88,44.0,3111.6,0.0,1054.13,2283.13,2539.0,2.951818086953222,212
479,2018-04-20,5502.61,1142.5,43.0,2965.01,0.0,1301.93,750.0,3147.0,2.2773958661371965,213
480,2018-04-21,5503.09,1142.5,50.0,3292.97,0.0,1225.52,738.13,3311.0,2.686998172204452,214
481,2018-04-22,5484.56,1141.25,50.0,3164.23,0.0,1208.91,731.25,3277.0,2.6174239604271614,215
482,2018-04-23,5491.56,1148.75,50.0,2849.16,0.0,1182.11,688.75,3310.0,2.4102325502702797,216
483,2018-04-24,5566.72,1153.13,50.0,2531.99,0.0,1231.06,667.5,3340.0,2.056755966402937,217
484,2018-04-25,5584.26,1152.5,48.0,2450.35,0.0,1191.83,707.5,3269.0,2.0559559668744702,218
485,2018-04-26,5676.89,1152.5,47.0,2405.98,0.0,889.46,703.75,3633.0,2.70498954421784,219
486,2018-04-27,5695.44,1154.38,47.0,2303.54,0.0,939.42,688.75,3617.0,2.452087458218901,220
487,2018-04-28,6454.95,1087.5,29.0,1001.22,0.0,378.76,1556.88,2257.0,2.6434153553701556,221
488,2018-04-29,6300.98,1133.13,7.0,40.28,0.0,26.1,843.75,968.0,1.543295019157088,222
489,2018-04-30,6241.54,1162.5,44.0,1292.97,0.0,446.64,680.0,4485.0,2.894881783987104,223
490,2018-05-01,6075.86,1153.75,29.0,831.79,0.0,286.48,939.38,2892.0,2.9034836637810666,224
491,2018-05-02,5951.42,1163.75,38.0,1328.17,0.0,711.33,673.13,3720.0,1.867164325980909,225
492,2018-05-03,5914.68,1160.63,50.0,2263.75,0.0,813.02,686.88,4090.0,2.7843718481710167,226
493,2018-05-04,5800.27,1154.38,48.0,2384.17,0.0,858.62,751.87,3751.0,2.7767464070252266,227
494,2018-05-05,5756.45,1155.0,46.0,2431.03,0.0,674.43,737.5,3838.0,3.60456978485536,228
495,2018-05-06,5480.09,1155.0,40.0,2093.55,0.0,683.68,692.5,3301.0,3.06217821202902,229
496,2018-05-07,5627.18,1156.25,50.0,2594.83,0.0,884.83,683.13,3658.0,2.932574618853339,230
497,2018-05-08,5645.68,1158.13,50.0,2526.19,0.0,972.11,661.25,3660.0,2.5986668175412246,231
498,2018-05-09,5696.44,1161.88,50.0,2261.73,0.0,742.89,641.87,3841.0,3.044501877801559,232
499,2018-05-10,5775.53,1163.13,50.0,2126.95,0.0,738.86,638.75,3942.0,2.8786914977126923,233
500,2018-05-11,5784.29,1163.13,50.0,2113.76,0.0,746.5,637.5,3940.0,2.8315606162089755,234
501,2018-05-12,5960.14,1160.0,38.0,1580.29,0.0,562.48,876.25,3498.0,2.8095043379320153,235
502,2018-05-13,6256.99,1157.5,33.0,1124.38,0.0,399.19,1034.38,3376.0,2.8166537237906764,236
503,2018-05-14,5906.99,1172.5,36.0,1096.69,0.0,410.33,651.88,3663.0,2.672702458996418,237
504,2018-05-15,6069.92,1171.88,47.0,1921.19,0.0,675.12,708.75,4281.0,2.845701504917644,238
505,2018-05-16,6345.28,1163.75,35.0,1209.14,0.0,384.61,1035.0,3684.0,3.1438080133121864,239
506,2018-05-17,6493.72,1165.63,31.0,827.18,0.0,293.46,1057.5,3592.0,2.8187146459483405,240
507,2018-05-18,6509.49,1166.88,31.0,876.41,0.0,298.84,1080.0,3628.0,2.9327064649979926,241
508,2018-05-19,6354.02,1172.5,32.0,1070.51,0.0,395.54,944.38,3816.0,2.706451939121201,242
509,2018-05-20,6487.23,1170.63,32.0,1197.32,0.0,400.92,1015.0,4058.0,2.986431208221091,243
510,2018-05-21,6332.62,1171.88,36.0,1353.57,0.0,450.82,938.75,4017.0,3.0024621800275053,244
511,2018-05-22,7658.83,1067.5,36.0,754.77,0.0,198.87,2471.25,2536.0,3.795293407753809,245
512,2018-05-23,7042.76,1134.38,23.0,13.63,0.0,164.14,1661.25,917.0,0.08303886925795054,246
513,2018-05-24,7752.1,1040.63,6.0,1.82,0.0,160.33,2319.38,1032.0,0.01135158735108838,247
514,2018-05-25,0.0,1016.88,0.0,0.0,0.0,0.0,2404.38,0.0,,248
515,2018-05-26,7530.77,1135.63,6.0,0.18,0.0,2.7,1940.0,1142.0,0.06666666666666667,249
516,2018-05-27,7037.34,1190.0,6.0,123.71,0.0,114.08,1232.5,3469.0,1.0844144460028051,250
517,2018-05-28,7089.6,1195.63,31.0,611.26,0.0,448.7,1183.13,4545.0,1.3622910630710943,251
518,2018-05-29,7017.13,1197.5,32.0,883.84,0.0,344.31,1228.75,4533.0,2.566989050564898,252
519,2018-05-30,7420.79,1176.88,32.0,558.96,0.0,215.89,1748.13,3776.0,2.5890962990411786,253
520,2018-05-31,7331.82,1190.0,21.0,225.03,0.0,131.12,1603.75,3365.0,1.7162141549725443,254
521,2018-06-01,7274.21,1192.5,21.0,484.94,0.0,159.83,1619.38,3640.0,3.034098729900519,255
522,2018-06-02,7387.05,1183.75,24.0,517.75,0.0,242.67,1782.5,3462.0,2.1335558577492066,256
523,2018-06-03,7089.21,1203.13,24.0,629.33,0.0,225.69,1456.25,3799.0,2.7884709114271793,257
524,2018-06-04,7025.44,1203.75,28.0,915.42,0.0,348.62,1450.63,3926.0,2.6258390224313004,258
525,2018-06-05,6714.18,1210.0,28.0,955.98,0.0,340.73,1176.25,3951.0,2.805681918234379,259
526,2018-06-06,8058.15,1108.75,24.0,928.71,0.0,393.99,2781.25,2942.0,2.357191806898652,260
527,2018-06-07,7365.06,1098.13,0.0,17.63,0.0,10.7,1966.88,124.0,1.6476635514018692,261
528,2018-06-08,7187.43,1221.25,25.0,0.34,0.0,663.97,1296.25,3533.0,0.0005120713285238791,262
529,2018-06-09,7098.81,1226.88,30.0,311.9,0.0,543.34,1185.63,4202.0,0.5740420362940332,263
530,2018-06-10,8162.72,1170.0,28.0,623.58,0.0,621.75,2554.38,3490.0,1.0029433051869723,264
531,2018-06-11,6868.42,1225.0,30.0,852.84,0.0,752.77,1270.0,3763.0,1.1329356908484665,265
532,2018-06-12,6743.16,1223.75,37.0,1318.83,0.0,812.36,1204.38,4001.0,1.6234551184204047,266
533,2018-06-13,6470.01,1225.0,40.0,1534.01,0.0,847.85,1055.63,3895.0,1.809294096833166,267
534,2018-06-14,6854.98,1219.38,40.0,1691.98,0.0,892.31,1393.75,3977.0,1.8961795788459168,268
535,2018-06-15,6543.5,1220.63,34.0,1371.51,0.0,677.47,1172.5,3732.0,2.0244586476153925,269
536,2018-06-16,7063.36,1220.63,31.0,888.73,0.0,581.16,1508.75,3714.0,1.5292346341799161,270
537,2018-06-17,7027.66,1231.25,28.0,503.0,0.0,530.69,1301.88,3809.0,0.9478226459891838,271
538,2018-06-18,7283.24,1234.38,29.0,437.47,0.0,711.56,1506.25,3856.0,0.6148040924166621,272
539,2018-06-19,7218.37,1244.38,28.0,400.64,0.0,502.58,1273.75,4400.0,0.7971666202395639,273
540,2018-06-20,7117.01,1247.5,32.0,799.22,0.0,441.86,1120.63,4988.0,1.8087629565925858,274
541,2018-06-21,7533.78,1220.63,30.0,690.04,0.0,603.05,1740.63,4165.0,1.1442500621838985,275
542,2018-06-22,6838.4,1253.75,28.0,437.16,0.0,625.38,933.13,4316.0,0.6990309891585916,276
543,2018-06-23,7149.64,1248.75,35.0,799.11,0.0,989.06,1199.38,4589.0,0.8079489616403455,277
544,2018-06-24,7181.2,1251.25,33.0,729.33,0.0,725.37,1204.38,4725.0,1.0054592828487532,278
545,2018-06-25,6954.92,1256.88,27.0,404.21,0.0,782.69,1170.63,3855.0,0.5164369034994697,279
546,2018-06-26,7460.4,1263.13,32.0,489.78,0.0,709.85,1229.38,5268.0,0.6899767556526026,280
547,2018-06-27,7744.76,1261.88,30.0,248.58,0.0,586.52,1491.25,5219.0,0.4238218645570484,281
548,2018-06-28,7679.2,1260.0,30.0,327.19,0.0,565.73,1482.5,5102.0,0.5783500963357078,282
549,2018-06-29,7485.96,1258.13,27.0,279.97,0.0,507.03,1608.75,4034.0,0.5521763998185513,283
550,2018-06-30,8964.25,1202.5,35.0,390.58,0.0,255.27,2897.5,4780.0,1.5300662044110156,284
551,2018-07-01,7728.67,1236.88,15.0,282.2,0.0,98.57,2421.25,1732.0,2.8629400426093135,285
552,2018-07-02,8197.67,1240.0,27.0,4.22,0.0,179.27,2466.88,2778.0,0.02353991186478496,286
553,2018-07-03,8242.61,1246.88,20.0,0.0,0.0,499.91,2428.13,3194.0,0.0,287
554,2018-07-04,8360.24,1252.5,20.0,0.0,0.0,20.54,2375.63,3920.0,0.0,288
555,2018-07-05,8358.63,1257.5,21.0,0.0,0.0,36.19,2336.25,4095.0,0.0,289
556,2018-07-06,8380.26,1263.13,26.0,70.09,0.0,33.3,2349.38,4280.0,2.104804804804805,290
557,2018-07-07,8380.35,1264.38,29.0,154.25,0.0,31.96,2403.75,4223.0,4.826345431789737,291
558,2018-07-08,8332.5,1268.75,37.0,176.36,0.0,38.44,2349.38,4290.0,4.587929240374611,292
559,2018-07-09,9092.55,1168.13,27.0,123.09,0.0,24.71,3336.88,3114.0,4.981384055038446,293
560,2018-07-10,0.0,1114.38,0.0,0.0,0.0,0.0,3525.63,0.0,,294
561,2018-07-11,0.0,1103.75,0.0,0.0,0.0,0.0,3559.38,0.0,,295
562,2018-07-12,0.0,1101.88,0.0,0.0,0.0,0.0,3579.38,0.0,,296
563,2018-07-13,0.0,1101.88,0.0,0.0,0.0,0.0,3598.13,0.0,,297
564,2018-07-14,0.0,1103.75,0.0,0.0,0.0,0.0,3610.63,0.0,,298
565,2018-07-15,0.0,1101.25,0.0,0.0,0.0,0.0,3611.88,0.0,,299
566,2018-07-16,0.0,1099.38,2.0,0.0,0.0,0.0,3617.5,0.0,,300
567,2018-07-17,0.0,1097.5,0.0,0.0,0.0,0.0,3588.13,0.0,,301
568,2018-07-18,0.0,1095.63,0.0,0.0,0.0,0.0,3551.25,0.0,,302
569,2018-07-19,0.0,1093.75,0.0,0.0,0.0,0.0,3542.5,0.0,,303
570,2018-07-20,0.0,1091.88,0.0,0.0,0.0,0.0,3546.25,0.0,,304
571,2018-07-21,0.0,1090.63,0.0,0.0,0.0,0.0,3550.0,0.0,,305
572,2018-07-22,0.0,1089.38,0.0,0.0,0.0,0.0,3555.63,0.0,,306
573,2018-07-23,0.0,1088.75,0.0,0.0,0.0,0.0,3564.38,0.0,,307
574,2018-07-24,0.0,1087.5,0.0,0.0,0.0,0.0,3605.63,0.0,,308
575,2018-07-25,0.0,1086.88,0.0,0.0,0.0,0.0,3657.5,0.0,,309
576,2018-07-26,0.0,1085.63,0.0,0.0,0.0,0.0,3705.63,0.0,,310
577,2018-07-27,0.0,1085.63,0.0,0.0,0.0,0.0,3725.63,0.0,,311
578,2018-07-28,0.0,1085.0,0.0,0.0,0.0,0.0,3650.0,0.0,,312
579,2018-07-29,0.0,1084.38,0.0,0.0,0.0,0.0,3591.88,0.0,,313
580,2018-07-30,0.0,1083.75,0.0,0.0,0.0,0.0,3543.75,0.0,,314
581,2018-07-31,0.0,1083.13,0.0,0.0,0.0,0.0,3561.25,0.0,,315
582,2018-08-01,0.0,1083.13,0.0,0.0,0.0,0.0,3706.25,0.0,,316
583,2018-08-02,0.0,1082.5,0.0,0.0,0.0,0.0,3561.25,0.0,,317
584,2018-08-03,0.0,1081.88,0.0,0.0,0.0,0.0,3493.13,0.0,,318
585,2018-08-04,0.0,1081.88,0.0,0.0,0.0,0.0,3441.25,0.0,,319
586,2018-08-05,0.0,1081.25,0.0,0.0,0.0,0.0,3400.63,0.0,,320
587,2018-08-06,0.0,1081.25,0.0,0.0,0.0,0.0,3597.5,0.0,,321
588,2018-08-07,0.0,1081.25,0.0,0.0,0.0,0.0,3584.38,0.0,,322
589,2018-08-08,0.0,1080.63,0.0,0.0,0.0,0.0,3535.63,0.0,,323
590,2018-08-09,0.0,1080.63,0.0,0.0,0.0,0.0,3595.63,0.0,,324
591,2018-08-10,0.0,1080.63,0.0,0.0,0.0,0.0,3531.88,0.0,,325
592,2018-08-11,0.0,1080.63,0.0,0.0,0.0,0.0,3569.38,0.0,,326
593,2018-08-12,0.0,1080.0,0.0,0.0,0.0,0.0,3635.63,0.0,,327
594,2018-08-13,0.0,1080.63,0.0,0.0,0.0,0.0,3789.38,0.0,,328
595,2018-08-14,0.0,1080.63,0.0,0.0,0.0,0.0,4107.5,0.0,,329
596,2018-08-15,0.0,1081.25,0.0,0.0,0.0,0.0,3948.13,0.0,,330
597,2018-08-16,0.0,1083.75,0.0,0.0,0.0,0.0,3878.13,0.0,,331
598,2018-08-17,0.0,1091.25,0.0,0.0,0.0,0.0,4140.0,0.0,,332
599,2018-08-18,0.0,1099.38,0.0,0.0,0.0,0.0,4180.63,0.0,,333
600,2018-08-19,0.0,1099.38,0.0,0.0,0.0,0.0,4180.63,0.0,,334
601,2018-08-20,9413.75,1120.0,0.0,15.33,0.0,0.0,3845.63,23.0,inf,335
602,2018-08-21,8304.98,1308.75,0.0,68.52,0.0,0.0,2736.25,544.0,inf,336
603,2018-08-22,8677.4,1369.38,21.0,677.27,0.0,240.75,2682.5,4858.0,2.8131671858774663,337
604,2018-08-23,8399.74,1375.63,19.0,871.66,0.0,260.52,2621.25,4400.0,3.3458467680024566,338
605,2018-08-24,9165.93,1206.25,10.0,505.53,0.0,121.06,3909.38,2200.0,4.175863208326449,339
606,2018-08-25,8155.91,1343.13,10.0,217.9,0.0,23.42,2816.88,1610.0,9.30401366353544,340
607,2018-08-26,7942.11,1390.0,26.0,916.12,0.0,254.88,2191.25,4389.0,3.594318895166353,341
608,2018-08-27,8131.27,1390.0,26.0,1522.91,0.0,388.86,2191.25,5219.0,3.916345214215913,342
609,2018-08-28,7738.98,1399.38,39.0,2054.95,0.0,303.42,1779.38,5560.0,6.772625403730801,343
610,2018-08-29,8914.63,1236.25,39.0,1170.92,0.0,178.57,3808.13,2966.0,6.557204457635661,344
611,2018-08-30,7576.0,1376.25,22.0,659.85,0.0,23.45,2245.63,2883.0,28.13859275053305,345
612,2018-08-31,8959.51,1244.38,19.0,999.47,0.0,130.14,3750.63,3062.0,7.679960043030584,346
613,2018-09-01,7847.89,1184.38,0.0,27.81,0.0,14.1,3371.25,16.0,1.9723404255319148,347
614,2018-09-02,8289.15,1290.63,6.0,191.14,0.0,222.05,3271.88,707.0,0.8607971177662688,348
615,2018-09-03,8889.8,1307.5,6.0,890.03,0.0,653.4,3531.88,3002.0,1.3621518212427304,349
616,2018-09-04,7852.4,1243.13,18.0,354.42,0.0,107.34,3265.0,555.0,3.3018446059250977,350
617,2018-09-05,7972.17,1173.13,3.0,52.74,0.0,19.43,3721.25,29.0,2.714359238291302,351
618,2018-09-06,0.0,1159.38,0.0,0.0,0.0,0.0,3821.25,0.0,,352
619,2018-09-07,0.0,1153.13,0.0,0.0,0.0,0.0,3898.75,0.0,,353
620,2018-09-08,0.0,1149.38,0.0,0.0,0.0,0.0,3966.25,0.0,,354
621,2018-09-09,0.0,1146.88,0.0,0.0,0.0,0.0,4028.75,0.0,,355
622,2018-09-10,7679.36,1378.13,0.0,552.08,0.0,220.24,2255.0,2879.0,2.5067199418815838,356
623,2018-09-11,7855.8,1386.25,12.0,1848.71,0.0,628.82,2287.5,4362.0,2.9399669221716866,357
624,2018-09-12,7492.09,1387.5,24.0,2244.73,0.0,671.38,2231.88,3848.0,3.343456760701838,358
625,2018-09-13,8639.74,1323.13,24.0,2086.22,0.0,738.59,3493.13,3442.0,2.824598220934483,359
626,2018-09-14,7747.49,1340.63,23.0,563.18,0.0,215.9,2826.88,1446.0,2.608522464103751,360
627,2018-09-15,7477.39,1366.25,5.0,1013.45,0.0,450.6,2440.0,2426.0,2.2491122947181537,361
628,2018-09-16,7472.18,1385.0,10.0,1947.25,0.0,787.65,2270.0,3491.0,2.4722275122198947,362
629,2018-09-17,7257.45,1392.5,21.0,2422.32,0.0,969.39,2021.25,3719.0,2.4988085290749855,363
630,2018-09-18,0.0,1392.5,21.0,2422.32,0.0,0.0,2021.25,0.0,inf,364
631,2018-09-19,7210.75,1359.38,27.0,2193.81,0.0,614.69,2215.0,3293.0,3.5689697245766157,365
632,2018-09-20,8177.46,1326.25,22.0,1679.44,0.0,612.63,3140.63,2997.0,2.741361017253481,366
633,2018-09-21,0.0,1206.25,0.0,0.0,0.0,0.0,3752.5,0.0,,367
634,2018-09-22,0.0,1189.38,0.0,0.0,0.0,0.0,3997.5,0.0,,368
635,2018-09-23,8493.45,1216.25,1.0,124.27,0.0,60.11,3277.5,639.0,2.0673764764598235,369
636,2018-09-24,6716.46,1403.75,17.0,974.73,0.0,360.64,1482.5,3062.0,2.702778393966282,370
637,2018-09-25,7063.66,1403.75,41.0,2988.9,0.0,1186.62,1441.88,4618.0,2.5188350103655766,371
638,2018-09-26,6961.92,1397.5,39.0,2968.52,0.0,1050.35,1622.5,4123.0,2.8262198314847433,372
639,2018-09-27,6745.51,1396.25,35.0,2644.8,0.0,910.16,1606.25,3711.0,2.9058627054583814,373
640,2018-09-28,6725.83,1396.25,35.0,2604.45,0.0,984.13,1579.38,3667.0,2.646449147978417,374
641,2018-09-29,6640.36,1396.25,35.0,2572.68,0.0,886.63,1544.38,3624.0,2.9016387895740046,375
642,2018-09-30,7667.8,1390.0,35.0,2543.66,0.0,1047.59,2501.88,3550.0,2.428106415677889,376
643,2018-10-01,6445.49,1373.13,10.0,687.51,0.0,310.98,1671.88,1487.0,2.210785259502219,377
644,2018-10-02,6598.08,1397.5,26.0,1986.17,0.0,705.28,1511.88,3424.0,2.816143942831216,378
645,2018-10-03,6039.6,1381.88,26.0,3347.29,0.0,1298.7,751.87,4148.0,2.577415877415877,379
646,2018-10-04,6009.39,1319.38,45.0,3843.18,0.0,1105.66,710.0,4371.0,3.47591483819619,380
647,2018-10-05,6165.88,1281.25,64.0,3625.24,0.0,1647.22,683.75,4297.0,2.2008232051577807,381
648,2018-10-06,8085.57,1201.25,64.0,3181.8,0.0,1617.97,2704.38,3849.0,1.966538316532445,382
649,2018-10-07,5884.81,1256.25,60.0,2966.39,0.0,1252.53,666.88,4005.0,2.368318523308823,383
650,2018-10-08,5856.13,1231.88,44.0,3441.92,0.0,1144.88,651.88,4155.0,3.006358745021312,384
651,2018-10-09,5917.7,1211.88,64.0,3379.2,0.0,1447.6,639.38,4071.0,2.3343465045592704,385
652,2018-10-10,5935.75,1197.5,64.0,3322.75,0.0,1576.68,631.88,4024.0,2.1074346094324783,386
653,2018-10-11,5928.84,1185.0,64.0,3284.5,0.0,1642.46,624.38,3978.0,1.9997442860100094,387
654,2018-10-12,5705.94,1174.38,64.0,3256.52,0.0,1154.04,616.25,3936.0,2.8218432636650377,388
655,2018-10-13,5741.56,1164.38,64.0,3232.28,0.0,1316.15,612.5,3896.0,2.4558598943889374,389
656,2018-10-14,5656.15,1155.0,64.0,3207.64,0.0,1164.48,604.38,3860.0,2.7545685627919756,390
657,2018-10-15,5901.78,1147.5,64.0,3184.22,0.0,1831.69,600.63,3824.0,1.7384055162172636,391
658,2018-10-16,5752.69,1139.38,64.0,3175.97,0.0,1524.01,595.63,3791.0,2.083956142020065,392
659,2018-10-17,5702.34,1130.63,64.0,3159.81,0.0,1439.41,591.88,3764.0,2.195211927109024,393
660,2018-10-18,5743.69,1128.75,64.0,2490.89,0.0,1772.69,717.5,3166.0,1.4051469800134258,394
661,2018-10-19,5646.87,1128.13,63.0,3157.2,0.0,1219.3,596.25,3816.0,2.5893545476912982,395
662,2018-10-20,5743.58,1113.75,64.0,3185.13,0.0,1655.69,590.0,3701.0,1.9237478030307607,396
663,2018-10-21,5551.09,1102.5,64.0,3160.0,0.0,1257.33,583.13,3657.0,2.5132622302816285,397
664,2018-10-22,6322.13,1081.25,64.0,2879.6,0.0,1224.38,1333.75,3373.0,2.3518842189516325,398
665,2018-10-23,5331.19,1095.0,57.0,2603.56,0.0,1001.76,583.13,3313.0,2.5989857850183675,399
666,2018-10-24,5453.27,1085.0,64.0,3100.68,0.0,1092.38,578.13,3607.0,2.8384628059832653,400
667,2018-10-25,5462.7,1074.38,62.0,3129.51,0.0,1220.75,573.13,3558.0,2.563596149907844,401
668,2018-10-26,4954.16,1074.38,64.0,2135.45,0.0,713.6,585.63,2695.0,2.9925028026905824,402
669,2018-10-27,5510.58,1076.25,41.0,3092.62,0.0,1114.1,579.38,3686.0,2.775890853603806,403
670,2018-10-28,5087.73,1060.63,64.0,2294.47,0.0,899.41,615.0,2792.0,2.5510834880643976,404
671,2018-10-29,5483.96,1072.5,44.0,2754.8,0.0,968.79,697.5,3389.0,2.8435471051517878,405
672,2018-10-30,5247.21,1075.0,51.0,2749.21,0.0,857.34,585.63,3311.0,3.2066741316163947,406
673,2018-10-31,5453.5,1073.75,48.0,2987.54,0.0,1284.0,629.38,3347.0,2.3267445482866043,407
674,2018-11-01,5442.34,1053.13,56.0,3151.2,0.0,1340.0,570.63,3455.0,2.3516417910447758,408
675,2018-11-02,5401.46,1041.88,63.0,3121.91,0.0,1340.0,561.88,3399.0,2.329783582089552,409
676,2018-11-03,5383.08,1038.75,64.0,3088.26,0.0,1320.0,559.38,3380.0,2.339590909090909,410
677,2018-11-04,5364.76,1035.0,64.0,3064.95,0.0,1304.0,555.0,3363.0,2.350421779141104,411
678,2018-11-05,5345.4,1030.0,64.0,3047.56,0.0,1302.0,551.88,3335.0,2.3406758832565284,412
679,2018-11-06,5330.23,1027.5,64.0,3031.08,0.0,1296.0,550.63,3313.0,2.3387962962962963,413
680,2018-11-07,5311.42,1024.38,64.0,3018.11,0.0,1291.0,545.0,3294.0,2.3378079008520527,414
681,2018-11-08,4901.92,1028.13,64.0,1945.25,0.0,827.0,558.13,2499.0,2.3521765417170495,415
682,2018-11-09,5379.87,1026.88,35.0,3038.88,0.0,1299.0,558.13,3380.0,2.339399538106236,416
683,2018-11-10,7140.05,963.75,64.0,2394.15,0.0,1050.0,2409.38,2596.0,2.2801428571428572,417
684,2018-11-11,7114.94,931.25,53.0,507.65,0.0,216.0,2523.75,819.0,2.3502314814814813,418
685,2018-11-12,6609.17,1001.25,16.0,1220.32,0.0,524.0,1753.75,2315.0,2.328854961832061,419
686,2018-11-13,5708.7,1027.5,16.0,2476.0,0.0,1067.0,863.75,3237.0,2.3205248359887536,420
687,2018-11-14,5594.51,1026.25,35.0,2708.26,0.0,1171.0,851.25,3088.0,2.3127754056362084,421
688,2018-11-15,5531.29,1025.63,40.0,2721.51,0.0,1172.0,840.0,3008.0,2.322107508532423,422
689,2018-11-16,5539.28,1021.25,40.0,2429.32,0.0,1047.0,973.13,2689.0,2.320267430754537,423
690,2018-11-17,5331.3,1026.88,37.0,3089.49,0.0,1325.0,568.13,3274.0,2.331690566037736,424
691,2018-11-18,5281.1,1015.0,64.0,3215.69,0.0,1385.0,557.5,3200.0,2.321797833935018,425
692,2018-11-19,5240.23,1001.25,64.0,3161.29,0.0,1359.0,551.25,3162.0,2.3261883738042677,426
693,2018-11-20,5453.77,993.75,64.0,2915.13,0.0,1260.0,798.12,2979.0,2.313595238095238,427
694,2018-11-21,5159.39,993.13,54.0,2904.17,0.0,1241.0,543.13,3064.0,2.3401853344077357,428
695,2018-11-22,5195.0,980.63,53.0,3080.57,0.0,1333.0,540.63,3110.0,2.3110052513128285,429
696,2018-11-23,5147.85,976.88,64.0,3018.74,0.0,1299.0,538.13,3047.0,2.3238953040800614,430
697,2018-11-24,5158.35,966.25,61.0,3052.18,0.0,1318.0,533.13,3069.0,2.3157663125948407,431
698,2018-11-25,5140.38,961.88,64.0,3030.28,0.0,1299.0,528.75,3057.0,2.3327790608160126,432
699,2018-11-26,5124.89,959.38,64.0,3009.54,0.0,1302.0,526.88,3029.0,2.3114746543778804,433
700,2018-11-27,5111.0,956.25,64.0,2996.16,0.0,1289.0,521.25,3023.0,2.3244065166795966,434
701,2018-11-28,4770.77,955.0,64.0,2143.91,0.0,933.0,534.38,2398.0,2.297867095391211,435
702,2018-11-29,5175.28,940.63,64.0,2997.8,0.0,1287.0,531.25,3107.0,2.3292929292929294,436
703,2018-11-30,5092.0,659.37,64.0,2978.61,0.0,1281.0,528.13,2980.0,2.3252224824355974,437
704,2018-12-01,5095.04,543.75,64.0,3018.59,0.0,1297.0,523.75,2993.0,2.3273631457208945,438
705,2018-12-02,5073.74,539.38,64.0,2996.38,0.0,1288.0,521.88,2964.0,2.3263819875776397,439
706,2018-12-03,5055.81,536.25,64.0,2975.59,0.0,1282.0,516.25,2946.0,2.321053042121685,440
707,2018-12-04,5394.17,878.13,64.0,2721.38,0.0,1181.0,858.75,2732.0,2.3043014394580865,441
708,2018-12-05,4975.41,545.0,56.0,2653.41,0.0,1140.0,525.0,2802.0,2.327552631578947,442
709,2018-12-06,6284.37,1175.0,56.0,2236.24,0.0,962.0,1676.88,2427.0,2.3245738045738045,443
710,2018-12-07,6265.68,1756.25,49.0,1846.25,0.0,782.0,1753.75,2081.0,2.3609335038363173,444
711,2018-12-08,6346.07,1794.38,31.0,1076.73,0.0,460.0,1791.25,1586.0,2.3407173913043477,445
712,2018-12-09,4970.6,840.63,23.0,1082.56,0.0,1244.0,813.75,900.0,0.870225080385852,446
713,2018-12-10,5069.03,748.13,15.0,1914.74,0.0,1317.0,725.63,1983.0,1.4538648443432043,447
714,2018-12-11,6477.28,2030.0,31.0,1478.71,0.0,653.0,2028.13,1687.0,2.264486983154671,448
715,2018-12-12,6651.98,2134.38,24.0,597.3,0.0,271.0,2130.0,895.0,2.2040590405904057,449
716,2018-12-13,6656.08,1859.38,9.0,911.1,0.0,434.0,1938.75,1640.0,2.0993087557603687,450
717,2018-12-14,6740.81,2191.88,16.0,1373.61,0.0,586.0,2188.75,1781.0,2.344044368600682,451
718,2018-12-15,5988.36,1646.25,21.0,622.51,0.0,288.0,1454.38,1057.0,2.1614930555555554,452
719,2018-12-16,6853.36,2306.88,9.0,728.45,0.0,319.0,2305.63,1096.0,2.2835423197492166,453
720,2018-12-17,5278.06,671.88,10.0,2237.01,0.0,988.0,646.88,2938.0,2.26418016194332,454
721,2018-12-18,5449.96,1153.75,38.0,1393.41,0.0,633.0,1131.25,1699.0,2.2012796208530805,455
722,2018-12-19,5107.41,912.5,19.0,1290.65,0.0,561.0,888.75,1667.0,2.3006238859180037,456
723,2018-12-20,5247.22,606.25,18.0,3205.07,0.0,1412.0,583.75,3074.0,2.2698796033994335,457
724,2018-12-21,4596.07,601.25,51.0,1799.56,0.0,808.0,578.75,1936.0,2.2271782178217823,458
725,2018-12-22,5213.98,581.88,34.0,3351.8,0.0,1482.0,561.88,3056.0,2.2616734143049935,459
726,2018-12-23,5091.12,567.5,64.0,3349.93,0.0,1448.0,546.25,2923.0,2.3134875690607735,460
727,2018-12-24,4989.15,560.63,64.0,3020.42,0.0,1341.0,540.0,2767.0,2.252363907531693,461
728,2018-12-25,5021.63,550.63,59.0,3230.59,0.0,1392.0,530.63,2858.0,2.3208261494252875,462
729,2018-12-26,4629.36,567.5,64.0,2278.95,0.0,993.0,548.13,2194.0,2.2950151057401813,463
730,2018-12-27,5056.52,547.5,41.0,3148.17,0.0,1358.0,526.25,2926.0,2.318240058910162,464
731,2018-12-28,4967.63,540.0,63.0,3164.14,0.0,1363.0,519.38,2801.0,2.3214526779163607,465
732,2018-12-29,4934.61,533.75,64.0,3127.06,0.0,1346.0,513.75,2765.0,2.323224368499257,466
733,2018-12-30,4912.26,527.5,64.0,3088.46,0.0,1332.0,506.88,2745.0,2.3186636636636635,467
734,2018-12-31,4893.39,523.13,64.0,3050.1,0.0,1318.0,503.13,2724.0,2.3141881638846735,468
735,2019-01-01,4879.14,518.75,64.0,3022.03,0.0,1306.0,501.25,2706.0,2.3139586523736604,469
736,2019-01-02,4856.08,515.0,64.0,3002.09,0.0,1295.0,495.63,2692.0,2.3182162162162165,470
737,2019-01-03,4842.53,513.13,64.0,2980.72,0.0,1281.0,492.5,2682.0,2.326869633099141,471
738,2019-01-04,4830.38,508.75,64.0,2962.44,0.0,1278.0,492.5,2661.0,2.3180281690140845,472
739,2019-01-05,4817.52,506.88,64.0,2944.34,0.0,1271.0,489.38,2648.0,2.316553894571204,473
740,2019-01-06,4806.86,504.38,64.0,2929.55,0.0,1265.0,487.5,2636.0,2.3158498023715417,474
741,2019-01-07,4792.93,501.88,64.0,2909.68,0.0,1260.0,483.13,2622.0,2.3092698412698414,475
742,2019-01-08,4782.58,499.38,64.0,2896.08,0.0,1260.0,481.88,2604.0,2.2984761904761903,476
743,2019-01-09,4771.97,497.5,64.0,2884.56,0.0,1242.0,478.75,2604.0,2.322512077294686,477
744,2019-01-10,4760.08,495.0,64.0,2873.24,0.0,1242.0,476.88,2587.0,2.3133977455716583,478
745,2019-01-11,4750.8,493.13,64.0,2859.68,0.0,1238.0,475.0,2576.0,2.3099192245557347,479
746,2019-01-12,4738.17,490.63,64.0,2848.45,0.0,1233.0,471.88,2564.0,2.310178426601784,480
747,2019-01-13,4729.25,470.63,64.0,2835.47,0.0,1230.0,470.0,2553.0,2.305260162601626,481
748,2019-01-14,4718.24,476.88,64.0,2825.59,0.0,1224.0,468.13,2542.0,2.308488562091503,482
749,2019-01-15,4709.74,485.0,64.0,2816.6,0.0,1220.0,466.88,2531.0,2.308688524590164,483
750,2019-01-16,4700.09,481.88,64.0,2804.65,0.0,1216.0,465.0,2520.0,2.306455592105263,484
751,2019-01-17,4689.42,480.63,64.0,2793.42,0.0,1212.0,462.5,2509.0,2.30480198019802,485
752,2019-01-18,4682.21,473.13,64.0,2778.87,0.0,1210.0,461.25,2498.0,2.296586776859504,486
753,2019-01-19,4667.22,473.75,64.0,2768.65,0.0,1204.0,459.38,2487.0,2.299543189368771,487
754,2019-01-20,4657.8,475.0,64.0,2757.48,0.0,1199.0,458.13,2476.0,2.299816513761468,488
755,2019-01-21,4643.96,471.88,64.0,2745.99,0.0,1195.0,454.38,2463.0,2.297899581589958,489
756,2019-01-22,4632.04,470.0,64.0,2732.13,0.0,1191.0,450.63,2452.0,2.2939798488664986,490
757,2019-01-23,4621.87,467.5,64.0,2719.49,0.0,1185.0,449.38,2439.0,2.294928270042194,491
758,2019-01-24,4612.35,465.0,64.0,2706.88,0.0,1187.0,448.75,2422.0,2.2804380791912386,492
759,2019-01-25,4604.22,462.5,64.0,2693.27,0.0,1169.0,446.25,2423.0,2.303909324208725,493
760,2019-01-26,4591.98,459.38,64.0,2679.67,0.0,1170.0,445.0,2403.0,2.2903162393162395,494
761,2019-01-27,4577.86,455.0,64.0,2664.8,0.0,1164.0,441.25,2390.0,2.289347079037801,495
762,2019-01-28,4569.16,455.0,64.0,2652.6,0.0,1160.0,440.0,2379.0,2.2867241379310346,496
763,2019-01-29,4481.98,376.88,64.0,2068.36,0.0,902.0,598.75,1845.0,2.2930820399113085,497
764,2019-01-30,4674.95,450.63,64.0,2595.83,0.0,1134.0,440.63,2523.0,2.2890917107583775,498
765,2019-01-31,4570.53,445.63,64.0,2661.74,6.17,1152.0,439.38,2391.0,2.3105381944444443,499
766,2019-02-01,4541.97,450.63,64.0,2656.9,0.0,1152.0,435.63,2356.0,2.3063368055555555,500
767,2019-02-02,4527.12,446.88,64.0,2636.76,0.0,1150.0,433.13,2335.0,2.2928347826086957,501
768,2019-02-03,4513.78,443.75,64.0,2616.43,0.0,1132.0,431.25,2331.0,2.311333922261484,502
769,2019-02-04,4497.85,441.88,64.0,2600.9,0.0,1131.0,427.5,2312.0,2.2996463306808135,503
770,2019-02-05,4484.45,439.38,64.0,2584.83,0.0,1124.0,425.0,2298.0,2.299670818505338,504
771,2019-02-06,4405.2,438.13,64.0,2391.63,0.0,1055.0,424.38,2166.0,2.2669478672985783,505
772,2019-02-07,4472.67,432.5,64.0,2545.53,0.02,1103.0,419.38,2293.0,2.3078241160471444,506
773,2019-02-08,4326.37,382.5,64.0,2138.49,25.43,966.0,419.38,2023.0,2.213757763975155,507
774,2019-02-09,4474.21,432.5,64.0,2523.37,0.03,1090.0,417.5,2300.0,2.315018348623853,508
775,2019-02-10,4440.19,428.75,64.0,2531.49,0.46,1096.0,415.0,2258.0,2.309753649635036,509
776,2019-02-11,4419.79,421.25,64.0,2512.22,0.21,1096.0,411.25,2231.0,2.292171532846715,510
777,2019-02-12,4407.62,384.38,64.0,2492.29,0.1,1089.0,409.38,2216.0,2.2886042240587696,511
778,2019-02-13,4338.06,423.13,64.0,2251.26,0.12,1027.0,408.13,2071.0,2.19207400194742,512
779,2019-02-14,4405.58,410.63,64.0,2444.14,16.1,1067.0,399.38,2231.0,2.2906654170571694,513
780,2019-02-15,4368.21,408.13,64.0,2462.52,0.0,1078.0,394.38,2194.0,2.2843413729128015,514
781,2019-02-16,4351.66,404.38,64.0,2445.07,0.0,1074.0,390.63,2176.0,2.2766014897579145,515
782,2019-02-17,4327.66,399.38,64.0,2414.49,0.0,1063.0,385.0,2152.0,2.2713922859830666,516
783,2019-02-18,4308.94,263.13,64.0,2373.53,0.1,1048.0,380.63,2131.0,2.2648187022900763,517
784,2019-02-19,4293.81,387.5,64.0,2331.44,15.73,1031.0,376.88,2113.0,2.2613385063045586,518
785,2019-02-20,4298.97,349.38,64.0,2226.74,77.46,1021.0,373.13,2091.0,2.1809402546523016,519
786,2019-02-21,4246.47,381.25,64.0,2285.11,94.84,999.0,366.25,2077.0,2.2873973973973976,520
787,2019-02-22,4193.3,374.38,64.0,2188.65,133.33,968.0,361.25,2004.0,2.2610020661157026,521
788,2019-02-23,4210.53,371.25,64.0,2189.65,202.19,970.0,356.88,2030.0,2.2573711340206186,522
789,2019-02-24,4156.15,366.25,64.0,2122.9,209.71,937.0,353.75,1965.0,2.2656350053361796,523
790,2019-02-25,4156.96,361.88,64.0,2126.17,14.4,937.0,350.63,1974.0,2.2691248665955177,524
791,2019-02-26,4146.97,360.0,64.0,2129.92,3.53,937.0,347.5,1970.0,2.2731270010672358,525
792,2019-02-27,4133.2,355.63,64.0,2096.75,19.13,928.0,343.13,1953.0,2.2594288793103448,526
793,2019-02-28,4136.76,351.25,64.0,2035.98,59.29,922.0,341.88,1935.0,2.20822125813449,527
794,2019-03-01,4098.96,350.63,64.0,2058.35,17.74,912.0,336.25,1919.0,2.2569627192982455,528
795,2019-03-02,3998.75,318.75,64.0,2015.27,0.0,887.0,307.5,1859.0,2.272006764374295,529
796,2019-03-03,3943.45,318.75,64.0,1826.03,0.01,814.0,305.63,1754.0,2.2432800982800982,530
797,2019-03-04,4137.81,323.13,64.0,1250.32,345.59,693.0,308.75,1627.0,1.8042135642135642,531
798,2019-03-05,4157.96,313.13,64.0,1590.44,295.84,827.0,311.88,1823.0,1.923143893591294,532
799,2019-03-06,4088.0,318.75,64.0,1655.49,214.74,814.0,315.63,1789.0,2.033771498771499,533
800,2019-03-07,4091.12,325.63,64.0,1695.22,75.88,839.0,313.75,1804.0,2.0205244338498214,534
801,2019-03-08,5352.05,1039.38,64.0,1571.78,30.44,816.0,1042.5,1782.0,1.926200980392157,535
802,2019-03-09,5352.05,337.5,64.0,-94.48,1297.65,617.0,323.75,1448.0,-0.15312803889789303,536
803,2019-03-10,4189.92,333.75,64.0,1692.31,0.77,865.0,323.13,1879.0,1.9564277456647399,537
804,2019-03-11,4568.67,336.25,64.0,1023.42,626.43,807.0,323.13,1768.0,1.26817843866171,538
805,2019-03-12,4253.71,399.38,64.0,1023.88,265.9,490.0,371.88,1527.0,2.0895510204081633,539
806,2019-03-13,4411.39,335.63,64.0,1735.75,90.0,447.0,321.88,2483.0,3.8831096196868007,540
807,2019-03-14,4248.8,347.5,64.0,1678.78,139.51,474.0,334.38,2202.0,3.541729957805907,541
808,2019-03-15,4215.55,343.75,64.0,1598.54,163.34,724.0,331.88,1931.0,2.20792817679558,542
809,2019-03-16,4121.81,328.13,64.0,1623.01,1.9,748.0,317.5,1852.0,2.169799465240642,543
810,2019-03-17,4114.05,323.75,64.0,1638.2,53.56,828.0,316.25,1796.0,1.9785024154589372,544
811,2019-03-18,4101.89,325.0,64.0,1683.95,0.87,848.0,316.25,1798.0,1.9857900943396227,545
812,2019-03-19,4146.97,364.38,64.0,1584.56,207.29,827.0,350.63,1720.0,1.9160338573155984,546
813,2019-03-20,4148.99,355.0,64.0,1621.11,423.87,799.0,343.13,1786.0,2.02892365456821,547
814,2019-03-21,4128.6,353.75,64.0,1611.72,360.44,832.0,340.63,1736.0,1.9371634615384616,548
815,2019-03-22,4115.14,352.5,64.0,1601.88,399.04,829.0,339.38,1721.0,1.9323039806996383,549
816,2019-03-23,4110.48,351.88,64.0,1606.9,350.79,828.0,339.38,1720.0,1.9407004830917876,550
817,2019-03-24,4014.66,325.0,64.0,1500.75,162.05,769.0,313.13,1635.0,1.9515604681404422,551
818,2019-03-25,4061.17,324.38,64.0,1656.99,148.74,840.0,311.25,1749.0,1.9726071428571428,552
819,2019-03-26,4098.04,354.38,64.0,1634.43,321.89,829.0,342.5,1717.0,1.9715681544028951,553
820,2019-03-27,4023.16,323.75,64.0,1602.72,493.57,812.0,309.38,1696.0,1.9737931034482759,554
821,2019-03-28,4139.2,340.63,64.0,1535.41,240.07,832.0,330.0,1716.0,1.8454447115384616,555
822,2019-03-29,4088.66,340.63,64.0,1561.14,298.29,821.0,328.75,1690.0,1.901510353227771,556
823,2019-03-30,4580.03,636.88,64.0,1576.03,97.5,830.0,588.75,1702.0,1.8988313253012048,557
824,2019-03-31,4019.63,321.88,64.0,1490.48,9.17,782.0,309.38,1631.0,1.9059846547314578,558
825,2019-04-01,4038.38,320.0,64.0,1553.12,26.85,835.0,307.5,1662.0,1.8600239520958082,559
826,2019-04-02,4041.5,318.75,64.0,1583.72,14.3,835.0,306.25,1690.0,1.8966706586826347,560
827,2019-04-03,4023.53,317.5,64.0,1588.81,0.22,821.0,306.25,1687.0,1.9352131546894031,561
828,2019-04-04,4012.96,316.88,64.0,1581.63,0.0,823.0,305.0,1671.0,1.9217861482381533,562
829,2019-04-05,4008.35,315.0,64.0,1572.89,0.0,819.0,304.38,1664.0,1.9205006105006106,563
830,2019-04-06,4027.1,328.13,64.0,1547.27,106.77,809.0,316.25,1646.0,1.9125710754017304,564
831,2019-04-07,4052.97,347.5,64.0,1510.52,391.11,788.0,335.63,1622.0,1.9169035532994925,565
832,2019-04-08,4050.94,346.88,64.0,1495.71,499.93,780.0,335.0,1616.0,1.917576923076923,566
833,2019-04-09,4050.11,346.25,64.0,1484.85,498.51,778.0,334.38,1610.0,1.9085475578406168,567
834,2019-04-10,5571.16,1392.5,64.0,606.64,205.59,320.0,1388.75,662.0,1.89575,568
835,2019-04-11,0.0,1580.63,64.0,0.0,0.0,0.0,1577.5,0.0,,569
836,2019-04-12,0.0,1732.5,64.0,0.0,0.0,0.0,1730.63,0.0,,570
837,2019-04-13,0.0,1839.38,64.0,0.0,0.0,0.0,1836.25,0.0,,571
838,2019-04-14,0.0,1888.13,64.0,0.0,0.0,0.0,1887.5,0.0,,572
839,2019-04-15,0.0,1899.38,64.0,0.0,0.0,0.0,1970.0,0.0,,573
840,2019-04-16,0.0,2026.88,64.0,0.0,0.0,0.0,2025.0,0.0,,574
841,2019-04-17,5571.16,2078.75,64.0,-6.33,7.08,39.0,2076.88,0.0,-0.16230769230769232,575
842,2019-04-18,4756.87,470.63,64.0,852.78,167.87,456.0,455.0,1713.0,1.8701315789473683,576
843,2019-04-19,4780.78,411.25,64.0,1963.96,283.27,996.0,396.25,2588.0,1.971847389558233,577
844,2019-04-20,4429.92,380.63,64.0,1942.21,249.4,993.0,368.75,2143.0,1.955901309164149,578
845,2019-04-21,4275.63,365.0,64.0,1845.47,249.79,953.0,353.13,1951.0,1.9364847848898217,579
846,2019-04-22,4216.79,358.13,64.0,1729.1,244.02,895.0,346.25,1862.0,1.9319553072625697,580
847,2019-04-23,4181.49,347.5,64.0,1643.56,229.39,787.0,333.75,1870.0,2.0883862770012707,581
848,2019-04-24,4130.62,340.63,64.0,1683.11,249.88,876.0,328.13,1784.0,1.9213584474885843,582
849,2019-04-25,4070.66,321.88,64.0,1674.65,155.7,870.0,308.75,1754.0,1.9248850574712644,583
850,2019-04-26,4068.21,318.75,64.0,1675.14,20.59,817.0,307.5,1797.0,2.050354957160343,584
851,2019-04-27,4021.06,315.63,64.0,1686.15,0.58,841.0,304.38,1738.0,2.004934601664685,585
852,2019-04-28,4004.74,313.13,64.0,1670.37,0.22,830.0,301.25,1724.0,2.0124939759036145,586
853,2019-04-29,3990.78,310.63,64.0,1652.69,0.0,827.0,298.75,1704.0,1.9984159613059251,587
854,2019-04-30,3967.43,329.38,64.0,1598.13,185.79,750.0,317.5,1660.0,2.13084,588
855,2019-05-01,3443.68,327.5,64.0,1583.69,321.57,688.0,0.63,1693.0,2.301875,589
856,2019-05-02,3955.06,325.0,64.0,1573.59,300.1,684.0,315.63,1686.0,2.3005701754385965,590
857,2019-05-03,3920.71,321.25,64.0,1591.45,174.83,737.0,309.38,1634.0,2.1593622795115333,591
858,2019-05-04,3999.06,303.13,64.0,1554.75,11.72,490.0,292.5,1917.0,3.1729591836734694,592
859,2019-05-05,3876.36,301.25,64.0,1595.29,0.01,735.0,289.38,1632.0,2.1704625850340133,593
860,2019-05-06,5587.97,1469.38,64.0,506.94,0.0,238.0,1467.5,517.0,2.13,594
861,2019-05-07,3986.51,322.5,64.0,937.69,2.15,458.0,310.0,1320.0,2.0473580786026204,595
862,2019-05-08,4054.48,319.38,64.0,1583.19,0.59,718.0,306.25,1796.0,2.205,596
863,2019-05-09,3980.01,330.63,64.0,1666.24,56.17,788.0,318.13,1689.0,2.114517766497462,597
864,2019-05-10,3903.72,304.38,64.0,1613.96,99.46,774.0,292.5,1638.0,2.085219638242894,598
865,2019-05-11,3869.67,303.75,64.0,1625.31,2.03,764.0,290.0,1621.0,2.1273691099476437,599
866,2019-05-12,3860.28,300.63,64.0,1606.38,1.33,754.0,290.63,1605.0,2.130477453580902,600
867,2019-05-13,3886.69,316.25,64.0,1575.48,6.36,750.0,302.5,1591.0,2.10064,601
868,2019-05-14,3837.33,296.25,64.0,1551.14,85.29,741.0,285.63,1566.0,2.093306342780027,602
869,2019-05-15,3889.68,319.38,64.0,1545.76,14.93,727.0,307.5,1581.0,2.126217331499312,603
870,2019-05-16,3823.2,293.75,64.0,1525.0,137.47,721.0,283.13,1554.0,2.115117891816921,604
871,2019-05-17,3836.1,292.5,64.0,1517.05,26.48,725.0,281.88,1559.0,2.0924827586206898,605
872,2019-05-18,3826.12,290.0,64.0,1504.02,28.49,722.0,279.38,1549.0,2.0831301939058173,606
873,2019-05-19,3822.37,289.38,64.0,1493.76,31.4,717.0,278.75,1543.0,2.083347280334728,607
874,2019-05-20,3816.72,286.88,64.0,1507.54,6.49,714.0,275.63,1556.0,2.1114005602240895,608
875,2019-05-21,3832.03,286.88,64.0,1497.52,2.78,712.0,273.75,1570.0,2.103258426966292,609
876,2019-05-22,3861.98,286.88,64.0,1434.96,1.02,677.0,278.75,1570.0,2.119586410635155,610
877,2019-05-23,3831.14,285.63,64.0,1503.2,0.7,710.0,276.25,1570.0,2.1171830985915494,611
878,2019-05-24,3822.33,285.0,64.0,1493.99,2.74,689.0,276.25,1570.0,2.168345428156749,612
879,2019-05-25,3820.33,294.38,64.0,1502.73,7.98,673.0,284.38,1570.0,2.2328826151560177,613
880,2019-05-26,3820.73,283.13,64.0,1530.07,9.26,730.0,272.5,1570.0,2.0959863013698627,614
881,2019-05-27,3840.46,280.63,64.0,1468.52,9.21,704.0,270.0,1570.0,2.085965909090909,615
882,2019-05-28,3845.15,280.0,64.0,1443.07,17.21,691.0,268.13,1570.0,2.0883791606367583,616
883,2019-05-29,3774.16,279.38,64.0,1464.4,0.01,686.0,270.0,1515.0,2.1346938775510207,617
884,2019-05-30,3746.97,277.5,64.0,1463.31,2.82,678.0,268.13,1497.0,2.1582743362831858,618
885,2019-05-31,3738.42,276.88,64.0,1455.47,5.26,682.0,267.5,1481.0,2.1341202346041057,619
886,2019-06-01,4263.82,591.88,56.0,1232.89,3.3,525.0,584.38,1289.0,2.348361904761905,620
887,2019-06-02,4655.66,564.38,37.0,1797.62,1.58,539.0,555.0,2255.0,3.3351020408163263,621
888,2019-06-03,4073.95,293.13,40.0,1791.47,0.0,654.0,283.75,2047.0,2.739250764525994,622
889,2019-06-04,3817.21,268.75,62.0,1552.82,0.5,161.0,259.38,2002.0,9.644844720496893,623
890,2019-06-05,3770.52,268.13,63.0,1408.0,4.56,407.0,257.5,1717.0,3.4594594594594597,624
891,2019-06-06,3728.06,270.0,64.0,1372.09,25.61,651.0,258.75,1451.0,2.1076651305683565,625
892,2019-06-07,3711.48,270.0,64.0,1397.4,1.8,659.0,260.0,1447.0,2.120485584218513,626
893,2019-06-08,3732.72,272.5,64.0,1394.29,2.89,659.0,263.75,1456.0,2.1157663125948405,627
894,2019-06-09,3752.16,278.75,64.0,1378.47,15.12,662.0,268.75,1450.0,2.082280966767372,628
895,2019-06-10,3735.25,270.0,64.0,1373.82,13.62,664.0,260.63,1445.0,2.0690060240963852,629
896,2019-06-11,3710.57,270.0,64.0,1409.77,0.0,680.0,260.0,1439.0,2.0731911764705884,630
897,2019-06-12,3693.23,268.13,64.0,1409.32,0.0,676.0,259.38,1426.0,2.084792899408284,631
898,2019-06-13,3687.4,268.75,64.0,1406.51,0.01,661.0,260.0,1429.0,2.1278517397881997,632
899,2019-06-14,3682.44,267.5,64.0,1404.4,2.77,658.0,259.38,1426.0,2.1343465045592707,633
900,2019-06-15,3674.72,267.5,64.0,1398.02,7.73,662.0,256.88,1416.0,2.111812688821752,634
901,2019-06-16,3682.88,268.13,64.0,1396.81,5.75,648.0,258.75,1430.0,2.155570987654321,635
902,2019-06-17,3673.8,266.88,64.0,1395.87,2.48,662.0,258.13,1411.0,2.1085649546827794,636
903,2019-06-18,3673.18,266.88,64.0,1394.52,1.14,644.0,256.88,1426.0,2.1654037267080746,637
904,2019-06-19,3657.38,266.88,64.0,1395.69,0.0,616.0,256.25,1435.0,2.2657305194805195,638
905,2019-06-20,3653.95,266.25,64.0,1393.61,1.47,581.0,256.25,1462.0,2.398640275387263,639
906,2019-06-21,3644.22,266.25,64.0,1385.48,7.94,628.0,258.13,1402.0,2.2061783439490448,640
907,2019-06-22,3628.19,266.25,57.0,1293.18,9.11,580.0,256.25,1358.0,2.2296206896551727,641
908,2019-06-23,3670.08,265.63,64.0,1388.95,0.55,606.0,256.88,1449.0,2.291996699669967,642
909,2019-06-24,3701.2,265.63,64.0,1384.93,3.73,425.0,255.63,1624.0,3.258658823529412,643
910,2019-06-25,3640.49,265.0,64.0,1378.98,8.72,626.0,256.25,1399.0,2.202843450479233,644
911,2019-06-26,3629.61,263.75,64.0,1380.15,1.9,625.0,254.38,1396.0,2.20824,645
912,2019-06-27,3771.62,263.13,64.0,1373.91,1.29,264.0,253.75,1797.0,5.204204545454545,646
913,2019-06-28,3666.36,261.25,64.0,1367.83,1.48,484.0,253.13,1539.0,2.826095041322314,647
914,2019-06-29,3645.64,261.25,64.0,1352.15,3.98,589.0,253.13,1419.0,2.2956706281833617,648
915,2019-06-30,3634.85,260.0,64.0,1350.24,4.16,581.0,250.0,1423.0,2.3239931153184163,649
916,2019-07-01,3685.38,260.0,64.0,1340.55,0.41,547.0,250.63,1487.0,2.4507312614259598,650
917,2019-07-02,3693.64,260.63,64.0,1331.52,4.42,539.0,252.5,1490.0,2.470352504638219,651
918,2019-07-03,3620.43,278.13,56.0,1189.46,8.7,551.0,269.38,1262.0,2.1587295825771324,652
919,2019-07-04,3688.63,264.38,63.0,1403.85,9.56,644.0,256.25,1449.0,2.179891304347826,653
920,2019-07-05,3638.39,260.63,64.0,1369.58,5.17,620.0,253.13,1401.0,2.209,654
921,2019-07-06,3614.26,259.38,64.0,1382.64,1.2,612.0,251.25,1400.0,2.25921568627451,655
922,2019-07-07,3610.17,258.75,64.0,1367.58,1.07,620.0,250.0,1381.0,2.205774193548387,656
923,2019-07-08,3592.85,257.5,64.0,1376.92,5.07,617.0,248.75,1377.0,2.2316369529983793,657
924,2019-07-09,3592.22,257.5,64.0,1367.77,10.65,614.0,248.75,1372.0,2.2276384364820845,658
925,2019-07-10,3587.15,256.25,64.0,1363.7,9.97,612.0,248.75,1367.0,2.2282679738562092,659
926,2019-07-11,3583.61,255.63,64.0,1361.49,3.23,609.0,247.5,1367.0,2.235615763546798,660
927,2019-07-12,3580.12,256.25,64.0,1353.52,9.69,618.0,246.25,1352.0,2.1901618122977347,661
928,2019-07-13,5035.89,1037.5,60.0,1228.48,0.69,543.0,1037.5,1225.0,2.2623941068139963,662
929,2019-07-14,3614.16,258.13,49.0,1204.5,0.05,555.0,248.75,1307.0,2.17027027027027,663
930,2019-07-15,3613.53,258.13,64.0,1368.35,0.0,609.0,248.75,1396.0,2.24688013136289,664
931,2019-07-16,3584.89,258.13,64.0,1375.88,0.1,609.0,250.0,1374.0,2.2592446633825944,665
932,2019-07-17,3586.37,257.5,64.0,1363.71,2.4,589.0,248.13,1387.0,2.315297113752122,666
933,2019-07-18,3551.98,262.5,51.0,1152.91,6.04,410.0,252.5,1325.0,2.811975609756098,667
934,2019-07-19,3688.25,255.63,64.0,1365.67,10.41,413.0,246.88,1624.0,3.306707021791768,668
935,2019-07-20,3574.09,256.25,64.0,1366.67,3.32,613.0,247.5,1359.0,2.2294779771615008,669
936,2019-07-21,4196.77,554.38,64.0,1361.58,8.19,610.0,549.38,1342.0,2.2320983606557374,670
937,2019-07-22,3677.52,263.13,43.0,1413.48,9.79,678.0,253.13,1425.0,2.084778761061947,671
938,2019-07-23,3634.78,256.25,64.0,1379.87,27.74,423.0,247.5,1577.0,3.262104018912529,672
939,2019-07-24,3552.26,253.75,64.0,1354.35,7.95,614.0,245.63,1333.0,2.2057817589576545,673
940,2019-07-25,3544.13,251.88,64.0,1346.53,0.0,606.0,243.75,1331.0,2.221996699669967,674
941,2019-07-26,3547.27,252.5,64.0,1337.0,1.61,603.0,243.75,1328.0,2.217247097844113,675
942,2019-07-27,3552.46,251.25,64.0,1326.39,7.86,601.0,244.38,1325.0,2.2069717138103164,676
943,2019-07-28,3545.85,248.75,64.0,1324.13,8.11,598.0,243.75,1321.0,2.214264214046823,677
944,2019-07-29,3542.42,250.0,64.0,1315.78,9.02,597.0,241.88,1316.0,2.2039865996649914,678
945,2019-07-30,3611.67,251.88,64.0,1264.66,19.77,467.0,241.88,1445.0,2.708051391862955,679
