,Well Name,Time,BHP
0,Foraker 10UMH,04/04/2019,5264.0
1,Foraker 10UMH,04/05/2019,4591.0
2,Foraker 10UMH,04/06/2019,4246.0
3,Foraker 10UMH,04/07/2019,3996.0
4,Foraker 10UMH,04/08/2019,3745.0
5,Foraker 10UMH,04/09/2019,3512.0
6,Foraker 10UMH,04/10/2019,3181.0
7,Foraker 10UMH,04/11/2019,2949.0
8,Foraker 10UMH,04/12/2019,2614.0
9,Foraker 10UMH,04/13/2019,2359.0
10,Foraker 10UMH,04/14/2019,2090.0
11,Foraker 10UMH,04/15/2019,1886.0
12,Foraker 10UMH,04/16/2019,1805.0
13,Foraker 10UMH,04/17/2019,1701.0
14,Foraker 10UMH,04/18/2019,1616.0
15,Foraker 10UMH,04/19/2019,1505.0
16,Foraker 10UMH,04/20/2019,1428.0
17,Foraker 10UMH,04/21/2019,1364.0
18,Foraker 10UMH,04/22/2019,1310.0
19,Foraker 10UMH,04/23/2019,1240.0
20,Foraker 10UMH,04/24/2019,1204.0
21,Foraker 10UMH,04/25/2019,1175.0
22,Foraker 10UMH,04/26/2019,1141.0
23,Foraker 10UMH,04/27/2019,1096.0
24,Foraker 10UMH,04/28/2019,1081.0
25,Foraker 10UMH,04/29/2019,1059.0
26,Foraker 10UMH,04/30/2019,1022.0
27,Foraker 10UMH,05/01/2019,1003.0
28,Foraker 10UMH,05/02/2019,984.0
29,Foraker 10UMH,05/03/2019,965.0
30,Foraker 10UMH,05/04/2019,952.0
31,Foraker 10UMH,05/05/2019,923.0
32,Foraker 10UMH,05/06/2019,918.0
33,Foraker 10UMH,05/07/2019,890.0
34,Foraker 10UMH,05/08/2019,870.0
35,Foraker 10UMH,05/09/2019,857.0
36,Foraker 10UMH,05/10/2019,842.0
37,Foraker 10UMH,05/11/2019,830.0
38,Foraker 10UMH,05/12/2019,801.0
39,Foraker 10UMH,05/13/2019,761.0
40,Foraker 10UMH,05/14/2019,750.0
41,Foraker 10UMH,05/15/2019,726.0
42,Foraker 10UMH,05/16/2019,711.0
43,Foraker 10UMH,05/17/2019,693.0
44,Foraker 10UMH,05/18/2019,686.0
45,Foraker 10UMH,05/19/2019,668.0
46,Foraker 10UMH,05/20/2019,731.0
47,Foraker 10UMH,05/21/2019,671.0
48,Foraker 10UMH,05/22/2019,642.0
49,Foraker 10UMH,05/23/2019,614.0
50,Foraker 10UMH,05/24/2019,609.0
51,Foraker 10UMH,05/25/2019,616.0
52,Foraker 10UMH,05/26/2019,601.0
53,Foraker 10UMH,05/27/2019,591.0
54,Foraker 10UMH,05/28/2019,575.0
55,Foraker 10UMH,05/29/2019,546.0
56,Foraker 10UMH,05/30/2019,554.0
57,Foraker 10UMH,05/31/2019,542.0
58,Foraker 10UMH,06/01/2019,553.0
59,Foraker 10UMH,06/02/2019,490.0
60,Foraker 10UMH,06/03/2019,493.0
61,Foraker 10UMH,06/04/2019,486.0
62,Foraker 10UMH,06/05/2019,439.0
63,Foraker 10UMH,06/06/2019,429.0
64,Foraker 10UMH,06/07/2019,420.0
65,Foraker 10UMH,06/08/2019,426.0
66,Foraker 10UMH,06/09/2019,407.0
67,Foraker 10UMH,06/10/2019,395.0
68,Foraker 10UMH,06/11/2019,398.0
69,Foraker 10UMH,06/12/2019,390.0
70,Foraker 10UMH,06/13/2019,370.0
71,Foraker 10UMH,06/14/2019,365.0
72,Foraker 10UMH,06/15/2019,449.0
73,Foraker 10UMH,06/16/2019,453.0
74,Foraker 10UMH,06/17/2019,398.0
75,Foraker 10UMH,06/18/2019,417.0
76,Foraker 10UMH,06/19/2019,400.0
77,Foraker 10UMH,06/20/2019,373.0
78,Foraker 10UMH,06/21/2019,381.0
79,Foraker 10UMH,06/22/2019,375.0
80,Foraker 10UMH,06/23/2019,344.0
81,Foraker 10UMH,06/24/2019,349.0
82,Foraker 10UMH,06/25/2019,361.0
83,Foraker 10UMH,06/26/2019,344.0
84,Foraker 10UMH,06/27/2019,328.0
85,Foraker 10UMH,06/28/2019,311.0
86,Foraker 10UMH,06/29/2019,323.0
87,Foraker 10UMH,06/30/2019,302.0
88,Foraker 10UMH,07/01/2019,287.0
89,Foraker 10UMH,07/02/2019,138.0
90,Foraker 10UMH,07/03/2019,927.0
91,Foraker 10UMH,07/04/2019,595.0
92,Foraker 10UMH,07/05/2019,581.0
93,Foraker 10UMH,07/06/2019,573.0
94,Foraker 10UMH,07/07/2019,587.0
95,Foraker 10UMH,07/08/2019,579.0
96,Foraker 10UMH,07/09/2019,580.0
97,Foraker 10UMH,07/10/2019,563.0
98,Foraker 10UMH,07/11/2019,552.0
99,Foraker 10UMH,07/12/2019,563.0
100,Foraker 10UMH,07/13/2019,541.0
101,Foraker 10UMH,07/14/2019,558.0
102,Foraker 10UMH,07/15/2019,549.0
103,Foraker 10UMH,07/16/2019,561.0
104,Foraker 10UMH,07/17/2019,569.0
105,Foraker 10UMH,07/18/2019,568.0
106,Foraker 10UMH,07/19/2019,548.0
107,Foraker 10UMH,07/20/2019,546.0
108,Foraker 10UMH,07/21/2019,556.0
109,Foraker 10UMH,07/22/2019,530.0
110,Foraker 10UMH,07/23/2019,545.0
111,Foraker 10UMH,07/24/2019,161.0
112,Foraker 10UMH,07/25/2019,513.0
113,Foraker 10UMH,07/26/2019,511.0
114,Foraker 10UMH,07/27/2019,522.0
115,Foraker 10UMH,07/28/2019,539.0
116,Foraker 10UMH,07/29/2019,524.0
117,Foraker 10UMH,07/30/2019,542.0
118,Foraker 10UMH,07/31/2019,537.0
119,Foraker 10UMH,08/01/2019,513.0
120,Foraker 10UMH,08/02/2019,506.0
121,Foraker 10UMH,08/03/2019,501.0
122,Foraker 10UMH,08/04/2019,489.0
123,Foraker 10UMH,08/05/2019,482.0
124,Foraker 10UMH,08/06/2019,486.0
125,Foraker 10UMH,08/07/2019,511.0
126,Foraker 10UMH,08/08/2019,512.0
127,Foraker 10UMH,08/09/2019,518.0
128,Foraker 10UMH,08/10/2019,516.0
129,Foraker 10UMH,08/11/2019,518.0
130,Foraker 10UMH,08/12/2019,520.0
131,Foraker 10UMH,08/13/2019,519.0
132,Foraker 10UMH,08/14/2019,521.0
133,Foraker 10UMH,08/15/2019,614.0
134,Foraker 10UMH,08/16/2019,129.0
135,Foraker 10UMH,08/17/2019,129.0
136,Foraker 10UMH,08/18/2019,812.0
137,Foraker 10UMH,08/19/2019,143.0
138,Foraker 10UMH,08/20/2019,135.0
139,Foraker 10UMH,08/21/2019,897.0
140,Foraker 10UMH,08/22/2019,172.0
141,Foraker 10UMH,08/23/2019,350.0
142,Foraker 10UMH,08/24/2019,547.0
143,Foraker 10UMH,08/25/2019,495.0
144,Foraker 10UMH,08/26/2019,476.0
145,Foraker 10UMH,08/27/2019,511.0
146,Foraker 10UMH,08/28/2019,481.0
147,Foraker 10UMH,08/29/2019,464.0
148,Foraker 10UMH,08/30/2019,463.0
149,Foraker 10UMH,08/31/2019,447.0
150,Foraker 10UMH,09/01/2019,449.0
151,Foraker 10UMH,09/02/2019,443.0
152,Foraker 10UMH,09/03/2019,444.0
153,Foraker 10UMH,09/04/2019,449.0
154,Foraker 10UMH,09/05/2019,449.0
155,Foraker 10UMH,09/06/2019,444.0
156,Foraker 10UMH,09/07/2019,441.0
157,Foraker 10UMH,09/08/2019,449.0
158,Foraker 10UMH,09/09/2019,425.0
159,Foraker 10UMH,09/10/2019,436.0
160,Foraker 10UMH,09/11/2019,443.0
161,Foraker 10UMH,09/12/2019,458.0
162,Foraker 10UMH,09/13/2019,459.0
163,Foraker 10UMH,09/14/2019,463.0
164,Foraker 10UMH,09/15/2019,465.0
165,Foraker 10UMH,09/16/2019,461.0
166,Foraker 10UMH,09/17/2019,461.0
167,Foraker 10UMH,09/18/2019,462.0
168,Foraker 10UMH,09/19/2019,467.0
169,Foraker 10UMH,09/20/2019,462.0
170,Foraker 10UMH,09/21/2019,457.0
171,Foraker 10UMH,09/22/2019,457.0
172,Foraker 10UMH,09/23/2019,457.0
173,Foraker 10UMH,09/24/2019,455.0
174,Foraker 10UMH,09/25/2019,463.0
175,Foraker 10UMH,09/26/2019,457.0
176,Foraker 11SMH,04/04/2019,5219.0
177,Foraker 11SMH,04/05/2019,4817.0
178,Foraker 11SMH,04/06/2019,4600.0
179,Foraker 11SMH,04/07/2019,4126.0
180,Foraker 11SMH,04/08/2019,4236.0
181,Foraker 11SMH,04/09/2019,4310.0
182,Foraker 11SMH,04/10/2019,4235.0
183,Foraker 11SMH,04/11/2019,4095.0
184,Foraker 11SMH,04/12/2019,3893.0
185,Foraker 11SMH,04/13/2019,3686.0
186,Foraker 11SMH,04/14/2019,3588.0
187,Foraker 11SMH,04/15/2019,3583.0
188,Foraker 11SMH,04/16/2019,3615.0
189,Foraker 11SMH,04/17/2019,3541.0
190,Foraker 11SMH,04/18/2019,3433.0
191,Foraker 11SMH,04/19/2019,3375.0
192,Foraker 11SMH,04/20/2019,3404.0
193,Foraker 11SMH,04/21/2019,3248.0
194,Foraker 11SMH,04/22/2019,3117.0
195,Foraker 11SMH,04/23/2019,3003.0
196,Foraker 11SMH,04/24/2019,2871.0
197,Foraker 11SMH,04/25/2019,2749.0
198,Foraker 11SMH,04/26/2019,2676.0
199,Foraker 11SMH,04/27/2019,2439.0
200,Foraker 11SMH,04/28/2019,2384.0
201,Foraker 11SMH,04/29/2019,2336.0
202,Foraker 11SMH,04/30/2019,2233.0
203,Foraker 11SMH,05/01/2019,2191.0
204,Foraker 11SMH,05/02/2019,2122.0
205,Foraker 11SMH,05/03/2019,2113.0
206,Foraker 11SMH,05/04/2019,2052.0
207,Foraker 11SMH,05/05/2019,1976.0
208,Foraker 11SMH,05/06/2019,2022.0
209,Foraker 11SMH,05/07/2019,1896.0
210,Foraker 11SMH,05/08/2019,1820.0
211,Foraker 11SMH,05/09/2019,1816.0
212,Foraker 11SMH,05/10/2019,1771.0
213,Foraker 11SMH,05/11/2019,1726.0
214,Foraker 11SMH,05/12/2019,1770.0
215,Foraker 11SMH,05/13/2019,1769.0
216,Foraker 11SMH,05/14/2019,1733.0
217,Foraker 11SMH,05/15/2019,1696.0
218,Foraker 11SMH,05/16/2019,1661.0
219,Foraker 11SMH,05/17/2019,1603.0
220,Foraker 11SMH,05/18/2019,1601.0
221,Foraker 11SMH,05/19/2019,1574.0
222,Foraker 11SMH,05/20/2019,1516.0
223,Foraker 11SMH,05/21/2019,1483.0
224,Foraker 11SMH,05/22/2019,1436.0
225,Foraker 11SMH,05/23/2019,1383.0
226,Foraker 11SMH,05/24/2019,1362.0
227,Foraker 11SMH,05/25/2019,1313.0
228,Foraker 11SMH,05/26/2019,1275.0
229,Foraker 11SMH,05/27/2019,1253.0
230,Foraker 11SMH,05/28/2019,1231.0
231,Foraker 11SMH,05/29/2019,1202.0
232,Foraker 11SMH,05/30/2019,1131.0
233,Foraker 11SMH,05/31/2019,1180.0
234,Foraker 11SMH,06/01/2019,1161.0
235,Foraker 11SMH,06/02/2019,1126.0
236,Foraker 11SMH,06/03/2019,1113.0
237,Foraker 11SMH,06/04/2019,1070.0
238,Foraker 11SMH,06/05/2019,1070.0
239,Foraker 11SMH,06/06/2019,1023.0
240,Foraker 11SMH,06/07/2019,1012.0
241,Foraker 11SMH,06/08/2019,1027.0
242,Foraker 11SMH,06/09/2019,999.0
243,Foraker 11SMH,06/10/2019,980.0
244,Foraker 11SMH,06/11/2019,977.0
245,Foraker 11SMH,06/12/2019,948.0
246,Foraker 11SMH,06/13/2019,976.0
247,Foraker 11SMH,06/14/2019,911.0
248,Foraker 11SMH,06/15/2019,907.0
249,Foraker 11SMH,06/16/2019,898.0
250,Foraker 11SMH,06/17/2019,937.0
251,Foraker 11SMH,06/18/2019,910.0
252,Foraker 11SMH,06/19/2019,908.0
253,Foraker 11SMH,06/20/2019,898.0
254,Foraker 11SMH,06/21/2019,901.0
255,Foraker 11SMH,06/22/2019,876.0
256,Foraker 11SMH,06/23/2019,865.0
257,Foraker 11SMH,06/24/2019,851.0
258,Foraker 11SMH,06/25/2019,870.0
259,Foraker 11SMH,06/26/2019,848.0
260,Foraker 11SMH,06/27/2019,843.0
261,Foraker 11SMH,06/28/2019,786.0
262,Foraker 11SMH,06/29/2019,820.0
263,Foraker 11SMH,06/30/2019,796.0
264,Foraker 11SMH,07/01/2019,772.0
265,Foraker 11SMH,07/02/2019,782.0
266,Foraker 11SMH,07/03/2019,779.0
267,Foraker 11SMH,07/04/2019,805.0
268,Foraker 11SMH,07/05/2019,761.0
269,Foraker 11SMH,07/06/2019,734.0
270,Foraker 11SMH,07/07/2019,722.0
271,Foraker 11SMH,07/08/2019,732.0
272,Foraker 11SMH,07/09/2019,748.0
273,Foraker 11SMH,07/10/2019,725.0
274,Foraker 11SMH,07/11/2019,700.0
275,Foraker 11SMH,07/12/2019,715.0
276,Foraker 11SMH,07/13/2019,725.0
277,Foraker 11SMH,07/14/2019,722.0
278,Foraker 11SMH,07/15/2019,682.0
279,Foraker 11SMH,07/16/2019,748.0
280,Foraker 11SMH,07/17/2019,668.0
281,Foraker 11SMH,07/18/2019,664.0
282,Foraker 11SMH,07/19/2019,667.0
283,Foraker 11SMH,07/20/2019,671.0
284,Foraker 11SMH,07/21/2019,659.0
285,Foraker 11SMH,07/22/2019,679.0
286,Foraker 11SMH,07/23/2019,652.0
287,Foraker 11SMH,07/24/2019,641.0
288,Foraker 11SMH,07/25/2019,676.0
289,Foraker 11SMH,07/26/2019,655.0
290,Foraker 11SMH,07/27/2019,627.0
291,Foraker 11SMH,07/28/2019,654.0
292,Foraker 11SMH,07/29/2019,633.0
293,Foraker 11SMH,07/30/2019,622.0
294,Foraker 11SMH,07/31/2019,633.0
295,Foraker 11SMH,08/01/2019,473.0
296,Foraker 11SMH,08/02/2019,426.0
297,Foraker 11SMH,08/03/2019,423.0
298,Foraker 11SMH,08/04/2019,421.0
299,Foraker 11SMH,08/05/2019,412.0
300,Foraker 11SMH,08/06/2019,404.0
301,Foraker 11SMH,08/07/2019,403.0
302,Foraker 11SMH,08/08/2019,426.0
303,Foraker 11SMH,08/09/2019,385.0
304,Foraker 11SMH,08/10/2019,388.0
305,Foraker 11SMH,08/11/2019,410.0
306,Foraker 11SMH,08/12/2019,410.0
307,Foraker 11SMH,08/13/2019,359.0
308,Foraker 11SMH,08/14/2019,342.0
309,Foraker 11SMH,08/15/2019,351.0
310,Foraker 11SMH,08/16/2019,433.0
311,Foraker 11SMH,08/17/2019,333.0
312,Foraker 11SMH,08/18/2019,290.0
313,Foraker 11SMH,08/19/2019,280.0
314,Foraker 11SMH,08/20/2019,292.0
315,Foraker 11SMH,08/21/2019,291.0
316,Foraker 11SMH,08/22/2019,305.0
317,Foraker 11SMH,08/23/2019,320.0
318,Foraker 11SMH,08/24/2019,295.0
319,Foraker 11SMH,08/25/2019,298.0
320,Foraker 11SMH,08/26/2019,371.0
321,Foraker 11SMH,08/27/2019,293.0
322,Foraker 11SMH,08/28/2019,315.0
323,Foraker 11SMH,08/29/2019,
324,Foraker 11SMH,08/30/2019,263.0
325,Foraker 11SMH,08/31/2019,226.0
326,Foraker 11SMH,09/01/2019,235.0
327,Foraker 11SMH,09/02/2019,248.0
328,Foraker 11SMH,09/03/2019,252.0
329,Foraker 11SMH,09/04/2019,267.0
330,Foraker 11SMH,09/05/2019,281.0
331,Foraker 11SMH,09/06/2019,281.0
332,Foraker 11SMH,09/07/2019,273.0
333,Foraker 11SMH,09/08/2019,273.0
334,Foraker 11SMH,09/09/2019,271.0
335,Foraker 11SMH,09/10/2019,254.0
336,Foraker 11SMH,09/11/2019,159.0
337,Foraker 11SMH,09/12/2019,158.0
338,Foraker 11SMH,09/13/2019,157.0
339,Foraker 11SMH,09/14/2019,155.0
340,Foraker 11SMH,09/15/2019,155.0
341,Foraker 11SMH,09/16/2019,156.0
342,Foraker 11SMH,09/17/2019,156.0
343,Foraker 11SMH,09/18/2019,157.0
344,Foraker 11SMH,09/19/2019,156.0
345,Foraker 11SMH,09/20/2019,156.0
346,Foraker 11SMH,09/21/2019,156.0
347,Foraker 11SMH,09/22/2019,157.0
348,Foraker 11SMH,09/23/2019,157.0
349,Foraker 11SMH,09/24/2019,156.0
350,Foraker 11SMH,09/25/2019,156.0
351,Foraker 11SMH,09/26/2019,155.0
352,Foraker 11SMH,09/27/2019,156.0
353,Foraker 1SMH,03/25/2019,4175.0
354,Foraker 1SMH,03/26/2019,4416.0
355,Foraker 1SMH,03/27/2019,4242.0
356,Foraker 1SMH,03/28/2019,4067.0
357,Foraker 1SMH,03/29/2019,3873.0
358,Foraker 1SMH,03/30/2019,3683.0
359,Foraker 1SMH,03/31/2019,3526.0
360,Foraker 1SMH,04/01/2019,3358.0
361,Foraker 1SMH,04/02/2019,3210.0
362,Foraker 1SMH,04/03/2019,3047.0
363,Foraker 1SMH,04/04/2019,2886.0
364,Foraker 1SMH,04/05/2019,2847.0
365,Foraker 1SMH,04/06/2019,2723.0
366,Foraker 1SMH,04/07/2019,2559.0
367,Foraker 1SMH,04/08/2019,2430.0
368,Foraker 1SMH,04/09/2019,2319.0
369,Foraker 1SMH,04/10/2019,2163.0
370,Foraker 1SMH,04/11/2019,2051.0
371,Foraker 1SMH,04/12/2019,1956.0
372,Foraker 1SMH,04/13/2019,1880.0
373,Foraker 1SMH,04/14/2019,1811.0
374,Foraker 1SMH,04/15/2019,1823.0
375,Foraker 1SMH,04/16/2019,1709.0
376,Foraker 1SMH,04/17/2019,1666.0
377,Foraker 1SMH,04/18/2019,1624.0
378,Foraker 1SMH,04/19/2019,1595.0
379,Foraker 1SMH,04/20/2019,1547.0
380,Foraker 1SMH,04/21/2019,1517.0
381,Foraker 1SMH,04/22/2019,1483.0
382,Foraker 1SMH,04/23/2019,1475.0
383,Foraker 1SMH,04/24/2019,1465.0
384,Foraker 1SMH,04/25/2019,1378.0
385,Foraker 1SMH,04/26/2019,1353.0
386,Foraker 1SMH,04/27/2019,1326.0
387,Foraker 1SMH,04/28/2019,1266.0
388,Foraker 1SMH,04/29/2019,1287.0
389,Foraker 1SMH,04/30/2019,1305.0
390,Foraker 1SMH,05/01/2019,1217.0
391,Foraker 1SMH,05/02/2019,1228.0
392,Foraker 1SMH,05/03/2019,1207.0
393,Foraker 1SMH,05/04/2019,1180.0
394,Foraker 1SMH,05/05/2019,1160.0
395,Foraker 1SMH,05/06/2019,1149.0
396,Foraker 1SMH,05/07/2019,1122.0
397,Foraker 1SMH,05/08/2019,1085.0
398,Foraker 1SMH,05/09/2019,1065.0
399,Foraker 1SMH,05/10/2019,1064.0
400,Foraker 1SMH,05/11/2019,1044.0
401,Foraker 1SMH,05/12/2019,1019.0
402,Foraker 1SMH,05/13/2019,1010.0
403,Foraker 1SMH,05/14/2019,1001.0
404,Foraker 1SMH,05/15/2019,1004.0
405,Foraker 1SMH,05/16/2019,960.0
406,Foraker 1SMH,05/17/2019,936.0
407,Foraker 1SMH,05/18/2019,923.0
408,Foraker 1SMH,05/19/2019,929.0
409,Foraker 1SMH,05/20/2019,947.0
410,Foraker 1SMH,05/21/2019,945.0
411,Foraker 1SMH,05/22/2019,845.0
412,Foraker 1SMH,05/23/2019,911.0
413,Foraker 1SMH,05/24/2019,932.0
414,Foraker 1SMH,05/25/2019,953.0
415,Foraker 1SMH,05/26/2019,941.0
416,Foraker 1SMH,05/27/2019,936.0
417,Foraker 1SMH,05/28/2019,918.0
418,Foraker 1SMH,05/29/2019,905.0
419,Foraker 1SMH,05/30/2019,897.0
420,Foraker 1SMH,05/31/2019,896.0
421,Foraker 1SMH,06/01/2019,883.0
422,Foraker 1SMH,06/02/2019,900.0
423,Foraker 1SMH,06/03/2019,880.0
424,Foraker 1SMH,06/04/2019,870.0
425,Foraker 1SMH,06/05/2019,835.0
426,Foraker 1SMH,06/06/2019,864.0
427,Foraker 1SMH,06/07/2019,836.0
428,Foraker 1SMH,06/08/2019,824.0
429,Foraker 1SMH,06/09/2019,836.0
430,Foraker 1SMH,06/10/2019,805.0
431,Foraker 1SMH,06/11/2019,785.0
432,Foraker 1SMH,06/12/2019,773.0
433,Foraker 1SMH,06/13/2019,668.0
434,Foraker 1SMH,06/14/2019,657.0
435,Foraker 1SMH,06/15/2019,657.0
436,Foraker 1SMH,06/16/2019,673.0
437,Foraker 1SMH,06/17/2019,649.0
438,Foraker 1SMH,06/18/2019,702.0
439,Foraker 1SMH,06/19/2019,618.0
440,Foraker 1SMH,06/20/2019,576.0
441,Foraker 1SMH,06/21/2019,618.0
442,Foraker 1SMH,06/22/2019,615.0
443,Foraker 1SMH,06/23/2019,650.0
444,Foraker 1SMH,06/24/2019,659.0
445,Foraker 1SMH,06/25/2019,713.0
446,Foraker 1SMH,06/26/2019,742.0
447,Foraker 1SMH,06/27/2019,1038.0
448,Foraker 1SMH,06/28/2019,596.0
449,Foraker 1SMH,06/29/2019,555.0
450,Foraker 1SMH,06/30/2019,698.0
451,Foraker 1SMH,07/01/2019,689.0
452,Foraker 1SMH,07/02/2019,763.0
453,Foraker 1SMH,07/03/2019,792.0
454,Foraker 1SMH,07/04/2019,740.0
455,Foraker 1SMH,07/05/2019,691.0
456,Foraker 1SMH,07/06/2019,717.0
457,Foraker 1SMH,07/07/2019,713.0
458,Foraker 1SMH,07/08/2019,723.0
459,Foraker 1SMH,07/09/2019,709.0
460,Foraker 1SMH,07/10/2019,712.0
461,Foraker 1SMH,07/11/2019,598.0
462,Foraker 1SMH,07/12/2019,568.0
463,Foraker 1SMH,07/13/2019,544.0
464,Foraker 1SMH,07/14/2019,539.0
465,Foraker 1SMH,07/15/2019,549.0
466,Foraker 1SMH,07/16/2019,498.0
467,Foraker 1SMH,07/17/2019,513.0
468,Foraker 1SMH,07/18/2019,431.0
469,Foraker 1SMH,07/19/2019,511.0
470,Foraker 1SMH,07/20/2019,480.0
471,Foraker 1SMH,07/21/2019,554.0
472,Foraker 1SMH,07/22/2019,488.0
473,Foraker 1SMH,07/23/2019,514.0
474,Foraker 1SMH,07/24/2019,513.0
475,Foraker 1SMH,07/25/2019,552.0
476,Foraker 1SMH,07/26/2019,521.0
477,Foraker 1SMH,07/27/2019,535.0
478,Foraker 1SMH,07/28/2019,517.0
479,Foraker 1SMH,07/29/2019,520.0
480,Foraker 1SMH,07/30/2019,523.0
481,Foraker 1SMH,07/31/2019,507.0
482,Foraker 1SMH,08/01/2019,541.0
483,Foraker 1SMH,08/02/2019,546.0
484,Foraker 1SMH,08/03/2019,563.0
485,Foraker 1SMH,08/04/2019,542.0
486,Foraker 1SMH,08/05/2019,537.0
487,Foraker 1SMH,08/06/2019,468.0
488,Foraker 1SMH,08/07/2019,369.0
489,Foraker 1SMH,08/08/2019,476.0
490,Foraker 1SMH,08/09/2019,354.0
491,Foraker 1SMH,08/10/2019,498.0
492,Foraker 1SMH,08/11/2019,502.0
493,Foraker 1SMH,08/12/2019,506.0
494,Foraker 1SMH,08/13/2019,448.0
495,Foraker 1SMH,08/14/2019,510.0
496,Foraker 1SMH,08/15/2019,493.0
497,Foraker 1SMH,08/16/2019,424.0
498,Foraker 1SMH,08/17/2019,410.0
499,Foraker 1SMH,08/18/2019,421.0
500,Foraker 1SMH,08/19/2019,422.0
501,Foraker 1SMH,08/20/2019,436.0
502,Foraker 1SMH,08/21/2019,201.0
503,Foraker 1SMH,08/22/2019,201.0
504,Foraker 1SMH,08/23/2019,207.0
505,Foraker 1SMH,08/24/2019,195.0
506,Foraker 1SMH,08/25/2019,193.0
507,Foraker 1SMH,08/26/2019,210.0
508,Foraker 1SMH,08/27/2019,214.0
509,Foraker 1SMH,08/28/2019,221.0
510,Foraker 1SMH,08/29/2019,178.0
511,Foraker 1SMH,08/30/2019,1035.0
512,Foraker 1SMH,08/31/2019,1019.0
513,Foraker 1SMH,09/01/2019,1015.0
514,Foraker 1SMH,09/02/2019,987.0
515,Foraker 1SMH,09/03/2019,1050.0
516,Foraker 1SMH,09/04/2019,839.0
517,Foraker 1SMH,09/05/2019,1039.0
518,Foraker 1SMH,09/06/2019,205.0
519,Foraker 1SMH,09/07/2019,189.0
520,Foraker 1SMH,09/08/2019,205.0
521,Foraker 1SMH,09/09/2019,195.0
522,Foraker 1SMH,09/10/2019,196.0
523,Foraker 1SMH,09/11/2019,186.0
524,Foraker 1SMH,09/12/2019,202.0
525,Foraker 1SMH,09/13/2019,202.0
526,Foraker 1SMH,09/14/2019,188.0
527,Foraker 1SMH,09/15/2019,195.0
528,Foraker 1SMH,09/16/2019,194.0
529,Foraker 1SMH,09/17/2019,193.0
530,Foraker 1SMH,09/18/2019,189.0
531,Foraker 1SMH,09/19/2019,188.0
532,Foraker 1SMH,09/20/2019,183.0
533,Foraker 1SMH,09/21/2019,193.0
534,Foraker 1SMH,09/22/2019,183.0
535,Foraker 1SMH,09/23/2019,192.0
536,Foraker 1SMH,09/24/2019,186.0
537,Foraker 1SMH,09/25/2019,187.0
538,Foraker 1SMH,09/26/2019,183.0
539,Foraker 1SMH,09/27/2019,191.0
540,Foraker 4LMH,04/04/2019,4063.0
541,Foraker 4LMH,04/05/2019,3738.0
542,Foraker 4LMH,04/06/2019,3352.0
543,Foraker 4LMH,04/07/2019,2936.0
544,Foraker 4LMH,04/08/2019,2758.0
545,Foraker 4LMH,04/09/2019,2947.0
546,Foraker 4LMH,04/10/2019,2867.0
547,Foraker 4LMH,04/11/2019,2717.0
548,Foraker 4LMH,04/12/2019,2566.0
549,Foraker 4LMH,04/13/2019,2436.0
550,Foraker 4LMH,04/14/2019,2268.0
551,Foraker 4LMH,04/15/2019,2204.0
552,Foraker 4LMH,04/16/2019,2094.0
553,Foraker 4LMH,04/17/2019,2046.0
554,Foraker 4LMH,04/18/2019,1944.0
555,Foraker 4LMH,04/19/2019,1871.0
556,Foraker 4LMH,04/20/2019,1815.0
557,Foraker 4LMH,04/21/2019,1777.0
558,Foraker 4LMH,04/22/2019,1744.0
559,Foraker 4LMH,04/23/2019,1714.0
560,Foraker 4LMH,04/24/2019,1671.0
561,Foraker 4LMH,04/25/2019,1640.0
562,Foraker 4LMH,04/26/2019,1607.0
563,Foraker 4LMH,04/27/2019,1581.0
564,Foraker 4LMH,04/28/2019,1558.0
565,Foraker 4LMH,04/29/2019,1530.0
566,Foraker 4LMH,04/30/2019,1499.0
567,Foraker 4LMH,05/01/2019,1473.0
568,Foraker 4LMH,05/02/2019,1438.0
569,Foraker 4LMH,05/03/2019,1406.0
570,Foraker 4LMH,05/04/2019,1386.0
571,Foraker 4LMH,05/05/2019,1379.0
572,Foraker 4LMH,05/06/2019,1340.0
573,Foraker 4LMH,05/07/2019,1335.0
574,Foraker 4LMH,05/08/2019,1304.0
575,Foraker 4LMH,05/09/2019,1369.0
576,Foraker 4LMH,05/10/2019,1248.0
577,Foraker 4LMH,05/11/2019,1303.0
578,Foraker 4LMH,05/12/2019,1208.0
579,Foraker 4LMH,05/13/2019,1176.0
580,Foraker 4LMH,05/14/2019,1156.0
581,Foraker 4LMH,05/15/2019,1156.0
582,Foraker 4LMH,05/16/2019,1192.0
583,Foraker 4LMH,05/17/2019,1081.0
584,Foraker 4LMH,05/18/2019,1087.0
585,Foraker 4LMH,05/19/2019,1075.0
586,Foraker 4LMH,05/20/2019,1060.0
587,Foraker 4LMH,05/21/2019,1042.0
588,Foraker 4LMH,05/22/2019,980.0
589,Foraker 4LMH,05/23/2019,1029.0
590,Foraker 4LMH,05/24/2019,1005.0
591,Foraker 4LMH,05/25/2019,1035.0
592,Foraker 4LMH,05/26/2019,962.0
593,Foraker 4LMH,05/27/2019,966.0
594,Foraker 4LMH,05/28/2019,978.0
595,Foraker 4LMH,05/29/2019,923.0
596,Foraker 4LMH,05/30/2019,926.0
597,Foraker 4LMH,05/31/2019,949.0
598,Foraker 4LMH,06/01/2019,932.0
599,Foraker 4LMH,06/02/2019,932.0
600,Foraker 4LMH,06/03/2019,902.0
601,Foraker 4LMH,06/04/2019,865.0
602,Foraker 4LMH,06/05/2019,860.0
603,Foraker 4LMH,06/06/2019,843.0
604,Foraker 4LMH,06/07/2019,830.0
605,Foraker 4LMH,06/08/2019,787.0
606,Foraker 4LMH,06/09/2019,815.0
607,Foraker 4LMH,06/10/2019,791.0
608,Foraker 4LMH,06/11/2019,781.0
609,Foraker 4LMH,06/12/2019,635.0
610,Foraker 4LMH,06/13/2019,671.0
611,Foraker 4LMH,06/14/2019,641.0
612,Foraker 4LMH,06/15/2019,624.0
613,Foraker 4LMH,06/16/2019,614.0
614,Foraker 4LMH,06/17/2019,773.0
615,Foraker 4LMH,06/18/2019,654.0
616,Foraker 4LMH,06/19/2019,638.0
617,Foraker 4LMH,06/20/2019,615.0
618,Foraker 4LMH,06/21/2019,613.0
619,Foraker 4LMH,06/22/2019,596.0
620,Foraker 4LMH,06/23/2019,625.0
621,Foraker 4LMH,06/24/2019,581.0
622,Foraker 4LMH,06/25/2019,585.0
623,Foraker 4LMH,06/26/2019,574.0
624,Foraker 4LMH,06/27/2019,581.0
625,Foraker 4LMH,06/28/2019,551.0
626,Foraker 4LMH,06/29/2019,546.0
627,Foraker 4LMH,06/30/2019,586.0
628,Foraker 4LMH,07/01/2019,548.0
629,Foraker 4LMH,07/02/2019,565.0
630,Foraker 4LMH,07/03/2019,552.0
631,Foraker 4LMH,07/04/2019,574.0
632,Foraker 4LMH,07/05/2019,555.0
633,Foraker 4LMH,07/06/2019,546.0
634,Foraker 4LMH,07/07/2019,539.0
635,Foraker 4LMH,07/08/2019,544.0
636,Foraker 4LMH,07/09/2019,522.0
637,Foraker 4LMH,07/10/2019,533.0
638,Foraker 4LMH,07/11/2019,517.0
639,Foraker 4LMH,07/12/2019,503.0
640,Foraker 4LMH,07/13/2019,516.0
641,Foraker 4LMH,07/14/2019,508.0
642,Foraker 4LMH,07/15/2019,492.0
643,Foraker 4LMH,07/16/2019,536.0
644,Foraker 4LMH,07/17/2019,520.0
645,Foraker 4LMH,07/18/2019,505.0
646,Foraker 4LMH,07/19/2019,501.0
647,Foraker 4LMH,07/20/2019,504.0
648,Foraker 4LMH,07/21/2019,500.0
649,Foraker 4LMH,07/22/2019,491.0
650,Foraker 4LMH,07/23/2019,484.0
651,Foraker 4LMH,07/24/2019,487.0
652,Foraker 4LMH,07/25/2019,502.0
653,Foraker 4LMH,07/26/2019,499.0
654,Foraker 4LMH,07/27/2019,495.0
655,Foraker 4LMH,07/28/2019,490.0
656,Foraker 4LMH,07/29/2019,491.0
657,Foraker 4LMH,07/30/2019,499.0
658,Foraker 4LMH,07/31/2019,496.0
659,Foraker 4LMH,08/01/2019,498.0
660,Foraker 4LMH,08/02/2019,447.0
661,Foraker 4LMH,08/03/2019,469.0
662,Foraker 4LMH,08/04/2019,460.0
663,Foraker 4LMH,08/05/2019,455.0
664,Foraker 4LMH,08/06/2019,460.0
665,Foraker 4LMH,08/07/2019,448.0
666,Foraker 4LMH,08/08/2019,496.0
667,Foraker 4LMH,08/09/2019,444.0
668,Foraker 4LMH,08/10/2019,458.0
669,Foraker 4LMH,08/11/2019,473.0
670,Foraker 4LMH,08/12/2019,475.0
671,Foraker 4LMH,08/13/2019,461.0
672,Foraker 4LMH,08/14/2019,451.0
673,Foraker 4LMH,08/15/2019,448.0
674,Foraker 4LMH,08/16/2019,476.0
675,Foraker 4LMH,08/17/2019,444.0
676,Foraker 4LMH,08/18/2019,454.0
677,Foraker 4LMH,08/19/2019,447.0
678,Foraker 4LMH,08/20/2019,467.0
679,Foraker 4LMH,08/21/2019,458.0
680,Foraker 4LMH,08/22/2019,468.0
681,Foraker 4LMH,08/23/2019,473.0
682,Foraker 4LMH,08/24/2019,456.0
683,Foraker 4LMH,08/25/2019,450.0
684,Foraker 4LMH,08/26/2019,472.0
685,Foraker 4LMH,08/27/2019,429.0
686,Foraker 4LMH,08/28/2019,495.0
687,Foraker 4LMH,08/29/2019,456.0
688,Foraker 4LMH,08/30/2019,435.0
689,Foraker 4LMH,08/31/2019,455.0
690,Foraker 4LMH,09/01/2019,420.0
691,Foraker 4LMH,09/02/2019,421.0
692,Foraker 4LMH,09/03/2019,425.0
693,Foraker 4LMH,09/04/2019,421.0
694,Foraker 4LMH,09/05/2019,435.0
695,Foraker 4LMH,09/06/2019,415.0
696,Foraker 4LMH,09/07/2019,414.0
697,Foraker 4LMH,09/08/2019,413.0
698,Foraker 4LMH,09/09/2019,430.0
699,Foraker 4LMH,09/10/2019,411.0
700,Foraker 4LMH,09/11/2019,418.0
701,Foraker 4LMH,09/12/2019,410.0
702,Foraker 4LMH,09/13/2019,418.0
703,Foraker 4LMH,09/14/2019,412.0
704,Foraker 4LMH,09/15/2019,425.0
705,Foraker 4LMH,09/16/2019,400.0
706,Foraker 4LMH,09/17/2019,407.0
707,Foraker 4LMH,09/18/2019,402.0
708,Foraker 4LMH,09/19/2019,404.0
709,Foraker 4LMH,09/20/2019,252.0
710,Foraker 4LMH,09/21/2019,405.0
711,Foraker 4LMH,09/22/2019,360.0
712,Foraker 4LMH,09/23/2019,291.0
713,Foraker 4LMH,09/24/2019,381.0
714,Foraker 4LMH,09/25/2019,446.0
715,Foraker 4LMH,09/26/2019,238.0
716,Foraker 4LMH,09/27/2019,220.0
717,Foraker 5WH,04/03/2019,4459.0
718,Foraker 5WH,04/04/2019,4321.0
719,Foraker 5WH,04/05/2019,4117.0
720,Foraker 5WH,04/06/2019,3894.0
721,Foraker 5WH,04/07/2019,3712.0
722,Foraker 5WH,04/08/2019,3471.0
723,Foraker 5WH,04/09/2019,3281.0
724,Foraker 5WH,04/10/2019,3095.0
725,Foraker 5WH,04/11/2019,2916.0
726,Foraker 5WH,04/12/2019,2751.0
727,Foraker 5WH,04/13/2019,2619.0
728,Foraker 5WH,04/14/2019,2502.0
729,Foraker 5WH,04/15/2019,2396.0
730,Foraker 5WH,04/16/2019,2300.0
731,Foraker 5WH,04/17/2019,2220.0
732,Foraker 5WH,04/18/2019,2136.0
733,Foraker 5WH,04/19/2019,2062.0
734,Foraker 5WH,04/20/2019,2003.0
735,Foraker 5WH,04/21/2019,1949.0
736,Foraker 5WH,04/22/2019,1900.0
737,Foraker 5WH,04/23/2019,1854.0
738,Foraker 5WH,04/24/2019,1812.0
739,Foraker 5WH,04/25/2019,1774.0
740,Foraker 5WH,04/26/2019,1738.0
741,Foraker 5WH,04/27/2019,1702.0
742,Foraker 5WH,04/28/2019,1673.0
743,Foraker 5WH,04/29/2019,1647.0
744,Foraker 5WH,04/30/2019,1613.0
745,Foraker 5WH,05/01/2019,1592.0
746,Foraker 5WH,05/02/2019,1566.0
747,Foraker 5WH,05/03/2019,1542.0
748,Foraker 5WH,05/04/2019,1519.0
749,Foraker 5WH,05/05/2019,1503.0
750,Foraker 5WH,05/06/2019,1485.0
751,Foraker 5WH,05/07/2019,1468.0
752,Foraker 5WH,05/08/2019,1447.0
753,Foraker 5WH,05/09/2019,1425.0
754,Foraker 5WH,05/10/2019,1411.0
755,Foraker 5WH,05/11/2019,1393.0
756,Foraker 5WH,05/12/2019,1379.0
757,Foraker 5WH,05/13/2019,1367.0
758,Foraker 5WH,05/14/2019,1355.0
759,Foraker 5WH,05/15/2019,1327.0
760,Foraker 5WH,05/16/2019,1301.0
761,Foraker 5WH,05/17/2019,1287.0
762,Foraker 5WH,05/18/2019,1274.0
763,Foraker 5WH,05/19/2019,1268.0
764,Foraker 5WH,05/20/2019,1254.0
765,Foraker 5WH,05/21/2019,1236.0
766,Foraker 5WH,05/22/2019,1233.0
767,Foraker 5WH,05/23/2019,1228.0
768,Foraker 5WH,05/24/2019,1225.0
769,Foraker 5WH,05/25/2019,1225.0
770,Foraker 5WH,05/26/2019,1225.0
771,Foraker 5WH,05/27/2019,1197.0
772,Foraker 5WH,05/28/2019,1195.0
773,Foraker 5WH,05/29/2019,1190.0
774,Foraker 5WH,05/30/2019,1179.0
775,Foraker 5WH,05/31/2019,1179.0
776,Foraker 5WH,06/01/2019,1173.0
777,Foraker 5WH,06/02/2019,1165.0
778,Foraker 5WH,06/03/2019,1135.0
779,Foraker 5WH,06/04/2019,1141.0
780,Foraker 5WH,06/05/2019,1131.0
781,Foraker 5WH,06/06/2019,1126.0
782,Foraker 5WH,06/07/2019,1024.0
783,Foraker 5WH,06/08/2019,1124.0
784,Foraker 5WH,06/09/2019,1108.0
785,Foraker 5WH,06/10/2019,1093.0
786,Foraker 5WH,06/11/2019,1093.0
787,Foraker 5WH,06/12/2019,1083.0
788,Foraker 5WH,06/13/2019,1073.0
789,Foraker 5WH,06/14/2019,1066.0
790,Foraker 5WH,06/15/2019,1068.0
791,Foraker 5WH,06/16/2019,989.0
792,Foraker 5WH,06/17/2019,1033.0
793,Foraker 5WH,06/18/2019,982.0
794,Foraker 5WH,06/19/2019,958.0
795,Foraker 5WH,06/20/2019,942.0
796,Foraker 5WH,06/21/2019,938.0
797,Foraker 5WH,06/22/2019,934.0
798,Foraker 5WH,06/23/2019,933.0
799,Foraker 5WH,06/24/2019,941.0
800,Foraker 5WH,06/25/2019,933.0
801,Foraker 5WH,06/26/2019,945.0
802,Foraker 5WH,06/27/2019,933.0
803,Foraker 5WH,06/28/2019,909.0
804,Foraker 5WH,06/29/2019,897.0
805,Foraker 5WH,06/30/2019,905.0
806,Foraker 5WH,07/01/2019,893.0
807,Foraker 5WH,07/02/2019,890.0
808,Foraker 5WH,07/03/2019,885.0
809,Foraker 5WH,07/04/2019,889.0
810,Foraker 5WH,07/05/2019,885.0
811,Foraker 5WH,07/06/2019,885.0
812,Foraker 5WH,07/07/2019,877.0
813,Foraker 5WH,07/08/2019,882.0
814,Foraker 5WH,07/09/2019,873.0
815,Foraker 5WH,07/10/2019,873.0
816,Foraker 5WH,07/11/2019,917.0
817,Foraker 5WH,07/12/2019,872.0
818,Foraker 5WH,07/13/2019,952.0
819,Foraker 5WH,07/14/2019,824.0
820,Foraker 5WH,07/15/2019,838.0
821,Foraker 5WH,07/16/2019,1044.0
822,Foraker 5WH,07/17/2019,783.0
823,Foraker 5WH,07/18/2019,655.0
824,Foraker 5WH,07/19/2019,664.0
825,Foraker 5WH,07/20/2019,726.0
826,Foraker 5WH,07/21/2019,717.0
827,Foraker 5WH,07/22/2019,574.0
828,Foraker 5WH,07/23/2019,505.0
829,Foraker 5WH,07/24/2019,4772.0
830,Foraker 5WH,07/25/2019,3567.0
831,Foraker 5WH,07/26/2019,987.0
832,Foraker 5WH,07/27/2019,3632.0
833,Foraker 5WH,07/28/2019,2220.0
834,Foraker 5WH,07/29/2019,1214.0
835,Foraker 5WH,07/30/2019,1092.0
836,Foraker 5WH,07/31/2019,1000.0
837,Foraker 5WH,08/01/2019,906.0
838,Foraker 5WH,08/02/2019,708.0
839,Foraker 5WH,08/03/2019,595.0
840,Foraker 5WH,08/04/2019,680.0
841,Foraker 5WH,08/05/2019,580.0
842,Foraker 5WH,08/06/2019,722.0
843,Foraker 5WH,08/07/2019,680.0
844,Foraker 5WH,08/08/2019,834.0
845,Foraker 5WH,08/09/2019,677.0
846,Foraker 5WH,08/10/2019,668.0
847,Foraker 5WH,08/11/2019,695.0
848,Foraker 5WH,08/12/2019,666.0
849,Foraker 5WH,08/13/2019,652.0
850,Foraker 5WH,08/14/2019,606.0
851,Foraker 5WH,08/15/2019,599.0
852,Foraker 5WH,08/16/2019,583.0
853,Foraker 5WH,08/17/2019,551.0
854,Foraker 5WH,08/18/2019,577.0
855,Foraker 5WH,08/19/2019,526.0
856,Foraker 5WH,08/20/2019,545.0
857,Foraker 5WH,08/21/2019,534.0
858,Foraker 5WH,08/22/2019,562.0
859,Foraker 5WH,08/23/2019,563.0
860,Foraker 5WH,08/24/2019,623.0
861,Foraker 5WH,08/25/2019,592.0
862,Foraker 5WH,08/26/2019,615.0
863,Foraker 5WH,08/27/2019,547.0
864,Foraker 5WH,08/28/2019,611.0
865,Foraker 5WH,08/29/2019,538.0
866,Foraker 5WH,08/30/2019,534.0
867,Foraker 5WH,08/31/2019,558.0
868,Foraker 5WH,09/01/2019,515.0
869,Foraker 5WH,09/02/2019,507.0
870,Foraker 5WH,09/03/2019,512.0
871,Foraker 5WH,09/04/2019,515.0
872,Foraker 5WH,09/05/2019,537.0
873,Foraker 5WH,09/06/2019,491.0
874,Foraker 5WH,09/07/2019,516.0
875,Foraker 5WH,09/08/2019,489.0
876,Foraker 5WH,09/09/2019,497.0
877,Foraker 5WH,09/10/2019,466.0
878,Foraker 5WH,09/11/2019,500.0
879,Foraker 5WH,09/12/2019,506.0
880,Foraker 5WH,09/13/2019,503.0
881,Foraker 5WH,09/14/2019,495.0
882,Foraker 5WH,09/15/2019,544.0
883,Foraker 5WH,09/16/2019,452.0
884,Foraker 5WH,09/17/2019,454.0
885,Foraker 5WH,09/18/2019,355.0
886,Foraker 5WH,09/19/2019,276.0
887,Foraker 5WH,09/20/2019,319.0
888,Foraker 5WH,09/21/2019,505.0
889,Foraker 5WH,09/22/2019,546.0
890,Foraker 5WH,09/23/2019,539.0
891,Foraker 5WH,09/24/2019,496.0
892,Foraker 5WH,09/25/2019,432.0
893,Foraker 5WH,09/26/2019,494.0
894,Foraker 5WH,09/27/2019,556.0
895,Foraker 6UMH,04/04/2019,4347.0
896,Foraker 6UMH,04/05/2019,4234.0
897,Foraker 6UMH,04/06/2019,4023.0
898,Foraker 6UMH,04/07/2019,3778.0
899,Foraker 6UMH,04/08/2019,3572.0
900,Foraker 6UMH,04/09/2019,3420.0
901,Foraker 6UMH,04/10/2019,3303.0
902,Foraker 6UMH,04/11/2019,3156.0
903,Foraker 6UMH,04/12/2019,3003.0
904,Foraker 6UMH,04/13/2019,2849.0
905,Foraker 6UMH,04/14/2019,2757.0
906,Foraker 6UMH,04/15/2019,2660.0
907,Foraker 6UMH,04/16/2019,2570.0
908,Foraker 6UMH,04/17/2019,2501.0
909,Foraker 6UMH,04/18/2019,2435.0
910,Foraker 6UMH,04/19/2019,2346.0
911,Foraker 6UMH,04/20/2019,2265.0
912,Foraker 6UMH,04/21/2019,2194.0
913,Foraker 6UMH,04/22/2019,2135.0
914,Foraker 6UMH,04/23/2019,2080.0
915,Foraker 6UMH,04/24/2019,2019.0
916,Foraker 6UMH,04/25/2019,1953.0
917,Foraker 6UMH,04/26/2019,1858.0
918,Foraker 6UMH,04/27/2019,1806.0
919,Foraker 6UMH,04/28/2019,1750.0
920,Foraker 6UMH,04/29/2019,1690.0
921,Foraker 6UMH,04/30/2019,1647.0
922,Foraker 6UMH,05/01/2019,1609.0
923,Foraker 6UMH,05/02/2019,1578.0
924,Foraker 6UMH,05/03/2019,1535.0
925,Foraker 6UMH,05/04/2019,1515.0
926,Foraker 6UMH,05/05/2019,1487.0
927,Foraker 6UMH,05/06/2019,1448.0
928,Foraker 6UMH,05/07/2019,1449.0
929,Foraker 6UMH,05/08/2019,1435.0
930,Foraker 6UMH,05/09/2019,1422.0
931,Foraker 6UMH,05/10/2019,1417.0
932,Foraker 6UMH,05/11/2019,1415.0
933,Foraker 6UMH,05/12/2019,1406.0
934,Foraker 6UMH,05/13/2019,1390.0
935,Foraker 6UMH,05/14/2019,1366.0
936,Foraker 6UMH,05/15/2019,1337.0
937,Foraker 6UMH,05/16/2019,1322.0
938,Foraker 6UMH,05/17/2019,1299.0
939,Foraker 6UMH,05/18/2019,1290.0
940,Foraker 6UMH,05/19/2019,1262.0
941,Foraker 6UMH,05/20/2019,1243.0
942,Foraker 6UMH,05/21/2019,1233.0
943,Foraker 6UMH,05/22/2019,1229.0
944,Foraker 6UMH,05/23/2019,1211.0
945,Foraker 6UMH,05/24/2019,1191.0
946,Foraker 6UMH,05/25/2019,1181.0
947,Foraker 6UMH,05/26/2019,1182.0
948,Foraker 6UMH,05/27/2019,1188.0
949,Foraker 6UMH,05/28/2019,1171.0
950,Foraker 6UMH,05/29/2019,1160.0
951,Foraker 6UMH,05/30/2019,1156.0
952,Foraker 6UMH,05/31/2019,1111.0
953,Foraker 6UMH,06/01/2019,1134.0
954,Foraker 6UMH,06/02/2019,1112.0
955,Foraker 6UMH,06/03/2019,1115.0
956,Foraker 6UMH,06/04/2019,1086.0
957,Foraker 6UMH,06/05/2019,1073.0
958,Foraker 6UMH,06/06/2019,1070.0
959,Foraker 6UMH,06/07/2019,1107.0
960,Foraker 6UMH,06/08/2019,1103.0
961,Foraker 6UMH,06/09/2019,1037.0
962,Foraker 6UMH,06/10/2019,1021.0
963,Foraker 6UMH,06/11/2019,1009.0
964,Foraker 6UMH,06/12/2019,967.0
965,Foraker 6UMH,06/13/2019,935.0
966,Foraker 6UMH,06/14/2019,932.0
967,Foraker 6UMH,06/15/2019,930.0
968,Foraker 6UMH,06/16/2019,882.0
969,Foraker 6UMH,06/17/2019,889.0
970,Foraker 6UMH,06/18/2019,833.0
971,Foraker 6UMH,06/19/2019,818.0
972,Foraker 6UMH,06/20/2019,854.0
973,Foraker 6UMH,06/21/2019,827.0
974,Foraker 6UMH,06/22/2019,789.0
975,Foraker 6UMH,06/23/2019,800.0
976,Foraker 6UMH,06/24/2019,804.0
977,Foraker 6UMH,06/25/2019,775.0
978,Foraker 6UMH,06/26/2019,764.0
979,Foraker 6UMH,06/27/2019,780.0
980,Foraker 6UMH,06/28/2019,763.0
981,Foraker 6UMH,06/29/2019,743.0
982,Foraker 6UMH,06/30/2019,746.0
983,Foraker 6UMH,07/01/2019,742.0
984,Foraker 6UMH,07/02/2019,719.0
985,Foraker 6UMH,07/03/2019,713.0
986,Foraker 6UMH,07/04/2019,720.0
987,Foraker 6UMH,07/05/2019,758.0
988,Foraker 6UMH,07/06/2019,715.0
989,Foraker 6UMH,07/07/2019,714.0
990,Foraker 6UMH,07/08/2019,687.0
991,Foraker 6UMH,07/09/2019,700.0
992,Foraker 6UMH,07/10/2019,733.0
993,Foraker 6UMH,07/11/2019,689.0
994,Foraker 6UMH,07/12/2019,680.0
995,Foraker 6UMH,07/13/2019,694.0
996,Foraker 6UMH,07/14/2019,664.0
997,Foraker 6UMH,07/15/2019,656.0
998,Foraker 6UMH,07/16/2019,673.0
999,Foraker 6UMH,07/17/2019,688.0
1000,Foraker 6UMH,07/18/2019,664.0
1001,Foraker 6UMH,07/19/2019,663.0
1002,Foraker 6UMH,07/20/2019,689.0
1003,Foraker 6UMH,07/21/2019,649.0
1004,Foraker 6UMH,07/22/2019,650.0
1005,Foraker 6UMH,07/23/2019,641.0
1006,Foraker 6UMH,07/24/2019,638.0
1007,Foraker 6UMH,07/25/2019,655.0
1008,Foraker 6UMH,07/26/2019,634.0
1009,Foraker 6UMH,07/27/2019,634.0
1010,Foraker 6UMH,07/28/2019,636.0
1011,Foraker 6UMH,07/29/2019,635.0
1012,Foraker 6UMH,07/30/2019,629.0
1013,Foraker 6UMH,07/31/2019,664.0
1014,Foraker 6UMH,08/01/2019,640.0
1015,Foraker 6UMH,08/02/2019,644.0
1016,Foraker 6UMH,08/03/2019,611.0
1017,Foraker 6UMH,08/04/2019,608.0
1018,Foraker 6UMH,08/05/2019,624.0
1019,Foraker 6UMH,08/06/2019,603.0
1020,Foraker 6UMH,08/07/2019,613.0
1021,Foraker 6UMH,08/08/2019,645.0
1022,Foraker 6UMH,08/09/2019,630.0
1023,Foraker 6UMH,08/10/2019,602.0
1024,Foraker 6UMH,08/11/2019,621.0
1025,Foraker 6UMH,08/12/2019,601.0
1026,Foraker 6UMH,08/13/2019,598.0
1027,Foraker 6UMH,08/14/2019,589.0
1028,Foraker 6UMH,08/15/2019,617.0
1029,Foraker 6UMH,08/16/2019,578.0
1030,Foraker 6UMH,08/17/2019,568.0
1031,Foraker 6UMH,08/18/2019,575.0
1032,Foraker 6UMH,08/19/2019,567.0
1033,Foraker 6UMH,08/20/2019,615.0
1034,Foraker 6UMH,08/21/2019,585.0
1035,Foraker 6UMH,08/22/2019,596.0
1036,Foraker 6UMH,08/23/2019,584.0
1037,Foraker 6UMH,08/24/2019,572.0
1038,Foraker 6UMH,08/25/2019,576.0
1039,Foraker 6UMH,08/26/2019,612.0
1040,Foraker 6UMH,08/27/2019,571.0
1041,Foraker 6UMH,08/28/2019,578.0
1042,Foraker 6UMH,08/29/2019,556.0
1043,Foraker 6UMH,08/30/2019,576.0
1044,Foraker 6UMH,08/31/2019,576.0
1045,Foraker 6UMH,09/01/2019,560.0
1046,Foraker 6UMH,09/02/2019,566.0
1047,Foraker 6UMH,09/03/2019,541.0
1048,Foraker 6UMH,09/04/2019,545.0
1049,Foraker 6UMH,09/05/2019,583.0
1050,Foraker 6UMH,09/06/2019,576.0
1051,Foraker 6UMH,09/07/2019,535.0
1052,Foraker 6UMH,09/08/2019,546.0
1053,Foraker 6UMH,09/09/2019,555.0
1054,Foraker 6UMH,09/10/2019,534.0
1055,Foraker 6UMH,09/11/2019,521.0
1056,Foraker 6UMH,09/12/2019,527.0
1057,Foraker 6UMH,09/13/2019,564.0
1058,Foraker 6UMH,09/14/2019,553.0
1059,Foraker 6UMH,09/15/2019,528.0
1060,Foraker 6UMH,09/16/2019,517.0
1061,Foraker 6UMH,09/17/2019,521.0
1062,Foraker 6UMH,09/18/2019,514.0
1063,Foraker 6UMH,09/19/2019,555.0
1064,Foraker 6UMH,09/20/2019,515.0
1065,Foraker 6UMH,09/21/2019,507.0
1066,Foraker 6UMH,09/22/2019,501.0
1067,Foraker 6UMH,09/23/2019,501.0
1068,Foraker 6UMH,09/24/2019,533.0
1069,Foraker 6UMH,09/25/2019,521.0
1070,Foraker 6UMH,09/26/2019,547.0
1071,Foraker 6UMH,09/27/2019,539.0
1072,Foraker 7SMH,04/05/2019,4676.0
1073,Foraker 7SMH,04/06/2019,4469.0
1074,Foraker 7SMH,04/07/2019,4174.0
1075,Foraker 7SMH,04/08/2019,3932.0
1076,Foraker 7SMH,04/09/2019,3739.0
1077,Foraker 7SMH,04/10/2019,3557.0
1078,Foraker 7SMH,04/11/2019,3372.0
1079,Foraker 7SMH,04/12/2019,3181.0
1080,Foraker 7SMH,04/13/2019,3005.0
1081,Foraker 7SMH,04/14/2019,2841.0
1082,Foraker 7SMH,04/15/2019,2596.0
1083,Foraker 7SMH,04/16/2019,2477.0
1084,Foraker 7SMH,04/17/2019,2382.0
1085,Foraker 7SMH,04/18/2019,2297.0
1086,Foraker 7SMH,04/19/2019,2217.0
1087,Foraker 7SMH,04/20/2019,2144.0
1088,Foraker 7SMH,04/21/2019,2081.0
1089,Foraker 7SMH,04/22/2019,2019.0
1090,Foraker 7SMH,04/23/2019,1958.0
1091,Foraker 7SMH,04/24/2019,1901.0
1092,Foraker 7SMH,04/25/2019,1848.0
1093,Foraker 7SMH,04/26/2019,1794.0
1094,Foraker 7SMH,04/27/2019,1743.0
1095,Foraker 7SMH,04/28/2019,1700.0
1096,Foraker 7SMH,04/29/2019,1661.0
1097,Foraker 7SMH,04/30/2019,1620.0
1098,Foraker 7SMH,05/01/2019,1585.0
1099,Foraker 7SMH,05/02/2019,1548.0
1100,Foraker 7SMH,05/03/2019,1515.0
1101,Foraker 7SMH,05/04/2019,1486.0
1102,Foraker 7SMH,05/05/2019,1464.0
1103,Foraker 7SMH,05/06/2019,1462.0
1104,Foraker 7SMH,05/07/2019,1454.0
1105,Foraker 7SMH,05/08/2019,1433.0
1106,Foraker 7SMH,05/09/2019,1369.0
1107,Foraker 7SMH,05/10/2019,1418.0
1108,Foraker 7SMH,05/11/2019,1404.0
1109,Foraker 7SMH,05/12/2019,1375.0
1110,Foraker 7SMH,05/13/2019,1343.0
1111,Foraker 7SMH,05/14/2019,1304.0
1112,Foraker 7SMH,05/15/2019,1285.0
1113,Foraker 7SMH,05/16/2019,1273.0
1114,Foraker 7SMH,05/17/2019,1260.0
1115,Foraker 7SMH,05/18/2019,1245.0
1116,Foraker 7SMH,05/19/2019,1225.0
1117,Foraker 7SMH,05/20/2019,1222.0
1118,Foraker 7SMH,05/21/2019,1203.0
1119,Foraker 7SMH,05/22/2019,1184.0
1120,Foraker 7SMH,05/23/2019,1187.0
1121,Foraker 7SMH,05/24/2019,1180.0
1122,Foraker 7SMH,05/25/2019,1163.0
1123,Foraker 7SMH,05/26/2019,1143.0
1124,Foraker 7SMH,05/27/2019,1135.0
1125,Foraker 7SMH,05/28/2019,1110.0
1126,Foraker 7SMH,05/29/2019,1090.0
1127,Foraker 7SMH,05/30/2019,1083.0
1128,Foraker 7SMH,05/31/2019,1076.0
1129,Foraker 7SMH,06/01/2019,1078.0
1130,Foraker 7SMH,06/02/2019,1055.0
1131,Foraker 7SMH,06/03/2019,1039.0
1132,Foraker 7SMH,06/04/2019,1029.0
1133,Foraker 7SMH,06/05/2019,1016.0
1134,Foraker 7SMH,06/06/2019,1018.0
1135,Foraker 7SMH,06/07/2019,996.0
1136,Foraker 7SMH,06/08/2019,990.0
1137,Foraker 7SMH,06/09/2019,988.0
1138,Foraker 7SMH,06/10/2019,989.0
1139,Foraker 7SMH,06/11/2019,972.0
1140,Foraker 7SMH,06/12/2019,932.0
1141,Foraker 7SMH,06/13/2019,925.0
1142,Foraker 7SMH,06/14/2019,912.0
1143,Foraker 7SMH,06/15/2019,906.0
1144,Foraker 7SMH,06/16/2019,896.0
1145,Foraker 7SMH,06/17/2019,930.0
1146,Foraker 7SMH,06/18/2019,920.0
1147,Foraker 7SMH,06/19/2019,895.0
1148,Foraker 7SMH,06/20/2019,881.0
1149,Foraker 7SMH,06/21/2019,875.0
1150,Foraker 7SMH,06/22/2019,870.0
1151,Foraker 7SMH,06/23/2019,863.0
1152,Foraker 7SMH,06/24/2019,844.0
1153,Foraker 7SMH,06/25/2019,837.0
1154,Foraker 7SMH,06/26/2019,842.0
1155,Foraker 7SMH,06/27/2019,835.0
1156,Foraker 7SMH,06/28/2019,811.0
1157,Foraker 7SMH,06/29/2019,804.0
1158,Foraker 7SMH,06/30/2019,808.0
1159,Foraker 7SMH,07/01/2019,809.0
1160,Foraker 7SMH,07/02/2019,794.0
1161,Foraker 7SMH,07/03/2019,783.0
1162,Foraker 7SMH,07/04/2019,779.0
1163,Foraker 7SMH,07/05/2019,775.0
1164,Foraker 7SMH,07/06/2019,763.0
1165,Foraker 7SMH,07/07/2019,758.0
1166,Foraker 7SMH,07/08/2019,755.0
1167,Foraker 7SMH,07/09/2019,750.0
1168,Foraker 7SMH,07/10/2019,748.0
1169,Foraker 7SMH,07/11/2019,732.0
1170,Foraker 7SMH,07/12/2019,723.0
1171,Foraker 7SMH,07/13/2019,740.0
1172,Foraker 7SMH,07/14/2019,742.0
1173,Foraker 7SMH,07/15/2019,744.0
1174,Foraker 7SMH,07/16/2019,736.0
1175,Foraker 7SMH,07/17/2019,729.0
1176,Foraker 7SMH,07/18/2019,723.0
1177,Foraker 7SMH,07/19/2019,734.0
1178,Foraker 7SMH,07/20/2019,731.0
1179,Foraker 7SMH,07/21/2019,723.0
1180,Foraker 7SMH,07/22/2019,712.0
1181,Foraker 7SMH,07/23/2019,706.0
1182,Foraker 7SMH,07/24/2019,706.0
1183,Foraker 7SMH,07/25/2019,700.0
1184,Foraker 7SMH,07/26/2019,695.0
1185,Foraker 7SMH,07/27/2019,693.0
1186,Foraker 7SMH,07/28/2019,690.0
1187,Foraker 7SMH,07/29/2019,689.0
1188,Foraker 7SMH,07/30/2019,694.0
1189,Foraker 7SMH,07/31/2019,699.0
1190,Foraker 7SMH,08/01/2019,693.0
1191,Foraker 7SMH,08/02/2019,674.0
1192,Foraker 7SMH,08/03/2019,671.0
1193,Foraker 7SMH,08/04/2019,666.0
1194,Foraker 7SMH,08/05/2019,661.0
1195,Foraker 7SMH,08/06/2019,658.0
1196,Foraker 7SMH,08/07/2019,658.0
1197,Foraker 7SMH,08/08/2019,674.0
1198,Foraker 7SMH,08/09/2019,665.0
1199,Foraker 7SMH,08/10/2019,655.0
1200,Foraker 7SMH,08/11/2019,664.0
1201,Foraker 7SMH,08/12/2019,669.0
1202,Foraker 7SMH,08/13/2019,664.0
1203,Foraker 7SMH,08/14/2019,669.0
1204,Foraker 7SMH,08/15/2019,645.0
1205,Foraker 7SMH,08/16/2019,659.0
1206,Foraker 7SMH,08/17/2019,645.0
1207,Foraker 7SMH,08/18/2019,647.0
1208,Foraker 7SMH,08/19/2019,642.0
1209,Foraker 7SMH,08/20/2019,646.0
1210,Foraker 7SMH,08/21/2019,641.0
1211,Foraker 7SMH,08/22/2019,653.0
1212,Foraker 7SMH,08/23/2019,663.0
1213,Foraker 7SMH,08/24/2019,654.0
1214,Foraker 7SMH,08/25/2019,641.0
1215,Foraker 7SMH,08/26/2019,636.0
1216,Foraker 7SMH,08/27/2019,631.0
1217,Foraker 7SMH,08/28/2019,662.0
1218,Foraker 7SMH,08/29/2019,639.0
1219,Foraker 7SMH,08/30/2019,633.0
1220,Foraker 7SMH,08/31/2019,630.0
1221,Foraker 7SMH,09/01/2019,614.0
1222,Foraker 7SMH,09/02/2019,616.0
1223,Foraker 7SMH,09/03/2019,611.0
1224,Foraker 7SMH,09/04/2019,610.0
1225,Foraker 7SMH,09/05/2019,611.0
1226,Foraker 7SMH,09/06/2019,603.0
1227,Foraker 7SMH,09/07/2019,601.0
1228,Foraker 7SMH,09/08/2019,595.0
1229,Foraker 7SMH,09/09/2019,606.0
1230,Foraker 7SMH,09/10/2019,593.0
1231,Foraker 7SMH,09/11/2019,597.0
1232,Foraker 7SMH,09/12/2019,597.0
1233,Foraker 7SMH,09/13/2019,596.0
1234,Foraker 7SMH,09/14/2019,595.0
1235,Foraker 7SMH,09/15/2019,592.0
1236,Foraker 7SMH,09/16/2019,602.0
1237,Foraker 7SMH,09/17/2019,602.0
1238,Foraker 7SMH,09/18/2019,606.0
1239,Foraker 7SMH,09/19/2019,610.0
1240,Foraker 7SMH,09/20/2019,596.0
1241,Foraker 7SMH,09/21/2019,592.0
1242,Foraker 7SMH,09/22/2019,598.0
1243,Foraker 7SMH,09/23/2019,593.0
1244,Foraker 7SMH,09/24/2019,596.0
1245,Foraker 7SMH,09/25/2019,598.0
1246,Foraker 7SMH,09/26/2019,615.0
1247,Foraker 7SMH,09/27/2019,605.0
1248,Foraker 8UMH,04/05/2019,4048.0
1249,Foraker 8UMH,04/06/2019,4634.0
1250,Foraker 8UMH,04/07/2019,4412.0
1251,Foraker 8UMH,04/08/2019,4164.0
1252,Foraker 8UMH,04/09/2019,3929.0
1253,Foraker 8UMH,04/10/2019,3723.0
1254,Foraker 8UMH,04/11/2019,3408.0
1255,Foraker 8UMH,04/12/2019,3283.0
1256,Foraker 8UMH,04/13/2019,3434.0
1257,Foraker 8UMH,04/14/2019,3336.0
1258,Foraker 8UMH,04/15/2019,3008.0
1259,Foraker 8UMH,04/16/2019,2913.0
1260,Foraker 8UMH,04/17/2019,2700.0
1261,Foraker 8UMH,04/18/2019,2533.0
1262,Foraker 8UMH,04/19/2019,2381.0
1263,Foraker 8UMH,04/20/2019,2370.0
1264,Foraker 8UMH,04/21/2019,2162.0
1265,Foraker 8UMH,04/22/2019,2270.0
1266,Foraker 8UMH,04/23/2019,2660.0
1267,Foraker 8UMH,04/24/2019,2411.0
1268,Foraker 8UMH,04/25/2019,2210.0
1269,Foraker 8UMH,04/26/2019,2086.0
1270,Foraker 8UMH,04/27/2019,2028.0
1271,Foraker 8UMH,04/28/2019,1990.0
1272,Foraker 8UMH,04/29/2019,1870.0
1273,Foraker 8UMH,04/30/2019,1776.0
1274,Foraker 8UMH,05/01/2019,1738.0
1275,Foraker 8UMH,05/02/2019,1643.0
1276,Foraker 8UMH,05/03/2019,1572.0
1277,Foraker 8UMH,05/04/2019,1509.0
1278,Foraker 8UMH,05/05/2019,1478.0
1279,Foraker 8UMH,05/06/2019,1429.0
1280,Foraker 8UMH,05/07/2019,1412.0
1281,Foraker 8UMH,05/08/2019,1377.0
1282,Foraker 8UMH,05/09/2019,1390.0
1283,Foraker 8UMH,05/10/2019,1393.0
1284,Foraker 8UMH,05/11/2019,1393.0
1285,Foraker 8UMH,05/12/2019,1322.0
1286,Foraker 8UMH,05/13/2019,1288.0
1287,Foraker 8UMH,05/14/2019,1395.0
1288,Foraker 8UMH,05/15/2019,1389.0
1289,Foraker 8UMH,05/16/2019,1367.0
1290,Foraker 8UMH,05/17/2019,1316.0
1291,Foraker 8UMH,05/18/2019,1222.0
1292,Foraker 8UMH,05/19/2019,1197.0
1293,Foraker 8UMH,05/20/2019,1222.0
1294,Foraker 8UMH,05/21/2019,1155.0
1295,Foraker 8UMH,05/22/2019,1123.0
1296,Foraker 8UMH,05/23/2019,1062.0
1297,Foraker 8UMH,05/24/2019,1026.0
1298,Foraker 8UMH,05/25/2019,1066.0
1299,Foraker 8UMH,05/26/2019,1059.0
1300,Foraker 8UMH,05/27/2019,1078.0
1301,Foraker 8UMH,05/28/2019,1059.0
1302,Foraker 8UMH,05/29/2019,1012.0
1303,Foraker 8UMH,05/30/2019,986.0
1304,Foraker 8UMH,05/31/2019,989.0
1305,Foraker 8UMH,06/01/2019,985.0
1306,Foraker 8UMH,06/02/2019,972.0
1307,Foraker 8UMH,06/03/2019,947.0
1308,Foraker 8UMH,06/04/2019,880.0
1309,Foraker 8UMH,06/05/2019,907.0
1310,Foraker 8UMH,06/06/2019,828.0
1311,Foraker 8UMH,06/07/2019,839.0
1312,Foraker 8UMH,06/08/2019,820.0
1313,Foraker 8UMH,06/09/2019,787.0
1314,Foraker 8UMH,06/10/2019,773.0
1315,Foraker 8UMH,06/11/2019,783.0
1316,Foraker 8UMH,06/12/2019,727.0
1317,Foraker 8UMH,06/13/2019,711.0
1318,Foraker 8UMH,06/14/2019,657.0
1319,Foraker 8UMH,06/15/2019,673.0
1320,Foraker 8UMH,06/16/2019,640.0
1321,Foraker 8UMH,06/17/2019,696.0
1322,Foraker 8UMH,06/18/2019,663.0
1323,Foraker 8UMH,06/19/2019,663.0
1324,Foraker 8UMH,06/20/2019,631.0
1325,Foraker 8UMH,06/21/2019,642.0
1326,Foraker 8UMH,06/22/2019,638.0
1327,Foraker 8UMH,06/23/2019,633.0
1328,Foraker 8UMH,06/24/2019,609.0
1329,Foraker 8UMH,06/25/2019,586.0
1330,Foraker 8UMH,06/26/2019,579.0
1331,Foraker 8UMH,06/27/2019,569.0
1332,Foraker 8UMH,06/28/2019,557.0
1333,Foraker 8UMH,06/29/2019,552.0
1334,Foraker 8UMH,06/30/2019,550.0
1335,Foraker 8UMH,07/01/2019,579.0
1336,Foraker 8UMH,07/02/2019,551.0
1337,Foraker 8UMH,07/03/2019,538.0
1338,Foraker 8UMH,07/04/2019,532.0
1339,Foraker 8UMH,07/05/2019,492.0
1340,Foraker 8UMH,07/06/2019,492.0
1341,Foraker 8UMH,07/07/2019,488.0
1342,Foraker 8UMH,07/08/2019,482.0
1343,Foraker 8UMH,07/09/2019,474.0
1344,Foraker 8UMH,07/10/2019,469.0
1345,Foraker 8UMH,07/11/2019,451.0
1346,Foraker 8UMH,07/12/2019,462.0
1347,Foraker 8UMH,07/13/2019,481.0
1348,Foraker 8UMH,07/14/2019,445.0
1349,Foraker 8UMH,07/15/2019,437.0
1350,Foraker 8UMH,07/16/2019,475.0
1351,Foraker 8UMH,07/17/2019,449.0
1352,Foraker 8UMH,07/18/2019,453.0
1353,Foraker 8UMH,07/19/2019,421.0
1354,Foraker 8UMH,07/20/2019,452.0
1355,Foraker 8UMH,07/21/2019,418.0
1356,Foraker 8UMH,07/22/2019,421.0
1357,Foraker 8UMH,07/23/2019,293.0
1358,Foraker 8UMH,07/24/2019,319.0
1359,Foraker 8UMH,07/25/2019,366.0
1360,Foraker 8UMH,07/26/2019,418.0
1361,Foraker 8UMH,07/27/2019,396.0
1362,Foraker 8UMH,07/28/2019,389.0
1363,Foraker 8UMH,07/29/2019,409.0
1364,Foraker 8UMH,07/30/2019,369.0
1365,Foraker 8UMH,07/31/2019,371.0
1366,Foraker 8UMH,08/01/2019,374.0
1367,Foraker 8UMH,08/02/2019,361.0
1368,Foraker 8UMH,08/03/2019,343.0
1369,Foraker 8UMH,08/04/2019,337.0
1370,Foraker 8UMH,08/05/2019,336.0
1371,Foraker 8UMH,08/06/2019,348.0
1372,Foraker 8UMH,08/07/2019,322.0
1373,Foraker 8UMH,08/08/2019,342.0
1374,Foraker 8UMH,08/09/2019,301.0
1375,Foraker 8UMH,08/10/2019,304.0
1376,Foraker 8UMH,08/11/2019,313.0
1377,Foraker 8UMH,08/12/2019,340.0
1378,Foraker 8UMH,08/13/2019,313.0
1379,Foraker 8UMH,08/14/2019,304.0
1380,Foraker 8UMH,08/15/2019,287.0
1381,Foraker 8UMH,08/16/2019,391.0
1382,Foraker 8UMH,08/17/2019,182.0
1383,Foraker 8UMH,08/18/2019,165.0
1384,Foraker 8UMH,08/19/2019,2994.0
1385,Foraker 8UMH,08/20/2019,314.0
1386,Foraker 8UMH,08/21/2019,250.0
1387,Foraker 8UMH,08/22/2019,288.0
1388,Foraker 8UMH,08/23/2019,269.0
1389,Foraker 8UMH,08/24/2019,268.0
1390,Foraker 8UMH,08/25/2019,252.0
1391,Foraker 8UMH,08/26/2019,234.0
1392,Foraker 8UMH,08/27/2019,191.0
1393,Foraker 8UMH,08/28/2019,278.0
1394,Foraker 8UMH,08/29/2019,223.0
1395,Foraker 8UMH,08/30/2019,236.0
1396,Foraker 8UMH,08/31/2019,200.0
1397,Foraker 8UMH,09/01/2019,197.0
1398,Foraker 8UMH,09/02/2019,179.0
1399,Foraker 8UMH,09/03/2019,214.0
1400,Foraker 8UMH,09/04/2019,195.0
1401,Foraker 8UMH,09/05/2019,225.0
1402,Foraker 8UMH,09/06/2019,173.0
1403,Foraker 8UMH,09/07/2019,206.0
1404,Foraker 8UMH,09/08/2019,190.0
1405,Foraker 8UMH,09/09/2019,241.0
1406,Foraker 8UMH,09/10/2019,168.0
1407,Foraker 8UMH,09/11/2019,191.0
1408,Foraker 8UMH,09/12/2019,168.0
1409,Foraker 8UMH,09/13/2019,192.0
1410,Foraker 8UMH,09/14/2019,208.0
1411,Foraker 8UMH,09/15/2019,197.0
1412,Foraker 8UMH,09/16/2019,198.0
1413,Foraker 8UMH,09/17/2019,191.0
1414,Foraker 8UMH,09/18/2019,196.0
1415,Foraker 8UMH,09/19/2019,196.0
1416,Foraker 8UMH,09/20/2019,191.0
1417,Foraker 8UMH,09/21/2019,193.0
1418,Foraker 8UMH,09/22/2019,180.0
1419,Foraker 8UMH,09/23/2019,190.0
1420,Foraker 8UMH,09/24/2019,190.0
1421,Foraker 8UMH,09/25/2019,197.0
1422,Foraker 8UMH,09/26/2019,180.0
1423,Foraker 8UMH,09/27/2019,170.0
1424,Foraker 9LMH,04/05/2019,3233.0
1425,Foraker 9LMH,04/06/2019,4442.0
1426,Foraker 9LMH,04/07/2019,4151.0
1427,Foraker 9LMH,04/08/2019,3924.0
1428,Foraker 9LMH,04/09/2019,3652.0
1429,Foraker 9LMH,04/10/2019,3445.0
1430,Foraker 9LMH,04/11/2019,3252.0
1431,Foraker 9LMH,04/12/2019,3073.0
1432,Foraker 9LMH,04/13/2019,2909.0
1433,Foraker 9LMH,04/14/2019,2761.0
1434,Foraker 9LMH,04/15/2019,2651.0
1435,Foraker 9LMH,04/16/2019,2568.0
1436,Foraker 9LMH,04/17/2019,2472.0
1437,Foraker 9LMH,04/18/2019,2395.0
1438,Foraker 9LMH,04/19/2019,2282.0
1439,Foraker 9LMH,04/20/2019,2205.0
1440,Foraker 9LMH,04/21/2019,2134.0
1441,Foraker 9LMH,04/22/2019,2063.0
1442,Foraker 9LMH,04/23/2019,1997.0
1443,Foraker 9LMH,04/24/2019,1938.0
1444,Foraker 9LMH,04/25/2019,1880.0
1445,Foraker 9LMH,04/26/2019,1825.0
1446,Foraker 9LMH,04/27/2019,1774.0
1447,Foraker 9LMH,04/28/2019,1727.0
1448,Foraker 9LMH,04/29/2019,1683.0
1449,Foraker 9LMH,04/30/2019,1639.0
1450,Foraker 9LMH,05/01/2019,1595.0
1451,Foraker 9LMH,05/02/2019,1558.0
1452,Foraker 9LMH,05/03/2019,1520.0
1453,Foraker 9LMH,05/04/2019,1511.0
1454,Foraker 9LMH,05/05/2019,1485.0
1455,Foraker 9LMH,05/06/2019,1452.0
1456,Foraker 9LMH,05/07/2019,1402.0
1457,Foraker 9LMH,05/08/2019,1355.0
1458,Foraker 9LMH,05/09/2019,1332.0
1459,Foraker 9LMH,05/10/2019,1324.0
1460,Foraker 9LMH,05/11/2019,1303.0
1461,Foraker 9LMH,05/12/2019,1277.0
1462,Foraker 9LMH,05/13/2019,1248.0
1463,Foraker 9LMH,05/14/2019,1240.0
1464,Foraker 9LMH,05/15/2019,1213.0
1465,Foraker 9LMH,05/16/2019,1188.0
1466,Foraker 9LMH,05/17/2019,1168.0
1467,Foraker 9LMH,05/18/2019,1153.0
1468,Foraker 9LMH,05/19/2019,1136.0
1469,Foraker 9LMH,05/20/2019,1121.0
1470,Foraker 9LMH,05/21/2019,1102.0
1471,Foraker 9LMH,05/22/2019,1085.0
1472,Foraker 9LMH,05/23/2019,1072.0
1473,Foraker 9LMH,05/24/2019,1061.0
1474,Foraker 9LMH,05/25/2019,1048.0
1475,Foraker 9LMH,05/26/2019,1036.0
1476,Foraker 9LMH,05/27/2019,1027.0
1477,Foraker 9LMH,05/28/2019,1013.0
1478,Foraker 9LMH,05/29/2019,1002.0
1479,Foraker 9LMH,05/30/2019,991.0
1480,Foraker 9LMH,05/31/2019,985.0
1481,Foraker 9LMH,06/01/2019,985.0
1482,Foraker 9LMH,06/02/2019,931.0
1483,Foraker 9LMH,06/03/2019,915.0
1484,Foraker 9LMH,06/04/2019,904.0
1485,Foraker 9LMH,06/05/2019,896.0
1486,Foraker 9LMH,06/06/2019,889.0
1487,Foraker 9LMH,06/07/2019,885.0
1488,Foraker 9LMH,06/08/2019,875.0
1489,Foraker 9LMH,06/09/2019,867.0
1490,Foraker 9LMH,06/10/2019,863.0
1491,Foraker 9LMH,06/11/2019,850.0
1492,Foraker 9LMH,06/12/2019,848.0
1493,Foraker 9LMH,06/13/2019,841.0
1494,Foraker 9LMH,06/14/2019,835.0
1495,Foraker 9LMH,06/15/2019,830.0
1496,Foraker 9LMH,06/16/2019,821.0
1497,Foraker 9LMH,06/17/2019,880.0
1498,Foraker 9LMH,06/18/2019,859.0
1499,Foraker 9LMH,06/19/2019,844.0
1500,Foraker 9LMH,06/20/2019,835.0
1501,Foraker 9LMH,06/21/2019,830.0
1502,Foraker 9LMH,06/22/2019,825.0
1503,Foraker 9LMH,06/23/2019,819.0
1504,Foraker 9LMH,06/24/2019,810.0
1505,Foraker 9LMH,06/25/2019,807.0
1506,Foraker 9LMH,06/26/2019,805.0
1507,Foraker 9LMH,06/27/2019,801.0
1508,Foraker 9LMH,06/28/2019,786.0
1509,Foraker 9LMH,06/29/2019,779.0
1510,Foraker 9LMH,06/30/2019,777.0
1511,Foraker 9LMH,07/01/2019,773.0
1512,Foraker 9LMH,07/02/2019,766.0
1513,Foraker 9LMH,07/03/2019,763.0
1514,Foraker 9LMH,07/04/2019,763.0
1515,Foraker 9LMH,07/05/2019,751.0
1516,Foraker 9LMH,07/06/2019,747.0
1517,Foraker 9LMH,07/07/2019,744.0
1518,Foraker 9LMH,07/08/2019,740.0
1519,Foraker 9LMH,07/09/2019,737.0
1520,Foraker 9LMH,07/10/2019,734.0
1521,Foraker 9LMH,07/11/2019,712.0
1522,Foraker 9LMH,07/12/2019,704.0
1523,Foraker 9LMH,07/13/2019,710.0
1524,Foraker 9LMH,07/14/2019,707.0
1525,Foraker 9LMH,07/15/2019,704.0
1526,Foraker 9LMH,07/16/2019,702.0
1527,Foraker 9LMH,07/17/2019,699.0
1528,Foraker 9LMH,07/18/2019,695.0
1529,Foraker 9LMH,07/19/2019,691.0
1530,Foraker 9LMH,07/20/2019,692.0
1531,Foraker 9LMH,07/21/2019,687.0
1532,Foraker 9LMH,07/22/2019,684.0
1533,Foraker 9LMH,07/23/2019,682.0
1534,Foraker 9LMH,07/24/2019,677.0
1535,Foraker 9LMH,07/25/2019,665.0
1536,Foraker 9LMH,07/26/2019,673.0
1537,Foraker 9LMH,07/27/2019,673.0
1538,Foraker 9LMH,07/28/2019,663.0
1539,Foraker 9LMH,07/29/2019,667.0
1540,Foraker 9LMH,07/30/2019,667.0
1541,Foraker 9LMH,07/31/2019,671.0
1542,Foraker 9LMH,08/01/2019,661.0
1543,Foraker 9LMH,08/02/2019,649.0
1544,Foraker 9LMH,08/03/2019,645.0
1545,Foraker 9LMH,08/04/2019,639.0
1546,Foraker 9LMH,08/05/2019,634.0
1547,Foraker 9LMH,08/06/2019,632.0
1548,Foraker 9LMH,08/07/2019,626.0
1549,Foraker 9LMH,08/08/2019,639.0
1550,Foraker 9LMH,08/09/2019,627.0
1551,Foraker 9LMH,08/10/2019,622.0
1552,Foraker 9LMH,08/11/2019,629.0
1553,Foraker 9LMH,08/12/2019,633.0
1554,Foraker 9LMH,08/13/2019,624.0
1555,Foraker 9LMH,08/14/2019,620.0
1556,Foraker 9LMH,08/15/2019,612.0
1557,Foraker 9LMH,08/16/2019,614.0
1558,Foraker 9LMH,08/17/2019,609.0
1559,Foraker 9LMH,08/18/2019,612.0
1560,Foraker 9LMH,08/19/2019,616.0
1561,Foraker 9LMH,08/20/2019,609.0
1562,Foraker 9LMH,08/21/2019,605.0
1563,Foraker 9LMH,08/22/2019,609.0
1564,Foraker 9LMH,08/23/2019,620.0
1565,Foraker 9LMH,08/24/2019,607.0
1566,Foraker 9LMH,08/25/2019,601.0
1567,Foraker 9LMH,08/26/2019,595.0
1568,Foraker 9LMH,08/27/2019,587.0
1569,Foraker 9LMH,08/28/2019,
1570,Foraker 9LMH,08/29/2019,
1571,Foraker 9LMH,08/30/2019,591.0
1572,Foraker 9LMH,08/31/2019,592.0
1573,Foraker 9LMH,09/01/2019,580.0
1574,Foraker 9LMH,09/02/2019,575.0
1575,Foraker 9LMH,09/03/2019,575.0
1576,Foraker 9LMH,09/04/2019,574.0
1577,Foraker 9LMH,09/05/2019,573.0
1578,Foraker 9LMH,09/06/2019,564.0
1579,Foraker 9LMH,09/07/2019,563.0
1580,Foraker 9LMH,09/08/2019,559.0
1581,Foraker 9LMH,09/09/2019,567.0
1582,Foraker 9LMH,09/10/2019,555.0
1583,Foraker 9LMH,09/11/2019,553.0
1584,Foraker 9LMH,09/12/2019,552.0
1585,Foraker 9LMH,09/13/2019,558.0
1586,Foraker 9LMH,09/14/2019,557.0
1587,Foraker 9LMH,09/15/2019,548.0
1588,Foraker 9LMH,09/16/2019,554.0
1589,Foraker 9LMH,09/17/2019,549.0
1590,Foraker 9LMH,09/18/2019,547.0
1591,Foraker 9LMH,09/19/2019,543.0
1592,Foraker 9LMH,09/20/2019,541.0
1593,Foraker 9LMH,09/21/2019,539.0
1594,Foraker 9LMH,09/22/2019,540.0
1595,Foraker 9LMH,09/23/2019,539.0
1596,Foraker 9LMH,09/24/2019,536.0
1597,Foraker 9LMH,09/25/2019,537.0
1598,Foraker 9LMH,09/26/2019,541.0
1599,Foraker 9LMH,09/27/2019,541.0
