Well,WellAPI,Formation,Well.Name,API_14,Target,Interval,FormationWC,SH_Lat,SH_Long,ISOCHORE,BVW,PHIT,PR,SWT,VCL,YM,WC_PGRAD,P_Res,WCA_GOR,Spac_3D_AVG,Parent_Offsets,Spac_2D_Box,LAT_LENGTH_BEST,PPG,Prop_ft,Fluid_ft,Avg_Stg_Len,Avg_Clust_Spc,Clusters_per_Stage,Rate_per_cluster,Liner_Type,PRIMARY_FLUID,TVD,CumOil_1Months_F,CumOil_2Months_F,CumOil_3Months_F,CumOil_6Months_F,CumOil_9Months_F,CumOil_12Months_F,CumOil_18Months_F,CumOil_24Months_F,WBR_6Months_F,WOR1m,WOR2m,WOR3m,WOR6m,WOR9m,WOR12m,WOR18m,WOR24m,GOR1m,GOR2m,GOR3m,GOR6m,GOR9m,GOR12m,GOR18m,GOR24m,Time_on_days,Spud_Date,Frac_Date,First_Prod_Timing,Category
apc.fee.1.40.3h,4.23E+13,w1.alpha,APC.FEE.1.40.3H,4.23E+13,07_W1_ALPHA,ALPHA,WC,31.67057,-103.4541,48.09902872,2.319936219,0.080282029,0.080282029,0.600788206,0.147392925,38.67234368,0.845429872,9470.505426,1468.748419,1123.998119,2,1121.954963,4579,1.236470619,390.2651234,7.514959598,508.7777778,508.7777778,1,48.78,SSLEEVE,CROSSLINK,11202,10693.16149,22241.00149,31193.52153,45344.71153,54703.63655,61950.97157,74520.46659,85767.71658,1.850204721,2.584166242,2.106008312,2.044137006,2.303118931,2.350447509,2.152150077,2.445773983,2.141680107,1820.084469,1609.164002,1577.269974,1623.150769,1804.556411,1751.816575,1575.35889,1400.889774,1649.1667,5/13/2012,8/9/2012,4.166666667,General
apc.fee.1.40.4h,4.23E+13,w1.alpha,APC.FEE.1.40.4H,4.23E+13,07_W1_ALPHA,ALPHA,WC,31.66693,-103.44928,47.66144758,2.287712475,0.079972283,0.079972283,0.60019824,0.145247744,38.96368519,0.846117067,9475.665033,1491.233642,1273.997571,2,1271.274465,4625,1.181444519,391.1610811,7.883027027,513.8888889,513.8888889,1,49.78,SSLEEVE,CROSSLINK,11199,18273.87829,33380.98844,43909.38851,67896.72855,81813.56855,89792.27356,134027.2785,165623.7134,1.715434957,2.478594829,1.943949935,2.183068959,2.141787344,2.404882664,2.528791345,2.469561138,2.165299153,1728.607457,1705.402276,1646.877653,1640.544511,2181.544977,2080.11857,1706.740609,1571.141088,1518.4167,6/22/2012,8/10/2012,2.866666667,General
apc.fee.1.50.3h,4.23E+13,Nan,APC.FEE.1.50.UNIT.3H,4.23E+13,11_MIDDLE_BETA,BETA,WC,31.69715,-103.4897,87.93987304,3.380522111,0.09693809,0.218694515,0.396555053,0.231884962,34.838832,0.837476617,9651.080534,1548.827181,834.2405238,3,566.0293177,4036,0.709314451,1434.960357,48.1672448,168.1666667,33.63333333,5,17.58083333,PNP,SLICKWATER FRAC,11524,19070.39838,29055.70838,37822.62336,74288.47342,102444.7684,127488.5334,162324.9635,194886.7836,3.283948558,4.794988411,4.072467452,4.04063249,4.131660023,4.161786352,4.122032248,4.242396572,3.986499747,1660.157992,1530.864649,1539.540442,1799.518009,1874.369857,2058.967388,2151.879037,2047.358064,990.625,9/12/2013,5/9/2014,9.4,General
apc.fee.1.50.4h,4.23E+13,middle.beta,APC.FEE.1.50.UNIT.4H,4.23E+13,11_MIDDLE_BETA,BETA,WC,31.69541,-103.48738,88.05198728,3.390738521,0.09754627,0.219902731,0.394770299,0.229876407,34.619501,0.837941785,9665.65849,1503.367385,1180.581605,2,1147.901434,4141,0.730231233,1391.224342,45.36150688,295.7857143,32.86507937,9,11.07301587,PNP,SLICKWATER FRAC,11535,13690.80299,29400.923,41999.20307,69826.4981,92249.60808,114005.333,146880.968,172405.758,4.900007572,5.06056234,3.696817099,4.60702946,6.1277595,4.447555531,4.271481315,4.673847193,4.830209191,1533.756738,1425.444206,1761.090217,1946.10023,1848.067506,1902.519904,2135.705326,2239.518041,1170.4583,9/17/2013,11/20/2013,4,General
ashlock.1.34.2h,4.23E+13,middle.beta,ASHLOCK.1.34.UNIT.2H,4.23E+13,11_MIDDLE_BETA,BETA,WC,31.66006,-103.44635,88.04086475,3.898507619,0.10152573,0.219745654,0.436152099,0.257077242,32.950645,0.846151496,9774.742082,1500.119838,822.7028606,1,743.8101758,4472,0.690833379,1488.193202,51.29047406,165.6296296,32.17266187,5,17.88814815,PNP,SLICKWATER FRAC,11552,14517.85414,28682.12915,41099.85413,73287.35903,102321.804,124477.4339,169880.039,207418.554,2.818156917,4.794265024,4.027347728,3.838792978,3.522752433,2.759295148,3.435009979,3.674978456,3.968505149,1563.37614,1525.864461,1536.382361,1430.344027,1259.982839,1514.462011,1624.986671,2123.046125,1102.5833,12/5/2013,2/28/2014,5.166666667,General
ashlock.1.34.3h,4.23E+13,middle.beta,ASHLOCK.1.34.UNIT.3H,4.23E+13,11_MIDDLE_BETA,BETA,WC,31.65789,-103.44344,88.46389066,4.041561759,0.102549404,0.218656961,0.445502395,0.261051024,32.998414,0.846390448,9792.737483,1499.465292,1138.358352,0,1138.231405,4776,0.671083119,1402.298995,49.75251256,176.8888889,34.35971223,5,17.89259259,PNP,SLICKWATER FRAC,11570,13829.55354,28315.30854,41400.10355,75271.77862,101287.7435,126084.1185,167717.2635,201801.4784,4.139853509,6.738336813,5.510075543,5.557618806,5.17444795,4.503746778,4.643805357,5.395833936,5.521666979,1643.358258,1537.737967,1583.036498,1530.199154,1347.242221,1551.296087,1840.414699,1868.665964,1096.75,11/24/2013,3/9/2014,5.5,General
ashlock.1.34.4h,4.23E+13,middle.beta,ASHLOCK.1.34.UNIT.4H,4.23E+13,11_MIDDLE_BETA,BETA,WC,31.65691,-103.43916,89.30427914,4.141587286,0.103333953,0.216679129,0.448798613,0.26329763,33.13077,0.846871086,9783.054786,1492.597058,1177.196724,0,1177.005027,4664,0.69073652,1439.78988,49.62921527,172.7407407,33.55395684,5,17.49111111,PNP,SLICKWATER FRAC,11552,4957.755001,11926.45003,26405.56008,57854.15016,88648.46508,114500.9951,160906.0952,204913.4952,4.303924413,7.9278663,5.777553213,5.882333215,5.374595233,4.870172556,5.182211254,4.974195958,5.022631017,1923.596597,1288.385456,1707.172408,1604.297904,1518.267261,1567.154699,1731.392291,1773.702429,1113.75,11/12/2013,3/21/2014,5.9,General
avalanche.29.40.unit.1h,4.23E+13,upper.beta,AVALANCHE.29.40.UNIT.1H,4.23E+13,10_UPPER_BETA,BETA,WC,31.73908,-103.45272,70.10974853,2.334089065,0.089829577,0.192009771,0.370612156,0.248335722,38.23357,0.847902199,9796.662007,1481.86992,454.0238554,1,877.5166621,7021,1.029689764,1394.94374,32.25529412,206.5,34.41666667,6,10.16666667,PNP,SLICKWATER FRAC,11554,25804.84983,55618.1951,83280.46991,151007.87,211413.5951,259334.595,333917.3919,394172.3176,2.169610736,3.937630029,3.306330452,2.975520505,2.705457551,2.579628986,2.461465115,2.461465115,2.461465115,1753.473172,1683.981002,1680.369472,1623.861102,1625.310979,1569.097006,1569.097006,1569.097006,399.125,1/5/2016,2/29/2016,5.066666667,General
bagwell.c.27.1.unit.1h,4.23E+13,w1.alpha,BAGWELL.C27.1.1H,4.23E+13,07_W1_ALPHA,ALPHA,WC,31.75254,-103.53691,54.81305625,3.078717132,0.088752394,0.088752394,0.632857154,0.201449841,42.33367781,0.827805335,9234.996317,2655.207582,1400,0,1400,3836,1.212691889,403.8396768,7.928832117,479.5,479.5,1,48.5,SSLEEVE,CROSSLINK,11156,15566.5,35570.5,46659.5,65564.11007,77565.05498,86979.54995,102923.1049,117890.4699,0.789264337,1.729898305,0.851648623,1.140235012,1.138541112,1.063901955,1.348392663,1.387803679,1.569125702,2678.045425,2262.49147,2179.172308,2184.674128,2600.60541,2725.477626,2194.752373,2587.874644,1716.7083,6/16/2012,7/22/2012,2.566666667,General
banner.57.1.21.2h,4.24E+13,middle.beta,BANNER.57.1.21.2H,4.24E+13,11_MIDDLE_BETA,BETA,WC,31.95545,-103.97234,131.1899825,4.843573937,0.076940834,0.205810806,0.479853172,0.220189427,43.978112,0.700152468,7007.826052,4423.940078,1400,0,1400,4495,1.066793751,2254.860957,50.32572191,204.3181818,34.0530303,6,10.10530303,PNP,SLICKWATER FRAC,10009,20785.01503,45075.58519,64385.06515,125537.8952,172097.695,213225.5967,282752.3949,340989.8171,1.220855057,3.235436549,2.214591123,2.163076069,2.121019993,2.121019993,2.121019993,2.121019993,2.121019993,4238.541542,3982.447896,4315.542681,4474.92822,4474.92822,4474.92822,4474.92822,4474.92822,97.875,11/10/2014,12/12/2016,30.4,General
becker.6.29.unit.a.1h,4.24E+13,upper.beta,BECKER.6.29.UNIT.A.1H,4.24E+13,10_UPPER_BETA,BETA,WC,31.37189,-103.45738,60.31482813,2.005276966,0.080609146,0.210261882,0.412444912,0.265062272,38.36811,0.763371825,8052.809382,2039.471787,1400,0,1400,9371,1.023757699,1412.739302,32.85606552,203.7173913,33.95289855,6,10,PNP,SLICKWATER FRAC,10549,30750.21252,59390.9476,91666.16766,186991.1521,254465.3719,303712.2047,385800.6943,453867.4619,0.976966626,1.906984002,1.243676716,1.184971029,1.309049272,1.439372341,1.439372341,1.439372341,1.439372341,1595.227461,3274.700277,2938.995962,3098.228364,3181.923174,3181.923174,3181.923174,3181.923174,215.33333,2/5/2016,5/9/2016,11.66666667,General
betts.53.4.2.1h,4.24E+13,upper.beta,BETTS.UNIT.53.4.2.1H,4.24E+13,10_UPPER_BETA,BETA,WC,31.60856,-103.60125,61.63230233,1.870768068,0.088917802,0.193529344,0.341368024,0.234504035,39.765245,0.8176315,8981.682028,2423.603315,1400,0,1400,6406,1.013403003,1394.985951,32.77467218,206.6451613,34.44086022,6,10,PNP,SLICKWATER FRAC,10985,8557.059975,28480.84992,51131.775,105852.5549,152296.1951,180473.2101,223488.7813,258818.4985,2.901309927,5.217950365,3.396356611,3.922659878,4.07324732,4.087145869,3.934799154,3.934799154,3.934799154,3515.78428,3961.561498,4038.624231,4004.72427,4068.45675,4083.321905,4083.321905,4083.321905,261.70833,1/13/2016,5/19/2016,7.966666667,General
betts.54.4.24.1h,4.24E+13,Nan,BETTS.54.4.24.1H,4.24E+13,12_LOWER_BETA,BETA,WC,31.57746,-103.63519,52.02148309,2.084771962,0.101198075,0.204602,0.396007651,0.206850561,39.43962422,0.798484755,8563.748997,3120.25677,20.553779,1,710.2647191,3947,1.031503169,1381.24905,31.8824829,207.7368421,34.62280702,6,10.16666667,PNP,SLICKWATER FRAC,10725,19552.07978,38436.12473,50474.93472,81690.53458,104554.0396,121292.6646,150495.2047,174521.4825,2.21394381,3.566744945,3.723361674,3.650964357,3.365289336,3.386748935,3.584389914,3.584389914,3.584389914,3260.060967,3532.125666,4002.060879,3942.515242,4156.292045,4156.863884,4156.863884,4156.863884,270.83333,1/9/2016,6/26/2016,10.23333333,General
big.bucks.29.10.2h,4.23E+13,lower.beta,BIG.BUCKS.29.10.2H,4.23E+13,12_LOWER_BETA,BETA,WC,31.80422,-103.46171,55.96165082,1.965659564,0.085553707,0.20848,0.410562193,0.238495208,43.20226942,0.854209711,10323.12436,1402.889205,1400,0,1400,4886,1.072280451,1413.151863,31.37842612,203.5833333,33.93055556,6,10.16666667,PNP,SLICKWATER FRAC,12085,30597.79898,56836.81409,76105.85411,122852.3592,164356.7042,192381.8642,239703.6959,280168.2629,1.609555063,2.192240914,1.978112485,1.966227213,1.985892967,2.029379409,2.181072224,2.181072224,2.181072224,1823.460551,1809.244624,1579.105261,1583.143438,1592.40023,1504.278502,1504.278502,1504.278502,352.83333,11/30/2015,6/14/2016,9.066666667,General
big.easy.54.2.6.1h,4.23E+13,middle.beta,BIG.EASY.54.2.6.UNIT.1H,4.23E+13,11_MIDDLE_BETA,BETA,WC,31.86774,-103.69333,123.6854227,4.131813088,0.077718048,0.209311194,0.429833505,0.205274804,44.198649,0.82064839,9509.673543,3386.019911,673.7602275,0,1036.866756,8725,1.029536511,1415.565616,32.7370063,202.9069767,33.81782946,6,9.666666667,PNP,SLICKWATER FRAC,11588,22522.56,43097.39008,71021.33003,152487.845,206853.305,260502.31,339785.8463,405758.3745,1.617077984,2.879003866,2.68024869,2.577650351,2.529654358,2.350154802,2.524474231,2.524474231,2.524474231,2460.090662,2908.437214,3001.366876,3085.25535,3029.998283,3215.011353,3215.011353,3215.011353,237.79167,5/4/2016,7/14/2016,7.066666667,General
big.horn.state.56.2.9.1h,4.24E+13,middle.beta,BIG.HORN.STATE.56.2.9.UNIT.1H,4.24E+13,11_MIDDLE_BETA,BETA,WC,31.85514,-103.859,135.832981,3.903333127,0.075169837,0.18338415,0.382284577,0.224677579,43.855391,0.757346087,7924.112108,4090.418197,873.4876626,1,873.4304177,4385,1.083060514,2504.944128,55.06758495,199.3181818,33.21969697,6,10,PNP,SLICKWATER FRAC,10463,15716.11276,31966.85783,48043.6327,85650.16247,123130.0945,158605.0704,217533.7059,266177.6072,1.465445077,3.054983771,2.680913351,2.542008674,2.464492278,2.464492278,2.464492278,2.464492278,2.464492278,3699.370955,3681.259548,3758.084316,3777.875637,3777.875637,3777.875637,3777.875637,3777.875637,144.66667,11/18/2014,9/30/2016,28.56666667,General
big.horn.state.56.2.9.2h,4.24E+13,upper.delta,BIG.HORN.STATE.56.2.9.UNIT.2H,4.24E+13,13_UPPER_DELTA,DELTA,WC,31.85514,-103.85908,127.0199844,5.288222965,0.082739197,0.226366554,0.503183511,0.293432622,37.90705224,0.757322455,8042.00715,4090.450491,733.6553724,3,434.5766744,4409,1.052921937,2403.445226,54.34865049,200.4090909,33.40151515,6,10,PNP,SLICKWATER FRAC,10619,6212.907915,11497.59291,17761.9929,32378.07292,48862.13277,62976.50703,87949.05276,109726.8001,2.656147351,8.346421255,6.999096917,5.747229957,4.466953889,4.466953889,4.466953889,4.466953889,4.466953889,7144.464306,6891.99597,6286.143454,6234.182079,6234.182079,6234.182079,6234.182079,6234.182079,143.75,11/16/2014,10/6/2016,28.63333333,General
big.horn.state.56.2.9.3h,4.24E+13,middle.beta,BIG.HORN.STATE.56.2.9.UNIT.3H,4.24E+13,11_MIDDLE_BETA,BETA,WC,31.85514,-103.85916,135.8277778,3.90239019,0.075159685,0.183370052,0.382258494,0.224776333,43.852663,0.757298834,7916.044712,4090.48327,869.3887122,0,1134.665599,4379,1.085305568,2498.839918,54.81975794,199.0454546,33.17424242,6,10.16666667,PNP,SLICKWATER FRAC,10453,15263.58378,31280.29379,47859.8188,89235.4739,129770.2666,170574.1854,246826.7422,317094.9174,1.488232338,3.75772023,2.921325394,2.718530461,2.502830584,2.666249353,2.666249353,2.666249353,2.666249353,3663.885566,3712.866807,3811.037312,3760.906694,4108.823901,4108.823901,4108.823901,4108.823901,145.45833,11/12/2014,10/12/2016,28.76666667,General
birdie.bell.54.2.18.lov.2h,4.23E+13,upper.beta,BIRDIE.BELL.54.2.18.LOV.2H,4.23E+13,10_UPPER_BETA,BETA,WC,31.8408,-103.69852,85.67098491,2.770893136,0.071157238,0.209253096,0.454534586,0.2295699,43.206001,0.816496212,9293.359885,3561.376122,1400,0,1400,4402,1.007689267,1376.249432,32.51780554,209.6190476,34.93650794,6,9.833333333,PNP,SLICKWATER FRAC,11382,12884.95994,29776.8299,44046.96988,75359.76992,100933.3099,122282.9948,156521.5424,184079.5457,2.678512148,6.53044471,4.967013708,4.176046116,4.268377016,4.692627892,4.964877732,4.964877732,4.964877732,3655.947522,3670.504105,3465.296589,3544.238877,4174.230306,4599.116055,4599.116055,4599.116055,315.58333,10/22/2015,2/5/2016,8.033333333,General
bitterroot.54.1.18.1h,4.23E+13,lower.beta,BITTERROOT.54.1.18.1H,4.23E+13,12_LOWER_BETA,BETA,WC,31.97,-103.69878,112.4619925,4.574153047,0.084179154,0.255444,0.483170445,0.219910289,47,0.822685645,9748.824893,2698.184026,1400,0,1400,4104,0.974556494,1366.914961,33.39528752,205.2,34.2,6,9.833333333,PNP,SLICKWATER FRAC,11850,20037.10134,43925.44635,59798.96141,88111.57641,102271.1264,117820.5915,143376.8557,165945.9361,2.019492153,3.134488042,1.487606029,1.653100171,2.927652398,3.316219713,1.732483578,1.732483578,1.732483578,3400.362996,2912.389065,3286.528162,3323.645493,3546.59535,2628.352382,2628.352382,2628.352382,477.58333,9/5/2015,10/18/2015,4,General
bitterroot.54.1.18.2h,4.23E+13,w1.alpha,BITTERROOT.54.1.18.2H,4.23E+13,07_W1_ALPHA,ALPHA,WC,31.97001,-103.69781,65.83668713,3.564384403,0.065909157,0.065909157,0.82143047,0.197647629,46.19824883,0.822964792,9433.645411,2688.458113,815.8815879,1,1059.128725,4469,1.046175388,1416.822555,32.24494742,203.1363636,33.85606061,6,10,PNP,SLICKWATER FRAC,11463,12780.98125,23253.05134,34658.26634,68378.29644,95778.83136,118480.2564,159178.9577,194640.972,2.389875762,6.517185493,5.239056337,4.345067826,3.460722576,2.139615688,1.860216911,1.860216911,1.860216911,3948.712469,4974.431856,3889.536282,3384.837157,3590.183217,3527.160003,3527.160003,3527.160003,346.29167,3/21/2016,5/23/2016,5.1,General
black.tip.state.42.2h,4.23E+13,middle.beta,BLACKTIP.STATE.42.2H,4.23E+13,11_MIDDLE_BETA,BETA,WC,31.73863,-103.48846,83.38609456,3.051491137,0.091593783,0.191296884,0.39953284,0.219325154,37.308022,0.841256501,9761.099181,1850.224179,1330.569842,1,1346.128297,4736,0.481851144,694.4974662,34.31693412,296,32.88888889,9,9.969444444,PNP,SLICKWATER FRAC,11603,21482.56723,34727.35719,46842.89716,78121.03223,101656.3472,123706.7023,162201.6072,195703.3072,2.151134884,3.463743934,2.891166259,2.814153659,2.814481847,2.998759125,2.903314643,3.020547964,3.005103544,1710.326248,1785.232525,1778.643449,1810.512947,1939.836162,1842.647476,1834.38023,1755.525849,1247.4167,9/5/2013,10/18/2013,2.7,General
black.tip.state.42.5h,4.23E+13,middle.beta,BLACKTIP.STATE.42.5H,4.23E+13,11_MIDDLE_BETA,BETA,WC,31.73914,-103.48541,83.33686477,3.162112223,0.092040556,0.190532523,0.412250212,0.225180377,37.26828,0.842054935,9808.255883,1810.81753,879.9694099,1,878.9401469,4891,1.052207317,1411.825803,31.94703128,203.7916667,33.96527778,6,10.16666667,PNP,SLICKWATER FRAC,11648,13647.72251,27974.90747,42451.33244,74123.70241,101861.5724,119652.3824,159642.6223,193935.7342,3.256598734,5.303011789,4.730521908,4.477113658,4.239449746,3.85566649,4.34933008,3.517049367,3.517049367,2029.055843,2298.282117,2320.659648,2391.732986,2298.712082,2552.66267,2339.718617,2339.718617,492.16667,9/11/2014,12/8/2015,19.13333333,BlackTip
black.tip.state.43.2h,4.23E+13,middle.beta,BLACKTIP.STATE.43.2H,4.23E+13,11_MIDDLE_BETA,BETA,WC,31.72457,-103.48382,80.82255304,3.288395536,0.096756377,0.198117987,0.4205057,0.200772867,36.535799,0.841171503,9756.748263,1749.015799,859.1119757,0,984.7346803,4800,0.960170807,1402.658333,34.78196458,200,33.33333333,6,8.666666667,PNP,SLICKWATER FRAC,11599,11437.82999,25535.52993,39897.76995,75693.32486,103017.8198,123923.6197,153309.3447,183074.8748,3.58739092,5.57517259,5.004777677,4.680284678,4.633124819,4.311167562,4.476101549,4.532982081,4.296250668,1886.537187,2278.639725,2343.149253,2486.681258,2347.942035,2349.857365,2054.081209,3521.762438,761.16667,6/17/2014,1/14/2015,10.63333333,BlackTip
black.tip.state.43.4h,4.23E+13,middle.beta,BLACKTIP.STATE.43.4H,4.23E+13,11_MIDDLE_BETA,BETA,WC,31.72465,-103.48351,80.7721911,3.307252362,0.096807925,0.198018937,0.422955386,0.201476442,36.534008,0.841253493,9720.684112,1745.755563,746.0976582,0,557.8595153,4800,0.98119995,1400.06875,33.97367708,200,33.33333333,6,9.426388888,PNP,SLICKWATER FRAC,11555,12650.30502,28542.01007,41321.95512,76586.5251,105046.1752,125046.3752,152502.5802,182159.6502,3.218384626,5.319778856,4.666613537,4.410074645,4.154803437,3.493101943,3.613850815,3.418635671,3.312222524,1725.210637,2033.338311,2113.141766,2175.943305,2120.779865,2230.79048,2157.590784,4415.754936,767.20833,7/6/2014,2/5/2015,10.03333333,BlackTip
blacktip.1.44.2h,4.23E+13,w1.alpha,BLACKTIP.1.44.2H,4.23E+13,07_W1_ALPHA,ALPHA,WC,31.65314,-103.48582,45.92430619,2.446195621,0.087467628,0.087467628,0.608977478,0.193936169,39.81262787,0.838452077,9409.109208,1263.016069,1164.364461,2,1160.763056,4205,1.133343931,569.6884661,11.96813318,350.4166667,116.8055556,3,16.59,PNP,CROSSLINK,11222,13723.65014,31584.24507,48377.04501,100010.6599,131818.1549,157284.2999,198491.04,226099.9699,0.551446328,1.335528887,0.875173255,0.714335402,0.667527257,0.760056378,0.803610023,0.825558891,0.899743163,1614.130684,1001.98756,1567.739701,1659.433352,2331.111145,2153.821609,1931.252113,2651.593992,1116.125,7/11/2013,12/3/2013,6.1,BlackTip
blacktip.state.43.5h,4.23E+13,middle.beta,BLACKTIP.STATE.43.5H,4.23E+13,11_MIDDLE_BETA,BETA,WC,31.72544,-103.48068,80.35820372,3.46499592,0.097178155,0.197048465,0.443714742,0.207775934,36.522242,0.841993837,9786.494368,1716.602091,866.8360864,1,558.6470405,4800,0.951724853,1397.391667,34.958875,200,33.33333333,6,9.197916667,PNP,SLICKWATER FRAC,11623,15408.26711,26915.57214,38119.08711,69149.74707,93505.57704,114317.0721,143328.157,172090.6569,3.326771502,4.810156766,4.567476136,4.648149261,4.278561988,4.043813224,4.168678996,4.056502705,4.002713509,1927.126153,2059.935626,2379.082525,2316.606633,2143.332532,2278.112361,2295.392291,4320.97634,758.41667,7/12/2014,1/25/2015,10.5,BlackTip
blacktip.state.43.6h,4.23E+13,middle.beta,BLACKTIP.STATE.43.6H,4.23E+13,11_MIDDLE_BETA,BETA,WC,31.72548,-103.48053,80.33903914,3.472669653,0.097194327,0.196997002,0.444729483,0.208103696,36.521603,0.842032301,9778.521112,1715.066963,756.5512424,1,575.4063531,4800,0.999651233,1394.272917,33.20855625,200,33.33333333,6,9.39375,PNP,SLICKWATER FRAC,11613,13952.36,29080.8751,42363.32,77000.20496,99525.77488,115452.2049,137418.7649,162513.4699,3.228836628,5.394126514,4.586212638,4.521156087,4.1517818,4.03741983,3.971015651,3.891473887,3.729795018,2105.179495,2285.205149,2280.575728,2232.638137,2151.365513,2235.187472,2292.61396,5229.906139,741.20833,6/28/2014,2/15/2015,11,BlackTip
bohlander.33.95.1h,4.23E+13,middle.beta,BOHLANDER.33.95.1H,4.23E+13,11_MIDDLE_BETA,BETA,WC,31.76203,-103.70183,115.7865774,3.477516395,0.093246794,0.187167925,0.322089866,0.192706665,43.967456,0.790004743,8751.672543,4050.481505,1400,0,1400,7121,1.084011031,1397.803679,30.70175397,197.8055556,32.96759259,6,9.306944445,PNP,SLICKWATER FRAC,11078,17061.04001,33347.93501,42244.20998,91576.37476,138472.9999,178140.7499,259232.7649,311909.5747,3.084244452,4.981408969,4.803121027,10.67600873,5.16635697,4.59308449,4.546745223,5.16895324,5.112005375,3600.568207,5239.495289,5756.62402,5368.222057,5255.633015,5252.365814,5614.608851,5828.277097,756.33333,9/28/2014,1/2/2015,8.3,General
bonafide.29.34.2h,4.23E+13,lower.beta,BONAFIDE.29.34.2H,4.23E+13,12_LOWER_BETA,BETA,WC,31.7653,-103.44699,54.33840985,2.004857845,0.100785054,0.198278,0.366083813,0.255424591,38.36251815,0.850067819,10171.91152,1371.644019,1400,0,1400,4665,1.012011391,1397.55627,32.88021222,202.826087,33.80434783,6,9.833333333,PNP,SLICKWATER FRAC,11966,20837.78986,37949.31982,49289.97989,73607.64986,97003.60002,121047.05,157071.53,191827.7851,2.104803517,3.422132413,2.655361762,2.689108116,2.585977043,2.520265441,2.459813907,2.445334983,2.445334983,965.1369194,765.40985,751.6235108,761.8373276,1233.757989,2128.107991,3054.986345,3054.986345,491.58333,11/28/2015,1/26/2016,4.366666667,General
bond.unit.3.7.1h,4.24E+13,middle.beta,BOND.UNIT.3.7.1H,4.24E+13,11_MIDDLE_BETA,BETA,WC,31.61949,-103.60444,91.9225026,2.912218704,0.098387292,0.20657783,0.322005389,0.226507598,38.482633,0.817038791,8973.537042,3783.501299,1158.138342,2,1265.928975,7864,1.036412858,1386.47762,31.85156536,206.9473684,34.49122807,6,10,PNP,SLICKWATER FRAC,10983,14165.64503,29525.34497,41907.08499,77470.97008,103808.1651,124764.7051,161475.7018,190906.8043,3.578341193,5.847019893,5.02570244,5.832615877,5.834784285,7.023515844,5.049246708,5.049246708,5.049246708,6126.13738,5617.263754,5714.530632,5661.722875,5758.273,5149.453037,5149.453037,5149.453037,250.45833,2/11/2016,8/1/2016,9.233333333,General
bullhead.55.1.22.1h,4.23E+13,middle.beta,BULLHEAD.55.1.22.UNIT.A.1H,4.23E+13,11_MIDDLE_BETA,BETA,WC,31.95523,-103.74678,139.356716,5.629593654,0.089569344,0.206650126,0.451013718,0.220154259,44.34376,0.79968043,9178.731976,3049.361926,1400,0,1400,6380,1.025483617,1395.576803,32.40229154,205.8064516,34.30107527,6,9.666666667,PNP,SLICKWATER FRAC,11478,23313.36161,51214.93677,74041.30175,129449.2467,169719.9466,200617.4916,253930.9042,299456.9947,1.67949223,3.924024087,2.621084692,2.375288834,2.533055507,2.686420785,2.940964251,2.940964251,2.940964251,3385.631279,3686.501767,3968.622394,3870.619948,3827.151099,3781.609812,3781.609812,3781.609812,339.75,4/12/2016,6/2/2016,5.1,General
bullhead.55.1.34.b.1h,4.23E+13,upper.beta,BULLHEAD.55.1.34.UNIT.B.1H,4.23E+13,10_UPPER_BETA,BETA,WC,31.91427,-103.73959,80.26299872,3.322259073,0.082909907,0.201627488,0.499242658,0.231698702,43.112214,0.803713955,9110.901394,2957.971476,1400,0,1400,6575,1.338688245,2780.895665,49.46020989,205.46875,34.24479167,6,10.08854167,PNP,SLICKWATER FRAC,11336,36200.99593,70058.69101,98055.8909,171074.1857,227490.6553,297760.8853,412133.2651,510923.6613,1.82496951,3.154024444,2.353184098,2.856448557,2.724670802,3.036063857,3.006023472,2.616475794,2.616475794,3327.177639,2831.668255,3282.7038,3106.89141,3023.149499,2983.463157,3187.89941,3187.89941,438.08333,11/24/2015,1/15/2016,5.066666667,General
bullhead.55.2.3.1h,4.23E+13,w1.alpha,BULLHEAD.55.2.3.UNIT.1H,4.23E+13,07_W1_ALPHA,ALPHA,WC,31.88423,-103.73876,64.5215806,4.052435912,0.076426939,0.076426939,0.821797265,0.169215967,46.13864013,0.804705382,8854.978024,3146.840815,717.3404559,1,1022.483073,4441,1.038783446,1363.033101,31.24151542,211.4761905,35.24603175,6,10,PNP,SLICKWATER FRAC,11004,22463.88669,39099.20676,51324.19665,80054.45173,110064.6117,137399.2765,177354.2164,207275.6463,2.770393609,3.959298126,4.086720143,5.295762475,4.223391555,3.664244095,2.519495327,4.867718176,4.867718176,2450.387178,3056.684685,4372.979327,4345.533777,3780.765019,3670.7334,3965.612595,3965.612595,420.54167,1/12/2016,2/19/2016,4.566666667,General
bullhead.state.55.1.45.unit.b.4h,4.23E+13,middle.beta,BULLHEAD.STATE.55.1.45.UNIT.B.4H,4.23E+13,11_MIDDLE_BETA,BETA,WC,31.89295,-103.75629,130.5681798,4.494621506,0.081139214,0.203306245,0.424253056,0.199552123,44.821891,0.798137826,8959.895235,3147.073085,242.1019523,1,795.0175711,7526,1.028284059,1417.892639,32.83076136,203.4054054,33.9009009,6,9.833333333,PNP,SLICKWATER FRAC,11226,26436.48012,49747.67519,71865.77544,123904.0454,182194.2252,221808.8203,279905.8143,337531.932,1.523906487,2.966208325,2.776476452,2.312749438,2.323214002,2.157131058,3.079372867,3.079372867,3.079372867,3603.289005,3923.054276,3568.937465,3520.232859,3496.083873,3133.643385,3133.643385,3133.643385,344.66667,2/25/2016,4/12/2016,5.433333333,General
camp.29.31.unit.2h,4.23E+13,middle.beta,CAMP.29.31.UNIT.2H,4.23E+13,11_MIDDLE_BETA,BETA,WC,31.73924,-103.47569,83.33733949,3.382836008,0.093639603,0.188690099,0.433492661,0.236518697,37.069167,0.844239113,9824.410558,1689.832685,1400,0,1400,4863,1.042195753,1408.213037,32.17138598,202.625,33.77083333,6,8.833333333,PNP,SLICKWATER FRAC,11637,21021.27329,39032.54837,54170.4135,90426.91354,119069.3185,140441.2836,182943.9087,214653.2574,2.614209281,3.744083138,3.365640005,3.482216915,3.350471995,3.10713633,2.521350874,1.040735416,1.040735416,1831.318663,1807.975888,1734.156834,1654.121935,1702.657789,2383.791854,3362.226326,3362.226326,502.29167,10/8/2015,12/29/2015,5.233333333,General
cheyenne.57.3.13.1h,4.24E+13,middle.beta,CHEYENNE.57.3.13.1H,4.24E+13,11_MIDDLE_BETA,BETA,WC,31.724,-103.91127,123.4180087,4.245896044,0.072508231,0.191946507,0.474464269,0.180379873,46.945211,0.665985536,6792.386482,4806.291332,735.3309399,1,655.4084093,4144,1.061528499,1412.796815,31.68828668,197.3333333,32.88888889,6,10.16666667,PNP,SLICKWATER FRAC,10199,9296.779948,18621.30993,26746.29993,53148.41991,68945.29489,89480.82871,126527.8006,159115.7554,1.91107427,4.065345757,3.630124448,3.591445444,3.441937553,2.73868533,2.73868533,2.73868533,2.73868533,4525.829203,5283.210978,5477.675669,5668.588133,5989.92292,5989.92292,5989.92292,5989.92292,177,10/9/2014,9/15/2016,28.8,General
cheyenne.57.3.13.3h,4.24E+13,middle.beta,CHEYENNE.57.3.13.3H,4.24E+13,11_MIDDLE_BETA,BETA,WC,31.724,-103.91144,123.4144517,4.245446731,0.072505419,0.191959344,0.474446133,0.180379292,46.946486,0.665885705,6778.050591,4807.059447,589.0942907,0,845.4472568,4386,1.062674302,1433.258094,32.11256042,199.3636364,33.22727273,6,10.16666667,PNP,SLICKWATER FRAC,10179,13922.7675,26027.72749,35479.31247,66717.89241,87557.77752,116627.2752,164594.8441,207356.948,1.619205177,3.595075415,2.767844527,3.301372455,2.916474434,2.896146383,2.896146383,2.896146383,2.896146383,3688.344817,4078.665971,5642.103322,4723.689147,5441.588701,5441.588701,5441.588701,5441.588701,181.91667,11/5/2014,9/24/2016,27.7,General
cody.56.3.19.unit.b.1h,4.24E+13,upper.beta,CODY.56.3.19.UNIT.B.1H,4.24E+13,10_UPPER_BETA,BETA,WC,31.70765,-103.82475,80.6394443,2.588508213,0.075793477,0.186823873,0.423516359,0.235790263,44.595709,0.713202686,7502.892257,4548.547977,1400,0,1400,9110,1.042801361,1419.732163,32.41571021,202.4444444,33.74074074,6,10,PNP,SLICKWATER FRAC,10520,20287.72331,32564.72834,47498.51333,76872.17326,114760.3434,152709.1585,224040.1204,276881.4579,1.722974384,3.115547704,3.565764226,3.070771662,3.029146325,3.253184104,3.274869596,3.274869596,3.274869596,3147.606028,3314.415005,3130.614425,4080.280728,3513.141877,3813.439864,3813.439864,3813.439864,323.25,3/30/2016,6/5/2016,5.466666667,General
craven.3.8.1h,4.24E+13,middle.beta,CRAVEN.UNIT.3.8.1H,4.24E+13,11_MIDDLE_BETA,BETA,WC,31.62143,-103.5758,92.0578,3.052978698,0.101843599,0.180345272,0.325633775,0.215854282,32.476395,0.82102487,9094.492485,3973.694157,1400,0,1400,7228,1.027843264,1385.851826,32.10263005,206.5142857,34.41904762,6,10,PNP,SLICKWATER FRAC,11077,14531.33501,31596.75488,47363.4949,78509.80486,109122.3599,132893.0499,168918.4556,200009.8632,3.558872689,6.454684527,5.608520984,5.748294882,5.915851291,6.570933232,5.381474977,5.381474977,5.381474977,4752.196793,4359.699815,4590.612806,5409.726601,4766.615686,5184.619495,5184.619495,5184.619495,282.79167,1/25/2016,7/5/2016,9.066666667,General
crockett.1.35.2.2h,4.23E+13,w1.alpha,CROCKETT.1.35.UNIT.2.WELL.2H,4.23E+13,07_W1_ALPHA,ALPHA,WC,31.65642,-103.4353,43.19492805,2.101168218,0.081176736,0.081176736,0.59923405,0.159254004,39.61321035,0.847223099,9490.593155,1481.895467,1220.85827,1,1307.991347,4619,1.427939132,606.2654254,10.10889803,329.9285714,329.9285714,1,50.01,SSLEEVE,CROSSLINK,11202,11148.32002,24074.75496,29827.66996,42074.12997,52919.99494,60436.28993,68793.44496,84999.76499,2.825851729,3.470922081,3.234277756,3.584571016,3.523787873,2.237536331,3.30496195,5.569140401,4.464281323,1711.316356,1674.50991,1722.783469,1458.294337,982.0070173,1342.055799,1295.775571,1616.164155,1283.5,2/16/2013,5/1/2013,3.633333333,General
crockett.1.35.2h,4.23E+13,w1.alpha,CROCKETT.1.35.UNIT.WELL.2H,4.23E+13,07_W1_ALPHA,ALPHA,WC,31.66128,-103.44178,46.54669391,2.239870123,0.080273857,0.080273857,0.599459527,0.146975418,39.34255704,0.846888336,9484.302475,1498.345635,1317.378494,2,1313.770413,4573,1.403864424,613.3085502,10.40170566,326.6428571,326.6428571,1,49.21,SSLEEVE,CROSSLINK,11199,10073.83311,19074.89806,32501.33303,54848.06298,64741.60794,71404.77299,90058.77804,104848.3431,1.698830124,3.968692764,2.572287186,1.812198282,2.123069241,3.574939329,4.034970015,3.669898572,4.007363215,1577.754102,1172.700067,1078.512133,1086.315663,1200.766301,1179.958516,1133.458874,1345.665405,1306.2083,3/6/2013,4/29/2013,3.066666667,General
dosey.doe.54.2.17.1hc,4.23E+13,middle.beta,DOSEY.DOE.54.2.17.UNIT.1H,4.23E+13,11_MIDDLE_BETA,BETA,WC,31.84798,-103.67708,124.5042091,4.317478119,0.075597149,0.208528181,0.458712626,0.217500862,44.041051,0.822717747,9540.234994,3499.787043,656.6389893,0,1028.316068,6417,1.019431548,1384.93377,32.34607917,207,34.5,6,9.833333333,PNP,SLICKWATER FRAC,11596,19810.62506,39237.785,57325.22004,109637.895,148546.46,181745.0788,234979.5357,278918.6843,1.971245948,3.923805858,3.498073667,3.468181887,3.121069452,3.022815854,3.022815854,3.022815854,3.022815854,2895.637434,2656.950316,2815.637562,2844.163294,2935.708061,2935.708061,2935.708061,2935.708061,212.125,5/21/2016,9/1/2016,7.766666667,General
dusk.54.1.34.unit.a.1h,4.23E+13,middle.beta,DUSK.54.1.34.UNIT.1H,4.23E+13,11_MIDDLE_BETA,BETA,WC,31.92601,-103.6339,114.528077,3.330347019,0.072302749,0.210050304,0.402182075,0.213172601,45.37918,0.830676284,9890.862514,2035.068508,1400,0,1400,9321,1.044647764,2471.704109,56.3348718,202.6304348,33.77173913,6,9.5,PNP,SLICKWATER FRAC,11907,44203.06492,85350.40491,130429.675,227438.4003,321546.7635,395507.7622,516709.2314,615724.2929,1.53523698,2.040068126,1.858693478,2.108994226,2.055955718,2.055955718,2.055955718,2.055955718,2.055955718,2169.591143,2419.070836,2492.697809,2481.415643,2481.415643,2481.415643,2481.415643,2481.415643,66,11/21/2016,2/7/2017,6.633333333,General
east.vermejo.33.66.1h,4.25E+13,w1.alpha,EAST.VERMEJO.33.66.1H,4.25E+13,07_W1_ALPHA,ALPHA,WC,31.63979,-103.5036,39.64382091,2.108933626,0.088193373,0.088193373,0.603186278,0.205275641,40.62796756,0.831568507,9020.855164,1491.385433,1400,0,1400,4316,1.225321077,416.0243281,8.083873957,479.5555556,479.5555556,1,50.99,SSLEEVE,CROSSLINK,10848,14766.63996,24288.24008,35094.10507,60144.14005,79452.07501,93177.58008,106220.41,118154.5699,3.145660535,1.737102636,1.957501594,2.766525592,3.927559251,2.173908279,2.666658707,3.022953457,3.134830926,1686.244958,1670.654209,2498.054635,2673.086159,1794.099568,2269.285019,2044.615994,2016.673699,2016.7917,3/25/2011,5/20/2011,3.066666667,General
elkhorn.54.1.44.1h,4.23E+13,upper.beta,ELKHORN.54.1.44.1H,4.23E+13,10_UPPER_BETA,BETA,WC,31.88426,-103.6831,87.63835581,3.208664879,0.074719476,0.202556174,0.490000273,0.237720708,43.421525,0.822671371,9519.130434,3251.944193,1400,0,1400,4207,1.049117419,1426.879011,32.38275256,200.3333333,33.38888889,6,10.33333333,PNP,SLICKWATER FRAC,11571,18846.50708,51855.76196,77414.76686,123818.247,158649.567,191566.2919,258351.4318,300259.1502,1.625635641,2.977719836,2.459392074,2.118033471,2.506715038,2.775552484,2.556211804,2.493328867,2.493328867,2795.181357,2930.096953,2789.822736,3052.503058,3059.565489,3236.659821,3208.877336,3208.877336,535.70833,7/18/2015,9/24/2015,4.4,General
galapagos.53.2.45.1h,4.23E+13,w1.alpha,GALAPAGOS.53.2.45.1H,4.23E+13,07_W1_ALPHA,ALPHA,WC,31.76709,-103.54986,53.50071044,2.915865407,0.088900667,0.088900667,0.613059893,0.202528545,43.07083121,0.823519559,6877.211837,3183.212349,1400,0,1400,3919,1.209706845,414.8624649,8.165348303,489.875,489.875,1,49.26,SSLEEVE,CROSSLINK,8351,10877.21992,18042.71992,22999.21992,33866.71993,40920.37995,46868.15496,57496.67497,66538.21495,2.088547329,3.366818226,3.058231869,3.005658692,3.196595603,3.261275632,3.708760378,3.897917655,3.786630712,4549.967587,6063.65802,6814.911146,7920.206496,4952.949393,5761.979565,5449.998661,5182.233352,1694.4167,5/12/2012,6/20/2012,2.6,General
grey.bull.55.4.11.1h,4.24E+13,lower.beta,GREYBULL.55.4.11.1H,4.24E+13,12_LOWER_BETA,BETA,WC,31.62075,-103.72259,40.63706275,1.625839342,0.09583861,0.196697,0.417459946,0.254192559,38.53252068,0.726706939,7868.782736,2974.963236,1400,0,1400,4597,1.033312743,1380.974549,31.82032412,199.8695652,33.3115942,6,10,PNP,SLICKWATER FRAC,10828,13238.14011,24407.75016,34090.50515,69476.39,102117.085,131136.0371,182548.8609,227132.2411,1.026824245,2.523687044,2.106891123,1.826584294,1.535951641,2.691446058,2.691446058,2.691446058,2.691446058,3157.867331,3564.787466,3857.142282,3723.084904,3828.498689,3828.498689,3828.498689,3828.498689,152.79167,5/31/2016,10/19/2016,9.3,General
hacker.33.97.1h,4.23E+13,middle.beta,HACKER.33.97.1H,4.23E+13,11_MIDDLE_BETA,BETA,WC,31.76454,-103.72226,119.1650621,3.592015229,0.0924553,0.191285886,0.326029887,0.190985111,44.668128,0.788857549,8688.477045,3914.441891,916.6922432,1,1157.931127,9038,1.049977094,2492.975216,56.53128347,200.8444444,33.47407407,6,10.16666667,PNP,SLICKWATER FRAC,11014,9561.814941,22350.24492,36816.38995,67952.37985,99913.72674,128565.1774,180180.8626,225974.4693,6.410971783,11.839304,8.916402625,8.318403845,10.59353453,10.59353453,10.59353453,10.59353453,10.59353453,5638.562134,5901.936506,6181.964311,6627.42032,6627.42032,6627.42032,6627.42032,6627.42032,78.958333,8/4/2015,2/20/2017,22.33333333,General
haley.28.43.3h,4.23E+13,middle.beta,HALEY.28.43.3H,4.23E+13,11_MIDDLE_BETA,BETA,WC,31.73467,-103.38112,85.31760237,3.302873609,0.101088136,0.19951233,0.382959744,0.278242329,35.229861,0.840944609,10090.49436,1088.538668,1400,0,1400,4881,1.081288641,1412.333538,31.09899406,203.375,33.89583333,6,9.500694445,PNP,SLICKWATER FRAC,11999,17473.63491,39576.80498,62356.91994,115427.4651,151096.8852,181347.5201,230384.8899,269337.4749,3.14584296,3.685336328,3.296378811,3.474069317,3.716571577,3.063055115,2.84131596,3.373867453,2.335092093,1183.242531,1387.449187,1415.419462,1489.362901,1395.082005,1387.317039,2110.054773,1631.846403,791.5,11/2/2014,1/28/2015,7.633333333,General
haley.29.24.6h,4.23E+13,w1.alpha,HALEY.29.24.6H,4.23E+13,07_W1_ALPHA,ALPHA,WC,31.78457,-103.41773,48.92283644,2.790391377,0.090897148,0.090897148,0.627484837,0.193992287,41.84413743,0.848710241,10072.49314,1092.877579,1095.081488,2,1133.574442,4738,1.055999661,1392.929717,31.40625369,206,34.33333333,6,10,PNP,SLICKWATER FRAC,11868,14210.75,27316.60493,38713.84486,70297.38979,92481.87981,110019.7749,159877.1612,202877.4671,3.404171549,6.020932445,4.737974381,4.558267898,4.024228676,3.86227975,4.63642431,4.63642431,4.63642431,1770.644059,3105.598199,4571.980573,1918.642343,1838.650628,1837.175628,1837.175628,1837.175628,325.79167,4/12/2016,6/18/2016,5.066666667,General
hammerhead.54.1.28.1h,4.23E+13,middle.beta,HAMMERHEAD.54.1.28.1H,4.23E+13,11_MIDDLE_BETA,BETA,WC,31.94068,-103.66328,117.5686065,3.735487434,0.074437918,0.211577041,0.426836639,0.222943457,45.79354,0.826693902,9815.336698,2330.187237,1400,0,1400,4200,0.876226113,1493.814286,40.59112857,200,33.33333333,6,8.181746032,PNP,SLICKWATER FRAC,11873,17619.65496,39186.45008,64912.14991,116591.4049,151042.7751,181868.2448,229294.0597,266894.6547,1.59094543,2.464264153,2.261435823,2.21343936,2.208812219,2.425543787,2.237298013,2.065217674,1.751554302,2287.427157,2260.789429,2231.884374,2304.440653,2402.770419,2375.323861,3375.608204,2683.813321,854.45833,4/30/2014,9/5/2014,8.9,General
harrison.29.20.2h,4.23E+13,middle.beta,HARRISON.29.20.2H,4.23E+13,11_MIDDLE_BETA,BETA,WC,31.77356,-103.47099,89.14889471,2.96643748,0.088521945,0.182906964,0.375896506,0.256446004,38.250292,0.849647474,10013.09548,1508.530495,1400,0,1400,4186,1.022046765,1414.730053,32.95744386,199.3333333,33.22222222,6,9.5,PNP,SLICKWATER FRAC,11785,25039.05184,49205.12175,65484.64174,98900.30192,117087.832,135525.872,173724.1271,207009.7905,1.7793843,2.327588245,2.074150466,2.112945191,2.226760213,1.976860977,1.623459126,1.671416638,1.671416638,1333.30614,1086.026028,1079.261037,1184.40943,1103.361263,1538.642446,3309.08571,3309.08571,543.45833,8/1/2015,10/13/2015,5.1,General
harrison.29.28.1h,4.23E+13,middle.beta,HARRISON.29.28.1H,4.23E+13,11_MIDDLE_BETA,BETA,WC,31.77293,-103.46691,89.24103472,2.960437942,0.089604806,0.183276891,0.370220157,0.253917498,38.081301,0.849976134,10064.5674,1480.43033,1400,0,1400,4300,0.66897092,1409.534884,50.16713488,172,34.4,5,16.7036,PNP,SLICKWATER FRAC,11841,34766.48509,67255.49989,89081.20002,138552.5297,177593.1798,210242.0448,268377.1695,310941.6497,1.315569728,2.476132145,1.695851142,1.62015214,1.640171282,1.655658428,1.765573977,1.802530291,2.187381672,1549.288736,1472.021804,1497.396287,1555.592645,1510.882566,1667.220374,1599.386575,1667.798034,1038.7083,2/5/2014,5/31/2014,5.4,General
harrison.29.30.2h,4.23E+13,middle.beta,HARRISON.29.30.2H,4.23E+13,11_MIDDLE_BETA,BETA,WC,31.76957,-103.48744,89.29244809,3.247726064,0.087386551,0.184253384,0.416217237,0.264489516,38.484825,0.846515952,9905.92967,1665.211881,1400,0,1400,4872,1.044563764,1416.559934,32.288711,203,33.83333333,6,10.3875,PNP,SLICKWATER FRAC,11702,24218.85246,42629.52748,58148.75247,95016.50235,123145.9923,144107.5473,185248.1973,217550.4385,2.119508038,2.908379664,2.293239026,2.819043305,2.707746365,2.407198561,2.941856865,3.262758321,3.262758321,1451.137506,1065.863354,1064.908605,1046.504687,1305.918005,2106.608176,4291.568856,4291.568856,536.5,10/18/2015,11/20/2015,4.2,General
harrison.unit.2.38.1h,4.24E+13,upper.beta,HARRISON.UNIT.2.38.1H,4.24E+13,10_UPPER_BETA,BETA,WC,31.65317,-103.65289,69.04400743,2.02672453,0.085368906,0.206165195,0.343849991,0.237107879,41.801823,0.770379866,8313.939514,2992.967486,1035.122732,1,1190.723464,8110,1.007718133,1416.29963,33.46314673,202.75,33.79166667,6,10,PNP,SLICKWATER FRAC,10792,9451.795017,16766.21504,23682.95001,51308.67011,86197.5101,117620.2201,185956.9989,249502.4875,4.094486443,4.241883136,4.192919267,4.620652434,6.136930575,5.136751082,5.320673813,5.320673813,5.320673813,7847.739349,8404.001112,9542.383003,8379.515145,7229.937724,9845.64409,9845.64409,9845.64409,315.91667,9/20/2015,12/16/2015,8.6,General
hickory.55.2.1.1h,4.23E+13,middle.beta,HICKORY.55.2.1.UNIT.1H,4.23E+13,11_MIDDLE_BETA,BETA,WC,31.86994,-103.71109,124.7281394,4.148155822,0.079186303,0.208098206,0.419991548,0.192919899,44.536522,0.815317817,9365.555764,3331.546177,627.0828385,0,1013.158062,9407,1.06301818,2497.156373,55.93140853,200.1489362,33.35815603,6,9.666666667,PNP,SLICKWATER FRAC,11487,21940.9698,46446.40981,64210.60468,127034.8597,185619.9225,234917.5967,320865.7597,394811.1993,1.865952458,4.586456578,3.04424255,3.123883707,2.902036921,2.902036921,2.902036921,2.902036921,2.902036921,3340.515196,2948.597003,3172.971233,3021.541575,3021.541575,3021.541575,3021.541575,3021.541575,93.541667,10/29/2016,1/18/2017,6.766666667,General
horn.state.33.94.5h,4.23E+13,middle.beta,HORN.STATE.33.94.5H,4.23E+13,11_MIDDLE_BETA,BETA,WC,31.76572,-103.69484,115.1043145,3.501764598,0.093335416,0.185907084,0.325948418,0.191655327,43.798312,0.792534904,8725.809293,4047.62958,585.6368455,1,990.8378048,9450,1.072666229,907.0306878,20.13298095,315,52.5,6,10.13333333,PNP,SLICKWATER FRAC,11010,8898.462476,19114.42247,25704.08243,42235.37246,55984.22745,75986.14915,113143.2791,142984.6891,2.751394315,5.809307678,5.631943187,5.318034375,4.607498484,4.739149721,4.092744088,4.886183279,4.0475749,4301.737749,4235.315877,4461.282614,4083.870507,4179.414165,3178.88702,4613.268209,4515.742168,698,4/16/2015,6/19/2015,4.966666667,General
juniper.state.2.3.1h,4.24E+13,upper.beta,JUNIPER.STATE.UNIT.2.3.1H,4.24E+13,10_UPPER_BETA,BETA,WC,31.71332,-103.70542,78.82496708,2.129260091,0.07573746,0.18560645,0.356659815,0.248497525,42.646913,0.774259065,8348.061239,2899.800432,1400,0,1400,5447,1.034555389,1378.076005,31.71539563,209.5,34.91666667,6,9.833333333,PNP,SLICKWATER FRAC,10782,8445.291643,19885.48655,32689.74659,53325.74667,83009.2718,113125.4168,174140.0221,225714.902,4.009214093,6.123226049,6.519697472,5.080196313,5.946867553,5.306397694,8.259815934,8.259815934,8.259815934,3493.59697,4274.894183,3089.293828,2836.686488,2959.952409,3085.260788,3085.260788,3085.260788,350.20833,2/19/2016,3/29/2016,5.7,General
kaycee.state.57.3.33.1h,4.24E+13,middle.beta,KAYCEE.STATE.57.3.33.UNIT.1H,4.24E+13,11_MIDDLE_BETA,BETA,WC,31.68023,-103.9745,127.3863601,4.301639054,0.075717153,0.201597144,0.445981416,0.191612075,47.262512,0.615319549,6055.359682,6296.881247,1400,0,1400,6971,1.069860923,2505.872902,55.76766031,199.1714286,33.1952381,6,10.16666667,PNP,SLICKWATER FRAC,9841,8157.548308,14883.39834,20760.09833,32547.40331,49592.00906,65108.62141,93801.96391,119948.5532,1.075312898,5.379700281,2.379389517,2.072856658,2.203832501,2.203832501,2.203832501,2.203832501,2.203832501,5420.750398,5276.514116,5422.807917,5409.778088,5409.778088,5409.778088,5409.778088,5409.778088,116.58333,11/8/2016,1/19/2017,5.7,General
kaycee.state.57.3.45.1h,4.24E+13,middle.beta,KAYCEE.57.3.45.1H,4.24E+13,11_MIDDLE_BETA,BETA,WC,31.66358,-103.97455,127.2214307,4.37903422,0.073940889,0.202593696,0.465514696,0.204419968,47.298456,0.610513469,6050.188478,6493.069999,1400,0,1400,4043,1.075167821,2490.234974,55.14609696,202.15,33.69166667,6,10.16666667,PNP,SLICKWATER FRAC,9910,11377.92506,20318.78497,27842.52499,45713.26497,65376.78415,84142.45359,116971.1701,145297.7843,0.828309127,2.361591789,2.208770164,1.845744476,1.724687317,1.724687317,1.724687317,1.724687317,1.724687317,4972.50705,5814.049598,5447.594679,5576.951632,5576.951632,5576.951632,5576.951632,5576.951632,110.375,7/14/2015,10/24/2016,21.76666667,General
kingston.54.2.17.1h,4.23E+13,middle.beta,KINGSTON.54.2.17.UNIT.2H,4.23E+13,11_MIDDLE_BETA,BETA,WC,31.84797,-103.67717,124.4999214,4.317658292,0.075622494,0.208527246,0.458593817,0.217437013,44.041248,0.82270004,9542.497764,3499.961878,656.6389893,0,1028.316068,6210,1.002779481,1381.202899,32.79463124,200.3225807,32.34375,6,9.5,PNP,SLICKWATER FRAC,11599,17144.3099,34197.98995,54405.87502,107870.7949,147531.4349,181465.5883,241763.6371,291385.0303,1.290930567,4.830851529,4.775135356,3.676185275,2.043965196,2.310227103,2.310227103,2.310227103,2.310227103,2821.604972,2506.590412,2692.439494,2779.014948,2799.560164,2799.560164,2799.560164,2799.560164,212.25,5/11/2016,9/8/2016,8.1,General
kraken.57.3.40.1h,4.24E+13,upper.beta,KRAKEN.57.3.40.1H,4.24E+13,10_UPPER_BETA,BETA,WC,31.68046,-103.97497,57.79013034,1.870401461,0.073921047,0.188858531,0.437837595,0.208458819,45.447334,0.615303445,5984.441306,6301.322065,821.878998,1,1078.93307,4883,0.990976399,1382.248618,33.21035839,203.4583333,33.90972222,6,10.16666667,PNP,SLICKWATER FRAC,9726,8461.264964,14683.56998,21488.05,35695.30507,55653.54093,72908.35075,104452.8003,132857.5418,0.924983972,3.375878181,3.076501608,2.24596464,1.896420957,1.896420957,1.896420957,1.896420957,1.896420957,4538.922901,5129.266566,4740.386528,4471.1925,4471.1925,4471.1925,4471.1925,4471.1925,107.75,11/24/2016,1/31/2017,5.166666667,General
lindley.54.2.16.lov.3h,4.23E+13,middle.beta,LINDLEY.54.2.16.LOV.3H,4.23E+13,11_MIDDLE_BETA,BETA,WC,31.84013,-103.66312,129.3974172,4.719416581,0.068965702,0.206140955,0.528846391,0.233133986,44.550931,0.823656795,9629.37159,3461.983357,1400,0,1400,4460,1.062653673,1419.345292,31.8014574,202.7272727,33.78787879,6,9.833333333,PNP,SLICKWATER FRAC,11691,13436.8199,25799.41489,36670.36492,61595.08496,82297.92492,97078.11995,123487.5949,146532.734,3.578795364,8.238680181,6.366456916,6.113760201,5.643750363,5.375647125,5.599086598,5.599086598,5.599086598,3256.153067,3340.313282,2979.634706,3325.44966,3996.685466,3291.273121,3291.273121,3291.273121,340.25,11/21/2015,5/31/2016,9.1,General
lucky.strike.28.20.2h,4.23E+13,middle.beta,LUCKY.STRIKE.28.20.2H,4.23E+13,11_MIDDLE_BETA,BETA,WC,31.79435,-103.38602,81.85085708,2.882728427,0.091955452,0.179571375,0.383003741,0.239326682,35.947563,0.839696655,10267.8107,685.0881404,1400,0,1400,4825,1.033989906,1402.507565,32.29532228,201.0416667,33.50694444,6,10.11944445,PNP,SLICKWATER FRAC,12228,20131.17978,41954.58463,59606.94464,100228.8098,131924.7148,158068.1147,200654.5047,238060.9777,4.08298683,4.468142135,3.806381013,3.763215284,4.549187806,3.475370815,2.997565015,3.214943332,3.214943332,1570.215417,1668.488808,1358.136193,968.5676824,646.5782275,1308.043023,1533.975153,1533.975153,476.66667,9/3/2015,10/26/2015,7.6,General
magnolia.55.2.1.1h,4.23E+13,middle.beta,MAGNOLIA.55.2.1.UNIT.1H,4.23E+13,11_MIDDLE_BETA,BETA,WC,31.86994,-103.71099,124.7227545,4.148342094,0.079182309,0.208105749,0.420049728,0.192997031,44.534509,0.815353452,9391.24106,3331.704895,627.0828385,0,1013.158062,9149,0.669527508,2503.493169,89.02842606,198.8913044,33.14855073,6,9.666666667,PNP,SLICKWATER FRAC,11518,23128.43809,48997.81336,75360.60352,164904.418,252872.5641,326487.2033,460545.807,578482.5457,1.728673791,4.261735364,3.127066806,3.086912396,2.688578947,2.688578947,2.688578947,2.688578947,2.688578947,3296.522695,3174.995411,3398.557132,3096.765812,3096.765812,3096.765812,3096.765812,3096.765812,92.125,10/14/2016,2/2/2017,7.266666667,General
mako.state.2.32.2h,4.24E+13,middle.beta,MAKO.STATE.2.32.2H,4.24E+13,11_MIDDLE_BETA,BETA,WC,31.66436,-103.66225,97.58200919,3.240405032,0.093692476,0.2035209,0.35442539,0.221819884,41.683697,0.767583801,8398.901951,2533.917391,406.9830927,1,756.4673307,8992,1.059646443,1432.693505,32.19163367,199.8222222,33.3037037,6,10.16666667,PNP,SLICKWATER FRAC,10942,7996.493325,13761.16333,18346.88832,30564.0683,54286.09326,87046.07827,140591.6332,189425.1731,3.521361949,5.058590126,4.856957641,5.176477001,5.008501996,5.512956644,5.084744453,5.156057115,5.054044131,2150.237403,2305.64919,2936.207863,2787.310457,5917.104473,5697.045138,5872.542227,5456.187815,651.25,3/25/2015,5/12/2015,5.933333333,General
mako.state.3.6.2h,4.24E+13,middle.beta,MAKO.STATE.3.6.2H,4.24E+13,11_MIDDLE_BETA,BETA,WC,31.62816,-103.59595,90.67284796,2.763871712,0.099260224,0.21001726,0.307089787,0.230649303,37.020202,0.81934865,9048.067142,5121.84771,1400,0,1400,4273,0.735793795,1355.754739,43.87081676,305.2142857,33.91269841,9,10.45142857,PNP,SLICKWATER FRAC,11043,9685.680853,20272.50081,31402.81586,58927.2208,77495.35078,92358.30571,121495.9358,144225.9608,3.082647293,7.020842147,4.975863128,5.284579106,5.71412229,6.204713513,5.730282921,6.924926654,7.964681733,5391.656128,4405.366582,5571.561912,6500.249807,6837.263583,5757.249951,6037.836433,8016.124135,1028.4167,10/20/2013,12/16/2013,3.266666667,General
mdj.c.27.1.1h,4.23E+13,w1.alpha,MDJ.C27.1.1H,4.23E+13,07_W1_ALPHA,ALPHA,WC,31.75179,-103.54078,55.17907335,3.103466336,0.089483986,0.089483986,0.628531886,0.200603939,42.40501664,0.82613739,9189.952326,2750.359093,1358.257722,1,1378.928391,4228,1.431249565,379.2005676,6.308183538,528.5,528.5,1,51.5,SSLEEVE,CROSSLINK,11124,18372.13492,33378.70999,41399.08487,57080.37987,71246.58982,81557.51486,98609.25984,112102.9749,0.795522185,1.70159461,1.047778409,1.288095493,1.16018413,1.492819761,1.175663192,1.512575081,1.654484157,2440.087211,2726.248419,3142.802493,2735.274128,2367.931828,2146.473693,2535.630611,2882.000478,1484.7917,11/4/2012,12/17/2012,2.9,General
medicine.bow.56.2.1.1h,4.23E+13,middle.beta,MEDICINE.BOW.56.2.1.UNIT.1H,4.23E+13,11_MIDDLE_BETA,BETA,WC,31.86998,-103.80585,132.8727631,4.345523117,0.079084528,0.195289699,0.413537189,0.198286052,44.820246,0.778485741,8282.309799,3838.271586,1400,0,1400,4200,1.012031777,1387.921429,32.65287619,200,33.33333333,6,10.0984127,PNP,SLICKWATER FRAC,10639,21307.34744,43567.75259,60493.87762,103462.6125,138116.8818,167138.8476,215423.2248,255342.2463,2.446481585,3.260483174,2.988742323,3.126339429,4.011525043,4.011525043,4.011525043,4.011525043,4.011525043,3255.355166,3554.43525,3402.689407,3252.531225,3252.531225,3252.531225,3252.531225,3252.531225,104.91667,5/24/2016,11/28/2016,9.9,General
mesquite.2.2.1h,4.24E+13,middle.beta,MESQUITE.UNIT.2.2.1H,4.24E+13,11_MIDDLE_BETA,BETA,WC,31.72257,-103.71398,113.7705874,3.002612911,0.090457793,0.184225374,0.291758394,0.207845431,43.751417,0.775327425,8510.769144,3301.932069,1400,0,1400,10379,1.031109573,1443.501301,33.33213026,199.5961539,33.26602564,6,10.33333333,PNP,SLICKWATER FRAC,10977,21920.32755,38412.24763,49825.09264,90686.56772,130791.4879,171015.5178,257720.3182,330097.9625,2.544270402,3.955739765,6.667671518,7.308873344,3.944438407,4.124364302,2.945228769,2.945228769,2.945228769,2611.932349,3850.474071,3825.738652,3233.147885,3207.048697,3339.822125,3339.822125,3339.822125,382.66667,10/22/2015,12/1/2015,9.233333333,General
mesquite.heat.28.41.unit.1h,4.23E+13,upper.beta,MESQUITE.HEAT.28.41.UNIT.1H,4.23E+13,10_UPPER_BETA,BETA,WC,31.76157,-103.37406,71.67953469,2.584558731,0.097038421,0.191061686,0.371575873,0.249965051,37.310175,0.834180018,10005.15514,886.0180003,1400,0,1400,6587,1.013267095,1397.003188,32.8264688,199.6060606,33.26767677,6,9.666666667,PNP,SLICKWATER FRAC,11994,20698.09407,50060.19404,73481.02385,125487.399,170274.1891,210980.5543,281654.2,340772.907,3.447540492,5.123546821,3.777323992,3.753413384,3.956637647,3.933956869,3.933956869,3.933956869,3.933956869,1464.9098,1410.682156,1437.47832,1502.818665,1444.371793,1444.371793,1444.371793,1444.371793,213.75,9/21/2016,10/31/2016,3.866666667,General
nancy.couch.3.15.1h,4.24E+13,Nan,NANCY.COUCH.UNIT.3.15.1H,4.24E+13,10_UPPER_BETA,BETA,WC,31.59685,-103.54079,56.01106488,1.979485995,0.088928696,0.211744468,0.397408068,0.242331299,36.803942,0.806497837,8911.801099,1991.335342,1400,0,1400,8822,1.06095143,1436.80798,32.24437316,200.5,33.41666667,6,9.833333333,PNP,SLICKWATER FRAC,11050,26313.97009,55408.1702,83426.82007,150576.3301,202849.4552,251590.97,332615.5161,401829.7496,2.830562401,3.805103657,3.698579158,3.578453959,3.769995558,3.876186771,3.606349059,3.606349059,3.606349059,2465.856177,2368.607376,2402.138247,2401.771825,2476.04157,2675.130634,2675.130634,2675.130634,297.125,11/14/2015,7/14/2016,11.16666667,General
nitro.75.28.unit.a.1h,4.23E+13,upper.beta,NITRO.75.28.UNIT.A.1H,4.23E+13,10_UPPER_BETA,BETA,WC,31.85904,-103.43175,67.03778181,2.619858621,0.089869877,0.201090333,0.434854604,0.263134707,39.722421,0.85692305,10408.18737,1218.345396,650.8194129,0,1021.997635,6972,0.994036253,1366.634395,32.73413224,199.2,33.2,6,9.5,PNP,SLICKWATER FRAC,12146,27987.84999,62714.98999,91085.17508,155280.925,214071.3506,258654.2434,333094.3257,394815.831,0.583087501,2.566675578,1.674704197,1.768987245,0.70148783,0.70148783,0.70148783,0.70148783,0.70148783,1681.26433,1799.24163,1778.22664,1771.619519,1771.619519,1771.619519,1771.619519,1771.619519,133.625,9/9/2016,11/19/2016,7.033333333,General
ocatilla.state.2.40.1h,4.24E+13,middle.beta,OCATILLA.STATE.2.40.1H,4.24E+13,11_MIDDLE_BETA,BETA,WC,31.6407,-103.66357,94.25107757,3.071289776,0.093101128,0.204836373,0.350009254,0.22337897,41.720626,0.759490023,8234.390829,2817.87152,1400,0,1400,4858,1.06331797,1423.919308,31.88400988,202.4166667,33.73611111,6,10.33333333,PNP,SLICKWATER FRAC,10842,12736.88247,28084.99744,43363.93752,72534.56245,96582.49751,115289.8324,141139.5668,159956.115,2.371899526,3.269009336,3.70856095,3.625577015,3.485850879,3.454244844,3.795123307,3.795123307,3.795123307,3804.734209,3952.979577,4749.693407,4148.964601,3467.180202,4535.353011,4535.353011,4535.353011,377.41667,9/4/2015,11/3/2015,10.8,General
old.partner.54.1.30.1h,4.23E+13,middle.beta,OLD.PARTNER.54.1.30.UNIT.A.1H,4.23E+13,11_MIDDLE_BETA,BETA,WC,31.94076,-103.69849,131.0149002,4.975970947,0.087464687,0.20838125,0.434234574,0.218632111,44.31626,0.818192466,9564.669928,2682.78154,1400,0,1400,8628,1.009042122,1430.86115,33.76283496,191.7333333,31.95555556,6,9.333333333,PNP,SLICKWATER FRAC,11690,33378.74432,77241.49414,108551.1443,195284.8196,271531.9095,343017.8793,496049.7053,627057.9119,1.287748188,2.591962072,1.707129488,1.886453963,1.863539366,1.783490624,2.070015915,2.070015915,2.070015915,2493.410454,2565.558421,3067.239953,2882.943564,2814.137255,2831.155666,2831.155666,2831.155666,241.70833,7/24/2016,9/28/2016,4.9,General
pace.state.unit.1.3.1h,4.24E+13,middle.beta,PACE.STATE.UNIT.1.37.1H,4.24E+13,11_MIDDLE_BETA,BETA,WC,31.72296,-103.74912,120.0159079,2.988204098,0.085786449,0.178550081,0.290236983,0.197908652,44.6982,0.770059382,8513.776527,3370.42178,1103.33039,1,1236.007684,9171,1.032175364,1431.318286,33.01668302,199.3695652,33.47080292,6,12.16666667,PNP,SLICKWATER FRAC,11056,9989.132514,19084.42756,27993.78261,62904.12256,108061.6173,162258.0424,237963.7193,315005.7402,3.529896847,5.77977998,6.214652645,5.505156746,5.512770383,4.998731722,4.853002679,4.853002679,4.853002679,3433.576136,4005.967297,3559.708454,3277.333102,3660.771619,3689.373967,3689.373967,3689.373967,390.58333,7/20/2015,10/19/2015,12.13333333,General
priceless.c26.1.unit.d.1h,4.23E+13,middle.beta,PRICELESS.C26.1.UNIT.D.1H,4.23E+13,11_MIDDLE_BETA,BETA,WC,31.85901,-103.43184,78.66166221,2.741182806,0.098015841,0.19101953,0.355531929,0.218668263,38.492414,0.856929507,10490.53103,1219.25297,650.8194129,0,1021.997635,9703,0.946499284,1349.403277,33.94471607,202.1458333,33.69097222,6,9,PNP,SLICKWATER FRAC,12242,28109.58496,68293.17514,107841.0203,197469.8152,277570.2429,341772.236,450982.1425,542938.4204,1.439951012,2.75503603,1.716351466,1.676326804,1.73256177,0.92438026,0.92438026,0.92438026,0.92438026,1695.989326,1646.923844,1621.902843,1690.579396,1520.766701,1520.766701,1520.766701,1520.766701,137.54167,8/27/2016,11/27/2016,7.466666667,General
pritchett.state.c.19.22.1h,4.24E+13,Nan,PRITCHETT.STATE.C19.22.1H,4.24E+13,11_MIDDLE_BETA,BETA,WC,31.60728,-103.56432,93.00876745,3.448652417,0.100837031,0.188490253,0.367710038,0.207651299,33.13483,0.818285196,9060.871975,2353.359394,1400,0,1400,3711,1.033364336,1395.15737,32.14551873,206.1666667,34.36111111,6,9.833333333,PNP,SLICKWATER FRAC,11073,12784.81953,29264.7795,42316.53461,67269.94462,85196.29463,99338.65469,123246.2409,143668.5236,3.030141765,4.814425514,3.611021801,4.147831906,4.218643863,4.43996846,4.620278593,4.620278593,4.620278593,3543.082688,3639.598587,3859.054912,3597.50451,4569.476311,5644.084578,5644.084578,5644.084578,356.375,1/6/2016,2/24/2016,7.766666667,General
raymore.1.46.unit.2.1h,4.23E+13,w1.alpha,RAYMORE.1.46.UNIT.2.1H,4.23E+13,07_W1_ALPHA,ALPHA,WC,31.67193,-103.49711,46.60831974,2.478204287,0.085351353,0.085351353,0.622964426,0.187042276,37.84324248,0.835032107,9213.744269,1223.571182,1400,0,1400,4162,1.364124684,569.9038924,9.947140798,346.8333333,346.8333333,1,50.16,SSLEEVE,CROSSLINK,11034,10133.61794,26392.67293,39546.48796,76193.20298,105084.2979,134057.5979,173067.7228,203649.5777,1.803109978,3.345096665,2.157252942,2.397192264,2.170815546,2.17710667,2.301213109,2.295716202,2.207911144,2850.270264,2268.183022,2534.265989,2478.78915,2191.79683,1860.849268,2634.542117,2371.24359,1209.75,4/7/2013,5/17/2013,2.566666667,General
raymore.1.46.unit.3.1h,4.23E+13,w1.alpha,RAYMORE.1.46.STATE.UNIT.3.1H,4.23E+13,07_W1_ALPHA,ALPHA,WC,31.66861,-103.49265,46.83383691,2.47976497,0.085644054,0.085644054,0.618234967,0.188115546,38.05942816,0.836316594,9232.935198,1175.97096,1400,0,1400,4933,1.244617487,243.3975269,4.656192986,822.1666667,822.1666667,1,52,SSLEEVE,CROSSLINK,11040,14872.93256,32352.74749,40977.1925,57413.96742,69242.35745,78565.32744,96036.66249,109705.3475,1.070053434,1.672665858,1.00893582,1.1484154,1.279778728,1.6524442,1.450868555,1.409446031,1.54769821,2189.080932,2294.339485,2111.613635,2131.653131,2093.869974,1717.576376,1820.166978,1856.522816,1296.7083,3/21/2013,5/16/2013,3.133333333,General
ricochet.29.40.1h,4.23E+13,upper.beta,RICOCHET.29.40.UNIT.1H,4.23E+13,10_UPPER_BETA,BETA,WC,31.73905,-103.45279,70.11237642,2.3341235,0.089833886,0.192016829,0.370585956,0.248181929,38.233971,0.847893384,9834.715361,1482.366658,424.0182875,1,875.4618962,7074,1.033755539,1427.027142,32.86738055,202.1142857,33.68571429,6,10,PNP,SLICKWATER FRAC,11599,32371.89049,66057.85549,103423.3804,191565.9556,276823.0408,338510.5201,436789.1417,514678.4237,1.771381944,2.967515495,2.641662735,2.392661458,2.209021533,2.098036198,3.37203901,3.199230268,3.199230268,1668.564733,1599.743049,1618.224961,1621.843493,1542.686467,1534.781219,1485.9976,1485.9976,415.25,1/31/2016,3/7/2016,4.2,General
ricochet.29.40.2h,4.23E+13,shale.alpha,RICOCHET.29.40.UNIT.2H,4.23E+13,08_W1_ALPHA,ALPHA,WC,31.73968,-103.45053,,,,,,,1,0.848148502,9780.848525,1467.038976,597.0399504,2,878.1507317,7200,1.061213858,2497.933889,56.04395,200,33.33333333,6,9.666666667,PNP,SLICKWATER FRAC,11532,21556.73516,45611.2402,67976.69506,134038.2899,197645.49,259394.1317,376535.2151,486306.4591,2.379902712,5.696741124,3.614468379,3.225971978,2.961804385,2.961804385,2.961804385,2.961804385,2.961804385,1695.27922,1535.821831,1532.167335,1519.109332,1519.109332,1519.109332,1519.109332,1519.109332,63.208333,1/17/2017,3/30/2017,5.1,General
robertson.state.2.5.1h,4.24E+13,upper.beta,ROBERTSON.STATE.UNIT.2.5.1H,4.24E+13,10_UPPER_BETA,BETA,WC,31.70117,-103.69595,77.23430457,2.129751634,0.077903795,0.188762792,0.353964824,0.247485141,42.419873,0.772643248,8299.73377,2778.509675,1400,0,1400,9032,1.040975686,1423.463242,32.55789969,200.7111111,33.45185185,6,10.5,PNP,SLICKWATER FRAC,10742,29001.12904,41518.8041,55962.34405,100268.2342,131275.3093,154071.4293,229808.6833,308833.7156,2.657736599,3.123407506,4.144717936,4.029688955,3.888494408,5.316729913,4.640663453,4.640663453,4.640663453,2583.88528,3011.229754,2971.466762,3151.394254,2936.668288,2682.942956,2682.942956,2682.942956,399.45833,10/2/2015,12/13/2015,9.766666667,General
robertson.state.2.7.1h,4.24E+13,lower.beta,ROBERTSON.STATE.UNIT.2.7.1H,4.24E+13,12_LOWER_BETA,BETA,WC,31.69322,-103.67949,53.26882197,1.992456122,0.103439449,0.193019,0.361600877,0.20947817,37.34710893,0.771883436,8450.579857,3007.161693,1151.801773,2,1213.120726,9180,1.01059454,1442.356209,33.98179303,199.5652174,33.26086957,6,9.952173913,PNP,SLICKWATER FRAC,10948,5927.425011,12821.75507,21922.91497,43700.98003,59700.28505,73326.44011,115145.7212,151146.883,3.211229566,6.202970694,6.348193864,5.104547783,4.820677322,2.526290235,4.651361586,4.651361586,4.651361586,3014.732424,3738.55016,4213.502438,4603.702711,3186.307205,3221.488093,3221.488093,3221.488093,393.375,10/29/2015,12/3/2015,8.866666667,General
saratoga.54.4.1h,4.24E+13,middle.beta,SARATOGA.STATE.54.4.10.UNIT.1H,4.24E+13,11_MIDDLE_BETA,BETA,WC,31.59375,-103.60401,93.19168312,3.357722204,0.099184643,0.205723011,0.363264679,0.206499798,39.748314,0.81325613,9014.944201,1984.229566,1400,0,1400,6936,1.077622606,1448.241061,31.99815023,198.1714286,33.02857143,6,10.22666667,PNP,SLICKWATER FRAC,11085,11850.51003,20144.62503,28497.14002,48090.17008,62938.66008,77289.12002,105827.1401,130377.9401,3.215623824,4.029673036,3.538379291,3.502254777,4.279046467,4.394543851,3.820735317,4.217284888,4.818861581,2975.820693,2460.729576,2605.897224,2552.010679,2788.319207,2660.377539,3388.557855,5738.690263,667.875,2/20/2015,4/21/2015,5,General
sevengills.55.1.35.a.1h,4.23E+13,middle.beta,SEVENGILLS.55.1.35.UNIT.A.1H,4.23E+13,11_MIDDLE_BETA,BETA,WC,31.91379,-103.73453,134.5708291,5.143995015,0.089218905,0.204273922,0.428442675,0.212254346,43.873073,0.80555602,9251.81089,2938.395611,1295.596754,1,1343.500184,6547,1.025815466,1444.988544,33.53867268,198.3939394,33.06565657,6,10,PNP,SLICKWATER FRAC,11485,21285.50255,54521.6476,81984.91273,144352.9527,192053.1685,236079.0127,308556.4804,367978.0755,1.318681323,3.190322759,1.970770896,2.140773131,1.964482558,1.964482558,1.964482558,1.964482558,1.964482558,3439.656788,3489.106223,3773.823932,3822.823811,3822.823811,3822.823811,3822.823811,3822.823811,175.70833,8/12/2016,10/8/2016,5.466666667,General
sevengills.55.1.47.1h,4.23E+13,upper.delta,SEVENGILLS.55.1.47.1H,4.23E+13,13_UPPER_DELTA,DELTA,WC,31.8845,-103.73495,152.3192854,9.145822899,0.086116916,0.234526538,0.697235394,0.260884506,38.29537477,0.806183335,9304.161869,3136.368452,945.4014792,1,1160.080144,4306,1.02376531,1391.026475,32.35084998,205.0476191,34.17460318,6,10.16666667,PNP,SLICKWATER FRAC,11541,5470.857483,16516.54741,28973.82746,58391.41245,79799.06237,95951.57728,121176.9461,141779.4341,2.258005232,13.02864771,4.758725972,3.230776823,3.438327961,3.203539383,3.148775825,3.148775825,3.148775825,15240.78112,5103.612064,3495.116095,4486.12121,4925.809119,4994.531246,4994.531246,4994.531246,240.95833,5/8/2016,9/5/2016,6.8,General
sheridan.55.4.27.1h,4.24E+13,lower.beta,SHERIDAN.55.4.27.1H,4.24E+13,12_LOWER_BETA,BETA,WC,31.59174,-103.80449,50.35258247,1.652237165,0.090477709,0.194151,0.362667837,0.215117862,42.04880228,0.645946121,7879.250784,3752.396936,1400,0,1400,4062,0.714641885,1422.599705,47.39635648,169.25,33.85,5,18.48083333,PNP,SLICKWATER FRAC,12198,8583.219991,24807.17679,39749.92678,78655.67688,99165.43693,129167.732,169091.8672,185403.0272,1.412612211,4.745735511,2.62158758,2.575478563,2.296059166,2.009233226,2.201996045,2.244165256,2.37706667,3754.01198,2569.915012,3142.759367,3600.070929,3717.106636,6696.438729,7626.652513,6914.388573,960.56944,12/22/2013,4/16/2014,6.766666667,General
shock.n.awe.29.41.1h,4.23E+13,middle.beta,SHOCK.N.AWE.UNIT.29.41.1H,4.23E+13,11_MIDDLE_BETA,BETA,WC,31.73574,-103.4712,82.86965187,3.40600016,0.095202192,0.189236819,0.431720033,0.228747528,36.828458,0.844869743,9786.126233,1638.863638,599.9979491,0,947.5260284,7551,1.074668397,1433.59555,31.76163687,198.7105263,33.11842105,6,10.16666667,PNP,SLICKWATER FRAC,11583,22425.44757,52289.13251,73738.41238,127308.4174,167229.4025,200064.8076,273092.3476,328880.0575,2.276950825,4.078938885,3.487233792,2.899736953,2.898886144,2.833362194,2.598862105,2.694071965,2.846495777,2033.413978,1934.934686,1883.992745,1927.773343,1721.275995,1694.30065,2348.191113,2777.072061,601.75,5/24/2015,9/30/2015,6.833333333,General
sievers.state.unit.2.1.2h,4.24E+13,middle.beta,SIEVERS.STATE.UNIT.2.1.2H,4.24E+13,11_MIDDLE_BETA,BETA,WC,31.72544,-103.71532,114.3930183,3.006340389,0.09041669,0.184058971,0.290663185,0.205945605,43.809876,0.77585592,8511.139442,3440.334406,618.5897557,1,1009.275074,9398,1.01693062,1408.193233,32.9702043,204.3043478,34.05072464,6,10,PNP,SLICKWATER FRAC,10970,15298.6375,27753.6375,39173.1375,78479.40258,115556.2876,164918.6477,240743.6381,311161.9347,2.410309495,4.062974624,3.460929293,3.789182928,3.792354609,3.604433476,3.166298655,3.166298655,3.166298655,2653.124989,1940.929293,3241.9763,3078.079768,3320.86029,3492.887236,3492.887236,3492.887236,288.125,6/20/2016,8/7/2016,4.4,General
sievers.unit.2.29.2h,4.24E+13,w1.alpha,SIEVERS.UNIT.2.29.2H,4.24E+13,07_W1_ALPHA,ALPHA,WC,31.66185,-103.68305,38.12314744,2.079783183,0.093649841,0.093649841,0.582535329,0.108778332,44.75823265,0.761176414,7999.202935,2537.687521,766.2895299,0,1076.971698,3922,1.041382468,1392.554819,31.83851096,206.4210526,34.40350877,6,10.16666667,PNP,SLICKWATER FRAC,10509,11131.16253,22627.62755,32062.79255,56745.68759,76747.34754,89540.23752,120861.726,147073.9606,3.490958285,7.140856619,5.352850688,5.170398129,4.967451831,4.287963687,4.121772173,4.121772173,4.121772173,2780.657117,2628.491811,3121.555499,2927.326245,2533.972363,2640.32345,2640.32345,2640.32345,291.79167,5/10/2016,6/28/2016,4.6,General
sievers.unit.2.33.1h,4.24E+13,upper.beta,SIEVERS.UNIT.2.33.1H,4.24E+13,10_UPPER_BETA,BETA,WC,31.66178,-103.683,72.75340772,2.120258158,0.082800778,0.195825015,0.351966221,0.241056503,42.043684,0.761149354,8103.196023,2536.079437,766.2895299,0,1076.971698,3849,1.039645796,1419.519356,32.50922577,202.5789474,33.7631579,6,10,PNP,SLICKWATER FRAC,10646,12923.76241,25331.37745,35435.55244,60856.21748,78522.38752,94370.89751,128029.5474,156413.2414,2.898891059,6.442257419,5.327669097,4.996963335,4.12419406,3.919034094,3.275053272,3.275053272,3.275053272,2651.086476,2602.973264,2691.33938,2800.114539,4157.600581,3206.321888,3206.321888,3206.321888,271.79167,9/2/2015,6/25/2016,13,General
state.56.2.12.1h,4.23E+13,upper.beta,STATE.56.2.12.1H,4.23E+13,10_UPPER_BETA,BETA,WC,31.86619,-103.80685,84.98037336,3.726610185,0.075053377,0.198935014,0.58428548,0.209343014,43.535883,0.777781014,8240.589843,3885.842752,1400,0,1400,3616,1.046973608,1430.399613,32.52912334,200.8888889,33.48148148,6,10.16666667,PNP,SLICKWATER FRAC,10595,19545.4441,47582.17405,67077.24414,106879.3992,132657.2892,153041.6142,188841.5842,219605.1956,1.649415365,2.906396407,2.503757747,2.583582106,2.717643489,3.30648837,3.717496686,3.51939945,3.51939945,3626.651735,3663.612607,3536.074635,3745.972063,3805.393044,4111.502579,5636.677312,5636.677312,590.58333,6/29/2015,10/9/2015,5.733333333,General
strain.state.2.26.1h,4.24E+13,middle.beta,STRAIN.STATE.UNIT.2.26.1H,4.24E+13,11_MIDDLE_BETA,BETA,WC,31.68244,-103.65268,99.45504669,3.365630383,0.094435753,0.203205335,0.358346483,0.220469301,41.534266,0.775091174,8486.473264,3097.528938,1400,0,1400,9598,1.044140525,1417.303605,32.31875703,204.212766,34.03546099,6,9.833333333,PNP,SLICKWATER FRAC,10949,18025.1323,35148.86742,46778.66747,93239.35239,148312.6675,204734.3226,293502.3783,381436.6211,2.224042998,4.248518615,3.421973611,3.561198312,3.372215922,3.31911247,3.429170986,3.429170986,3.429170986,3796.245832,4622.287595,4260.182336,4664.371479,4383.995512,4394.830212,4394.830212,4394.830212,305.29167,7/26/2015,7/25/2016,15.06666667,General
sundance.state.56.3.13.1h,4.24E+13,middle.beta,SUNDANCE.STATE.56.3.13.UNIT.1H,4.24E+13,11_MIDDLE_BETA,BETA,WC,31.72407,-103.90686,123.4986641,4.25592671,0.07260441,0.191621501,0.474644967,0.18049224,46.90948,0.668644117,6949.218308,4790.821842,1400,0,1400,9348,1.052132038,1420.84724,32.15347026,203.2173913,33.86956522,6,10.16666667,PNP,SLICKWATER FRAC,10393,10745.39997,20849.40499,32930.39997,59765.17502,86458.37001,109991.0751,150579.2426,192424.5319,1.998764119,4.412547941,2.9990925,2.736177676,3.594717919,3.467386717,3.41220748,3.41220748,3.41220748,4263.700742,4335.781144,4096.879059,4392.521627,4708.176908,4800.147668,4800.147668,4800.147668,377.45833,10/22/2015,4/3/2016,8.266666667,General
temin.unit.2.27.1h,4.24E+13,upper.beta,TEMIN.UNIT.2.27.1H,4.24E+13,10_UPPER_BETA,BETA,WC,31.68073,-103.65567,71.6502845,2.07581245,0.08459736,0.201954463,0.342462784,0.234470286,41.708093,0.773436069,8292.008096,3060.958572,1400,0,1400,4174,1.049184553,1431.552468,32.48673694,198.7619048,33.12698413,6,10.16666667,PNP,SLICKWATER FRAC,10721,23520.23504,35594.17994,52015.89992,77686.67004,106315.23,129906.6151,158353.0346,183315.3769,2.1202954,3.932163569,4.225976567,2.636615189,3.201984796,3.20268143,3.247369801,3.247369801,3.247369801,3768.587547,5638.971422,3530.867874,4636.137909,4713.220575,3808.092592,3808.092592,3808.092592,352.75,10/5/2015,1/24/2016,10.63333333,General
teton.56.2.26.unit.1h,4.24E+13,middle.beta,TETON.56.2.26.UNIT.D.1H,4.24E+13,11_MIDDLE_BETA,BETA,WC,31.81779,-103.82494,138.1706536,4.86618374,0.076540839,0.198791739,0.460128859,0.172907097,44.987434,0.765065161,8183.136962,4357.62447,940.8180873,0,1097.826916,6897,1.008155841,1393.475424,32.90958098,202.8529412,33.80882353,6,10,PNP,SLICKWATER FRAC,10696,13388.22001,25555.87519,48063.44016,94826.17502,133413.4152,165457.0426,220031.9333,264973.2847,1.561261382,3.474489742,3.426028057,3.761776005,2.695159848,2.491076209,2.491076209,2.491076209,2.491076209,3652.079125,3574.781453,3479.05247,3480.188728,2652.364184,2652.364184,2652.364184,2652.364184,179.04167,6/25/2016,8/28/2016,7.5,General
thresher.54.1.22.1h,4.23E+13,upper.delta,THRESHER.54.1.22.1H,4.23E+13,13_UPPER_DELTA,DELTA,WC,31.94283,-103.63377,158.0301763,8.793625158,0.084283323,0.232408041,0.660216349,0.243878546,39.11203761,0.831502923,10213.3504,2031.629747,1400,0,1400,4501,1.027473203,1397.3517,32.38067763,204.5909091,34.09848485,6,9.333333333,PNP,SLICKWATER FRAC,12283,21888.0575,46971.27742,69170.99243,112268.4425,147005.4425,176285.6507,225753.1141,265855.6582,1.829961475,3.283970725,2.285992997,2.450925244,2.449595503,2.343923946,2.343923946,2.343923946,2.343923946,1610.560344,2923.193704,3090.762381,3095.112478,3036.907749,3036.907749,3036.907749,3036.907749,203.04167,4/30/2016,8/13/2016,8.333333333,General
thresher.55.1.12.a.5h,4.23E+13,middle.beta,THRESHER.55.1.12.UNIT.A.5H,4.23E+13,11_MIDDLE_BETA,BETA,WC,31.97573,-103.71624,134.3384923,5.037769064,0.081644265,0.212023921,0.459316558,0.224596243,45.540789,0.816189066,9619.604332,2888.69175,1400,0,1400,7836,1.130578502,1398.938234,29.4610707,206.2105263,34.36842105,6,10.04868421,PNP,SLICKWATER FRAC,11786,24367.44508,54366.84025,76276.47012,168829.7602,235377.8802,287934.8352,358431.3501,402665.8321,1.418227665,2.229797642,2.516802799,2.967065798,2.101031424,2.080591581,2.067923678,2.314832097,2.314832097,3568.058421,3659.055826,2997.06726,2650.277426,2938.280404,4182.499377,4474.512409,4474.512409,548.54167,12/30/2014,6/29/2015,10.83333333,General
thresher.55.1.12.a.6h,4.23E+13,middle.beta,THRESHER.55.1.12.UNIT.A.6H,4.23E+13,11_MIDDLE_BETA,BETA,WC,31.97573,-103.71616,134.319222,5.036000854,0.081636831,0.212033767,0.459263033,0.224587441,45.543295,0.816234586,9616.059658,2887.941354,805.144141,1,578.5167545,8246,1.042086045,1424.952704,32.55723987,201.1219512,33.5203252,6,10.33333333,PNP,SLICKWATER FRAC,11781,39715.88675,61916.68671,85099.05664,143849.7767,189691.1467,223871.5667,271450.0181,310425.4139,1.479252727,3.051301473,2.280795664,2.344917614,2.191251914,2.192585967,2.356375326,2.356375326,2.356375326,3694.833507,3983.671019,4227.843441,4142.366144,4236.193668,4681.784129,4681.784129,4681.784129,408.5,1/3/2015,12/22/2015,17.2,General
thresher.55.1.12.a.7h,4.23E+13,middle.beta,THRESHER.55.1.12.UNIT.A.7H,4.23E+13,11_MIDDLE_BETA,BETA,WC,31.97429,-103.71117,133.2114565,4.94417253,0.081623712,0.212407077,0.45471125,0.223794666,45.621077,0.81872174,9599.512402,2834.375826,802.908408,1,603.5865618,8650,1.036461671,1438.749133,33.05084278,201.1627907,33.52713178,6,10.5,PNP,SLICKWATER FRAC,11725,36502.54489,65870.76474,94707.44965,171512.6397,222508.7097,260247.6348,315148.1659,355893.5697,1.260376634,2.545964124,2.483970409,2.062612108,1.855773478,2.077368442,2.388242897,2.388242897,2.388242897,3762.173954,4375.322413,4045.018149,3740.986921,4024.857339,4587.679237,4587.679237,4587.679237,394.5,3/14/2015,12/1/2015,15.83333333,General
thresher.55.1.12.a.8h,4.23E+13,upper.beta,THRESHER.55.1.12.UNIT.A.8H,4.23E+13,10_UPPER_BETA,BETA,WC,31.97428,-103.71109,80.3508867,3.314007334,0.077943485,0.208433924,0.529155082,0.253329024,44.091331,0.818759144,9535.268991,2833.557895,929.4789688,0,998.9770816,8738,1.050181254,1421.634241,32.23104028,203.2093023,33.86821705,6,10.33333333,PNP,SLICKWATER FRAC,11646,33724.61251,58202.4873,86013.08743,163991.1277,220442.0076,269068.9526,339250.2947,392057.6027,1.426705939,2.618541448,2.2113278,2.336467919,2.100481585,2.175432316,2.262023916,2.262023916,2.262023916,3475.643305,3680.716154,3522.546837,3447.787888,3834.577377,4111.035056,4111.035056,4111.035056,398.20833,3/17/2015,12/13/2015,16.03333333,General
university.19.6.2h,4.23E+13,upper.beta,UNIVERSITY.19.6.2H,4.23E+13,10_UPPER_BETA,BETA,WC,31.71369,-103.4666,69.18188766,2.677481032,0.086624024,0.197815966,0.446781972,0.248234182,37.397688,0.844303385,9683.315523,1539.024854,1400,0,1400,4826,1.03572626,1430.385412,32.8820431,201.0833333,33.51388889,6,9.833333333,PNP,SLICKWATER FRAC,11469,32131.79341,47314.47341,63920.83849,108918.3184,141924.9534,164463.7034,214913.3778,261471.9374,2.278727133,3.966355706,3.590493461,3.23529322,2.863230082,2.6361664,2.560521234,2.560521234,2.560521234,1664.867959,2157.900419,1800.11312,1627.897904,1597.467484,1759.05275,1759.05275,1759.05275,354.375,12/24/2015,1/29/2016,7.333333333,General
university.20.6.2h,4.23E+13,middle.beta,UNIVERSITY.20.6.2H,4.23E+13,11_MIDDLE_BETA,BETA,WC,31.73722,-103.38237,85.07304305,3.306966169,0.103888667,0.20054222,0.374170557,0.277436922,35.290445,0.840878596,10097.27018,1093.726003,1208.037729,1,1303.832583,4858,1.044651948,1413.256484,32.2106937,202.4166667,33.73611111,6,10.16666667,PNP,SLICKWATER FRAC,12008,20191.14749,36414.95247,49151.06747,78307.46741,107012.1925,131379.6075,171836.9375,203787.3389,2.802107655,3.747233703,3.58636602,3.257536032,3.312897322,3.361821811,3.561734547,3.20804551,3.20804551,1546.890878,1343.970244,1296.973334,1216.459075,1125.088961,1142.538667,1016.076364,1016.076364,512.66667,7/3/2015,9/19/2015,8.466666667,General
wd.johnson.1.49.5h,4.23E+13,middle.beta,WD.JOHNSON.1.49.5H,4.23E+13,11_MIDDLE_BETA,BETA,WC,31.68218,-103.47533,87.73592204,3.307983499,0.099043188,0.227946976,0.380681068,0.223710137,33.155475,0.84068396,9700.652214,1345.930081,1340.044509,1,1320.388437,4682,0.883719835,1446.106151,38.96155489,167.2142857,33.44285714,5,12.11142857,PNP,SLICKWATER FRAC,11539,15776.44442,29410.90944,46985.90443,88729.18455,121778.9596,153097.3196,208635.3744,253312.9695,3.151279981,5.036814456,3.929682264,3.722147431,3.858180401,3.453328693,3.828303906,3.796301802,4.120944225,2055.733258,1959.41313,1950.251259,2059.329049,1948.700715,2019.863859,1939.45623,2169.99579,924.58333,2/12/2014,7/3/2014,6.133333333,General
wheat.trust.1.36.3h,4.25E+13,w1.alpha,WHEAT.TRUST.1.36.3H,4.25E+13,07_W1_ALPHA,ALPHA,WC,31.6374,-103.46035,45.41345832,2.250538456,0.082401321,0.082401321,0.601405906,0.19450913,40.39181979,0.840383709,9419.020611,1559.102944,1279.569612,1,1299.389657,3665,1.128832817,438.341337,9.245566166,458.125,458.125,1,49.51,SSLEEVE,CROSSLINK,11208,10322.95999,25089.67996,42145.67996,74406.70498,94407.33993,107829.3399,131027.8598,144990.2098,1.002411143,2.934113917,1.587857168,1.168637654,1.262888171,1.357650436,1.526086399,1.474512922,1.939269435,2115.272648,1783.183305,1574.404568,1735.211745,2053.023496,2155.15375,1977.16437,2013.421137,1640.125,1/8/2012,3/14/2012,4.4,WheatTrust
wheat.trust.1.36.4h,4.25E+13,w1.alpha,WHEAT.TRUST.1.36.4H,4.25E+13,07_W1_ALPHA,ALPHA,WC,31.64229,-103.46688,46.50297466,2.340085133,0.083468328,0.083468328,0.602877685,0.191028039,40.27277532,0.840819709,7084.746868,1511.175464,744.2386838,0,725.7612165,3628,1.258448389,442.2731533,8.3676957,453.5,453.5,1,50.04,SSLEEVE,CROSSLINK,8426,16506.615,39930.25507,61698.8951,96586.02016,130420.6402,151063.5903,179574.3103,196776.7903,0.852210623,1.749316197,1.183303979,0.869741231,1.066850587,1.004556941,1.123544754,1.197408112,1.136243498,1709.683779,1599.204241,1662.695153,1790.535596,2599.946902,2357.236986,1375.65927,1069.633691,1698,1/24/2012,3/16/2012,4.566666667,WheatTrust
wheat.trust.1.52.1h,4.23E+13,middle.beta,WHEAT.TRUST.1.52.1H,4.23E+13,11_MIDDLE_BETA,BETA,WC,31.69165,-103.50748,90.54566676,3.498858119,0.092458175,0.222021334,0.417939428,0.263636024,35.287492,0.832635665,9374.644952,1775.423463,941.2234562,0,996.627877,4799,1.030555176,1413.765368,32.6630548,199.9583333,33.32638889,6,8.262847222,PNP,SLICKWATER FRAC,11259,5773.95272,10996.68771,19945.30768,47493.29771,64891.33771,82560.13763,113988.8577,139279.9627,2.745121926,6.424184334,5.202927607,4.544503599,3.557414239,3.904640236,4.155214926,4.505594024,4.424032736,1572.590805,2212.437261,2109.864443,1802.859255,2492.397319,1971.489706,2430.990591,2571.622027,848.16667,4/12/2014,10/31/2014,11,WheatTrust
wheat.trust.1.52.2h,4.23E+13,w1.alpha,WHEAT.TRUST.1.52.2H,4.23E+13,07_W1_ALPHA,ALPHA,WC,31.68988,-103.50512,46.60918332,2.49920306,0.083229415,0.083229415,0.644248192,0.188885656,38.08053177,0.833180828,9209.980873,1673.749709,849.2420394,0,601.7305264,4811,1.111900961,778.337144,16.66680524,343.6428571,85.91071429,4,11.94178572,PNP,CROSSLINK,11054,8206.196078,16721.71106,25912.84607,54265.34615,77350.23615,94050.33119,118420.3561,142084.6911,3.208668902,6.065708512,4.418043737,4.375439517,4.103753675,4.111301757,4.13365399,4.495068561,4.084353257,2175.92677,2189.165927,2283.573176,2229.27336,2289.17551,2277.856617,2478.606832,2334.464578,756.16667,4/24/2014,11/11/2014,11.1,WheatTrust
wheat.trust.1.52.3h,4.23E+13,middle.beta,WHEAT.TRUST.1.52.3H,4.23E+13,11_MIDDLE_BETA,BETA,WC,31.68979,-103.505,90.74595228,3.495244594,0.094243797,0.223732905,0.408693316,0.255459706,35.022895,0.833208847,9419.426015,1668.695565,972.5632119,0,629.5953339,4760,0.94475111,1391.241597,35.06193277,198.3333333,33.05555556,6,9.325277778,PNP,SLICKWATER FRAC,11305,6874.472496,15132.28753,20565.97755,39086.02754,61752.98754,77024.33754,108534.7676,138942.1376,3.643265833,6.422402721,4.511916037,5.231848582,4.656516089,4.343016324,4.764930814,4.155186176,3.760676185,2212.761891,1990.24093,1901.988014,2033.86498,2200.576545,2321.46859,2217.339232,2355.103278,845.66667,5/11/2014,11/15/2014,10.56666667,WheatTrust
wheat.trust.1.52.4h,4.23E+13,w1.alpha,WHEAT.TRUST.1.52.4H,4.23E+13,07_W1_ALPHA,ALPHA,WC,31.68765,-103.50214,47.24751108,2.533095074,0.083886947,0.083886947,0.639113757,0.18639222,37.81494714,0.83388402,9228.594449,1555.272202,990.6191309,0,642.2947279,4850,1.144608301,772.7649485,16.07463918,346.4285714,86.60714286,4,11.87839286,PNP,CROSSLINK,11067,7964.624969,16231.12485,27180.53981,51569.31985,73085.53988,89962.40994,113576.105,135307.92,3.738472118,5.887897875,4.489536066,3.997523183,4.707529078,4.49527224,4.381877801,4.628927334,4.347798043,2382.900617,2333.121508,2015.667115,2298.77989,2353.342319,2370.240914,2444.574674,2612.639978,742.79167,4/27/2014,12/3/2014,11.4,WheatTrust
wheat.trust.1.52.5h,4.23E+13,middle.beta,WHEAT.TRUST.1.52.5H,4.23E+13,11_MIDDLE_BETA,BETA,WC,31.68756,-103.50202,90.93281189,3.488438924,0.096442752,0.225775155,0.397778136,0.245222276,34.691255,0.833912621,9414.873491,1550.811403,973.3221391,0,589.7867879,4800,0.951667117,1394.279167,34.883125,200,33.33333333,6,8.510217392,PNP,SLICKWATER FRAC,11290,7753.759364,16396.98937,28190.85943,55793.08945,80213.52953,98905.27454,133489.1046,162333.5197,3.394260218,5.222519528,2.969459593,3.117471303,4.271569793,3.919748744,3.969733774,4.111975203,4.117919715,2133.108646,2005.155352,1839.39564,2221.592607,2035.869718,2097.715317,2196.587118,2633.027532,830.375,5/11/2014,12/10/2014,10.93333333,WheatTrust
wheat.trust.1.52.6h,4.23E+13,w1.alpha,WHEAT.TRUST.1.52.6H,4.23E+13,07_W1_ALPHA,ALPHA,WC,31.68512,-103.49875,47.98128337,2.565562055,0.084456565,0.084456565,0.633107196,0.183611786,37.53520273,0.834700832,9225.113595,1441.442165,868.2119617,0,586.6151273,4781,1.097497058,785.8207488,17.04789793,341.5,85.375,4,12.41071429,PNP,CROSSLINK,11052,7414.929966,18124.79502,26233.52501,54565.87509,78814.17501,106285.76,168999.23,191935.8901,2.694172901,6.62069329,3.558295708,3.421770547,3.34142197,3.290324879,2.668218185,2.086456418,4.702543239,2418.472666,1477.943027,1273.020201,1457.231059,1406.296149,1137.451035,974.6391533,2972.43602,825.95833,4/27/2014,12/21/2014,11.93333333,WheatTrust
wheat.trust.1.52.7h,4.23E+13,middle.beta,WHEAT.TRUST.1.52.7H,4.23E+13,11_MIDDLE_BETA,BETA,WC,31.68503,-103.49863,91.05400656,3.476533939,0.098799988,0.22802947,0.386447517,0.234235098,34.302323,0.834730064,9428.276073,1437.805232,1087.282417,1,922.9260217,4875,0.97241828,1440.48,35.26994872,195,32.5,6,8.3472,PNP,SLICKWATER FRAC,11295,7579.447928,17334.45794,26730.87294,54052.55294,72937.09296,92429.02301,127394.498,166501.823,2.485719071,5.527271747,4.213322887,3.755570269,3.081382385,4.189019514,4.287883144,4.149582392,3.930045062,1739.025424,1736.703651,1618.641463,1566.012327,1804.429983,1961.211401,1941.356465,2180.76282,846.70833,5/16/2014,12/30/2014,11.26666667,WheatTrust
winghead.56.2.43.2h,4.24E+13,middle.beta,WINGHEAD.56.2.43.2H,4.24E+13,11_MIDDLE_BETA,BETA,WC,31.76766,-103.9067,117.8025253,4.230606909,0.067927396,0.192164707,0.528692449,0.18228248,46.59204,0.705602043,7261.350625,4890.43113,1400,0,1400,4095,0.948113431,1449.098901,36.3905348,195,32.5,6,8.747619048,PNP,SLICKWATER FRAC,10291,7704.613121,12790.99813,16101.10816,31021.5381,44078.648,75618.21817,118417.0132,149973.7581,2.475754365,5.180309614,3.428794399,5.625713733,4.493672068,5.509210478,2.872894012,3.6214811,3.614207306,4978.165792,6241.779801,11884.7994,5831.321173,3899.383996,4351.055649,5522.582135,6415.17049,667.25,8/26/2014,12/5/2014,8.6,General
yokum.ul.unit.19.4.1h,4.23E+13,middle.beta,YOKUM.UL.UNIT.19.4.1H,4.23E+13,11_MIDDLE_BETA,BETA,WC,31.72166,-103.44161,85.4166971,2.85808988,0.089658639,0.200039817,0.373199425,0.24424371,35.611307,0.848497713,9822.209526,1446.207436,1400,0,1400,4833,0.97217155,1404.961722,34.40901924,201.375,33.5625,6,9.570833333,PNP,SLICKWATER FRAC,11576,25233.86008,49535.88507,72982.93506,128550.085,173712.94,209281.9651,245076.5451,280928.8344,1.815222709,2.542145699,1.713098745,1.828970468,2.252754139,2.310799166,2.266957223,4.824947059,4.824947059,1736.907275,1582.60209,1668.092066,1635.035824,1525.813086,2078.308494,1109.956102,1109.956102,480.625,9/25/2015,11/2/2015,3.533333333,General
yokum.ul.unit.19.4.2h,4.23E+13,w1.alpha,YOKUM.UL.UNIT.19.4.2H,4.23E+13,07_W1_ALPHA,ALPHA,WC,31.72173,-103.44144,45.1508033,2.54231988,0.090833048,0.090833048,0.619898841,0.180935676,39.08430707,0.848513874,9662.027483,1445.604822,424.7603341,1,321.7653952,4800,1.040158263,2486.583333,56.9186125,200,33.33333333,6,10,PNP,SLICKWATER FRAC,11387,14737.06267,27645.06754,42996.93258,82108.83265,121720.3744,158146.8525,225692.8914,287423.9594,2.390392204,7.087662325,4.210384562,3.475404255,2.966319287,2.966319287,2.966319287,2.966319287,2.966319287,1787.28666,1555.876333,1481.114088,1298.509695,1298.509695,1298.509695,1298.509695,1298.509695,53.791667,12/28/2016,2/22/2017,6.133333333,General
yokum.ul.unit.19.4.3h,4.23E+13,lower.beta,YOKUM.UL.UNIT.19.4.3H,4.23E+13,12_LOWER_BETA,BETA,WC,31.7217,-103.44152,48.81296495,1.757786571,0.104128431,0.194399,0.345829176,0.230363103,33.13137803,0.848506342,9915.645113,1445.885001,526.9383073,1,790.0741223,4800,1.054746634,2493.135417,56.27926667,200,33.33333333,6,9.833333333,PNP,SLICKWATER FRAC,11686,13766.30353,29740.48353,43552.22852,76724.73861,103285.2143,125362.6753,162345.4976,193090.7226,2.120554088,7.168630049,3.774768257,2.839465714,2.631566979,2.631566979,2.631566979,2.631566979,2.631566979,1231.867259,1141.320171,812.0114782,912.9293759,912.9293759,912.9293759,912.9293759,912.9293759,58.75,12/15/2016,2/14/2017,6.433333333,General
