,Date,X,GROSS WTR
0,2019-03-23,,FORAKER 1207 1SMH-11
1,2019-03-24,,FORAKER 1207 1SMH-11
2,2019-03-25,,FORAKER 1207 1SMH-11
3,2019-03-26,1166.6,FORAKER 1207 1SMH-11
4,2019-03-27,2200.91,FORAKER 1207 1SMH-11
5,2019-03-28,2022.64,FORAKER 1207 1SMH-11
6,2019-03-29,2304.53,FORAKER 1207 1SMH-11
7,2019-03-30,2623.92,FORAKER 1207 1SMH-11
8,2019-03-31,2913.08,FORAKER 1207 1SMH-11
9,2019-04-01,3127.29,FORAKER 1207 1SMH-11
10,2019-04-02,3189.42,FORAKER 1207 1SMH-11
11,2019-04-03,3093.7,FORAKER 1207 1SMH-11
12,2019-04-04,2961.46,FORAKER 1207 1SMH-11
13,2019-04-05,2885.91,FORAKER 1207 1SMH-11
14,2019-04-06,2672.02,FORAKER 1207 1SMH-11
15,2019-04-07,2506.07,FORAKER 1207 1SMH-11
16,2019-04-08,2285.12,FORAKER 1207 1SMH-11
17,2019-04-09,2090.79,FORAKER 1207 1SMH-11
18,2019-04-10,1918.15,FORAKER 1207 1SMH-11
19,2019-04-11,1783.09,FORAKER 1207 1SMH-11
20,2019-04-12,1643.29,FORAKER 1207 1SMH-11
21,2019-04-13,1529.55,FORAKER 1207 1SMH-11
22,2019-04-14,1431.36,FORAKER 1207 1SMH-11
23,2019-04-15,1362.41,FORAKER 1207 1SMH-11
24,2019-04-16,1315.2,FORAKER 1207 1SMH-11
25,2019-04-17,1268.15,FORAKER 1207 1SMH-11
26,2019-04-18,1219.03,FORAKER 1207 1SMH-11
27,2019-04-19,1185.38,FORAKER 1207 1SMH-11
28,2019-04-20,1129.56,FORAKER 1207 1SMH-11
29,2019-04-21,1065.62,FORAKER 1207 1SMH-11
30,2019-04-22,1024.23,FORAKER 1207 1SMH-11
31,2019-04-23,998.67,FORAKER 1207 1SMH-11
32,2019-04-24,883.19,FORAKER 1207 1SMH-11
33,2019-04-25,875.78,FORAKER 1207 1SMH-11
34,2019-04-26,850.37,FORAKER 1207 1SMH-11
35,2019-04-27,821.18,FORAKER 1207 1SMH-11
36,2019-04-28,869.26,FORAKER 1207 1SMH-11
37,2019-04-29,985.85,FORAKER 1207 1SMH-11
38,2019-04-30,816.11,FORAKER 1207 1SMH-11
39,2019-05-01,912.09,FORAKER 1207 1SMH-11
40,2019-05-02,862.79,FORAKER 1207 1SMH-11
41,2019-05-03,857.22,FORAKER 1207 1SMH-11
42,2019-05-04,829.65,FORAKER 1207 1SMH-11
43,2019-05-05,809.89,FORAKER 1207 1SMH-11
44,2019-05-06,787.37,FORAKER 1207 1SMH-11
45,2019-05-07,778.05,FORAKER 1207 1SMH-11
46,2019-05-08,755.69,FORAKER 1207 1SMH-11
47,2019-05-09,738.16,FORAKER 1207 1SMH-11
48,2019-05-10,724.57,FORAKER 1207 1SMH-11
49,2019-05-11,710.05,FORAKER 1207 1SMH-11
50,2019-05-12,695.8,FORAKER 1207 1SMH-11
51,2019-05-13,689.18,FORAKER 1207 1SMH-11
52,2019-05-14,673.83,FORAKER 1207 1SMH-11
53,2019-05-15,611.64,FORAKER 1207 1SMH-11
54,2019-05-16,588.25,FORAKER 1207 1SMH-11
55,2019-05-17,592.38,FORAKER 1207 1SMH-11
56,2019-05-18,589.9,FORAKER 1207 1SMH-11
57,2019-05-19,582.6,FORAKER 1207 1SMH-11
58,2019-05-20,580.12,FORAKER 1207 1SMH-11
59,2019-05-21,571.63,FORAKER 1207 1SMH-11
60,2019-05-22,565.34,FORAKER 1207 1SMH-11
61,2019-05-23,557.84,FORAKER 1207 1SMH-11
62,2019-05-24,545.46,FORAKER 1207 1SMH-11
63,2019-05-25,556.64,FORAKER 1207 1SMH-11
64,2019-05-26,545.3,FORAKER 1207 1SMH-11
65,2019-05-27,539.39,FORAKER 1207 1SMH-11
66,2019-05-28,531.82,FORAKER 1207 1SMH-11
67,2019-05-29,525.25,FORAKER 1207 1SMH-11
68,2019-05-30,520.05,FORAKER 1207 1SMH-11
69,2019-05-31,513.95,FORAKER 1207 1SMH-11
70,2019-06-01,511.71,FORAKER 1207 1SMH-11
71,2019-06-02,507.22,FORAKER 1207 1SMH-11
72,2019-06-03,497.92,FORAKER 1207 1SMH-11
73,2019-06-04,503.12,FORAKER 1207 1SMH-11
74,2019-06-05,496.36,FORAKER 1207 1SMH-11
75,2019-06-06,491.12,FORAKER 1207 1SMH-11
76,2019-06-07,485.61,FORAKER 1207 1SMH-11
77,2019-06-08,487.63,FORAKER 1207 1SMH-11
78,2019-06-09,477.94,FORAKER 1207 1SMH-11
79,2019-06-10,478.98,FORAKER 1207 1SMH-11
80,2019-06-11,454.47,FORAKER 1207 1SMH-11
81,2019-06-12,473.16,FORAKER 1207 1SMH-11
82,2019-06-13,450.36,FORAKER 1207 1SMH-11
83,2019-06-14,450.69,FORAKER 1207 1SMH-11
84,2019-06-15,450.26,FORAKER 1207 1SMH-11
85,2019-06-16,442.86,FORAKER 1207 1SMH-11
86,2019-06-17,439.38,FORAKER 1207 1SMH-11
87,2019-06-18,427.82,FORAKER 1207 1SMH-11
88,2019-06-19,286.38,FORAKER 1207 1SMH-11
89,2019-06-20,0.1,FORAKER 1207 1SMH-11
90,2019-06-21,97.01,FORAKER 1207 1SMH-11
91,2019-06-22,512.88,FORAKER 1207 1SMH-11
92,2019-06-23,510.92,FORAKER 1207 1SMH-11
93,2019-06-24,522.7,FORAKER 1207 1SMH-11
94,2019-06-25,478.67,FORAKER 1207 1SMH-11
95,2019-06-26,460.36,FORAKER 1207 1SMH-11
96,2019-06-27,86.62,FORAKER 1207 1SMH-11
97,2019-06-28,30.38,FORAKER 1207 1SMH-11
98,2019-06-29,51.63,FORAKER 1207 1SMH-11
99,2019-06-30,298.37,FORAKER 1207 1SMH-11
100,2019-07-01,615.97,FORAKER 1207 1SMH-11
101,2019-07-02,551.62,FORAKER 1207 1SMH-11
102,2019-07-03,521.85,FORAKER 1207 1SMH-11
103,2019-07-04,465.01,FORAKER 1207 1SMH-11
104,2019-07-05,449.97,FORAKER 1207 1SMH-11
105,2019-07-06,452.78,FORAKER 1207 1SMH-11
106,2019-07-07,442.91,FORAKER 1207 1SMH-11
107,2019-07-08,440.64,FORAKER 1207 1SMH-11
108,2019-07-09,413.23,FORAKER 1207 1SMH-11
109,2019-07-10,443.16,FORAKER 1207 1SMH-11
110,2019-07-11,446.01,FORAKER 1207 1SMH-11
111,2019-07-12,469.86,FORAKER 1207 1SMH-11
112,2019-07-13,437.8,FORAKER 1207 1SMH-11
113,2019-07-14,440.62,FORAKER 1207 1SMH-11
114,2019-07-15,291.7,FORAKER 1207 1SMH-11
115,2019-07-16,304.71,FORAKER 1207 1SMH-11
116,2019-07-17,134.17,FORAKER 1207 1SMH-11
117,2019-07-18,391.59,FORAKER 1207 1SMH-11
118,2019-07-19,1.4,FORAKER 1207 1SMH-11
119,2019-07-20,563.55,FORAKER 1207 1SMH-11
120,2019-07-21,347.83,FORAKER 1207 1SMH-11
121,2019-07-22,458.41,FORAKER 1207 1SMH-11
122,2019-07-23,491.6,FORAKER 1207 1SMH-11
123,2019-07-24,469.72,FORAKER 1207 1SMH-11
124,2019-07-25,375.54,FORAKER 1207 1SMH-11
125,2019-07-26,407.41,FORAKER 1207 1SMH-11
126,2019-07-27,416.8,FORAKER 1207 1SMH-11
127,2019-07-28,407.23,FORAKER 1207 1SMH-11
128,2019-07-29,400.07,FORAKER 1207 1SMH-11
129,2019-07-30,348.52,FORAKER 1207 1SMH-11
130,2019-07-31,440.07,FORAKER 1207 1SMH-11
131,2019-08-01,438.3,FORAKER 1207 1SMH-11
132,2019-08-02,468.31,FORAKER 1207 1SMH-11
133,2019-08-03,444.74,FORAKER 1207 1SMH-11
134,2019-08-04,409.43,FORAKER 1207 1SMH-11
135,2019-08-05,261.28,FORAKER 1207 1SMH-11
136,2019-08-06,0.0,FORAKER 1207 1SMH-11
137,2019-08-07,341.45,FORAKER 1207 1SMH-11
138,2019-08-08,77.08,FORAKER 1207 1SMH-11
139,2019-08-09,414.32,FORAKER 1207 1SMH-11
140,2019-08-10,435.72,FORAKER 1207 1SMH-11
141,2019-08-11,399.74,FORAKER 1207 1SMH-11
142,2019-08-12,195.42,FORAKER 1207 1SMH-11
143,2019-08-13,375.22,FORAKER 1207 1SMH-11
144,2019-08-14,393.67,FORAKER 1207 1SMH-11
145,2019-08-15,196.46,FORAKER 1207 1SMH-11
146,2019-08-16,154.02,FORAKER 1207 1SMH-11
147,2019-08-17,137.01,FORAKER 1207 1SMH-11
148,2019-08-18,167.46,FORAKER 1207 1SMH-11
149,2019-08-19,217.53,FORAKER 1207 1SMH-11
150,2019-08-20,128.21,FORAKER 1207 1SMH-11
151,2019-08-21,13.12,FORAKER 1207 1SMH-11
152,2019-08-22,191.21,FORAKER 1207 1SMH-11
153,2019-08-23,312.01,FORAKER 1207 1SMH-11
154,2019-08-24,484.99,FORAKER 1207 1SMH-11
155,2019-08-25,436.53,FORAKER 1207 1SMH-11
156,2019-08-26,410.95,FORAKER 1207 1SMH-11
157,2019-08-27,395.94,FORAKER 1207 1SMH-11
158,2019-08-28,408.81,FORAKER 1207 1SMH-11
159,2019-08-29,409.19,FORAKER 1207 1SMH-11
160,2019-08-30,394.59,FORAKER 1207 1SMH-11
161,2019-08-31,390.04,FORAKER 1207 1SMH-11
162,2019-09-01,374.82,FORAKER 1207 1SMH-11
163,2019-09-02,367.86,FORAKER 1207 1SMH-11
164,2019-09-03,259.17,FORAKER 1207 1SMH-11
165,2019-09-04,383.84,FORAKER 1207 1SMH-11
166,2019-09-05,,FORAKER 1207 1SMH-11
167,2019-09-06,,FORAKER 1207 1SMH-11
168,2019-09-07,,FORAKER 1207 1SMH-11
169,2019-09-08,,FORAKER 1207 1SMH-11
170,2019-09-09,,FORAKER 1207 1SMH-11
171,2019-09-10,,FORAKER 1207 1SMH-11
172,2019-09-11,,FORAKER 1207 1SMH-11
173,2019-09-12,,FORAKER 1207 1SMH-11
174,2019-09-13,,FORAKER 1207 1SMH-11
175,2019-09-14,,FORAKER 1207 1SMH-11
176,2019-09-15,,FORAKER 1207 1SMH-11
177,2019-09-16,,FORAKER 1207 1SMH-11
178,2019-09-17,,FORAKER 1207 1SMH-11
179,2019-09-18,,FORAKER 1207 1SMH-11
180,2019-09-19,,FORAKER 1207 1SMH-11
181,2019-09-20,,FORAKER 1207 1SMH-11
182,2019-09-21,,FORAKER 1207 1SMH-11
183,2019-09-22,,FORAKER 1207 1SMH-11
184,2019-09-23,,FORAKER 1207 1SMH-11
0,2019-03-23,,S1
1,2019-03-24,,S1
2,2019-03-25,,S1
3,2019-03-26,0.0,S1
4,2019-03-27,0.0,S1
5,2019-03-28,0.0,S1
6,2019-03-29,0.0,S1
7,2019-03-30,386.04,S1
8,2019-03-31,572.86,S1
9,2019-04-01,991.42,S1
10,2019-04-02,995.55,S1
11,2019-04-03,803.2,S1
12,2019-04-04,692.15,S1
13,2019-04-05,486.3,S1
14,2019-04-06,420.11,S1
15,2019-04-07,365.44,S1
16,2019-04-08,435.16,S1
17,2019-04-09,266.94,S1
18,2019-04-10,236.09,S1
19,2019-04-11,203.66,S1
20,2019-04-12,191.06,S1
21,2019-04-13,168.13,S1
22,2019-04-14,158.34,S1
23,2019-04-15,148.3,S1
24,2019-04-16,132.41,S1
25,2019-04-17,117.96,S1
26,2019-04-18,124.12,S1
27,2019-04-19,104.28,S1
28,2019-04-20,26.3,S1
29,2019-04-21,0.0,S1
30,2019-04-22,0.0,S1
31,2019-04-23,0.0,S1
32,2019-04-24,0.0,S1
33,2019-04-25,0.0,S1
34,2019-04-26,0.0,S1
35,2019-04-27,0.0,S1
36,2019-04-28,295.26,S1
37,2019-04-29,1334.1,S1
38,2019-04-30,1251.89,S1
39,2019-05-01,736.35,S1
40,2019-05-02,647.94,S1
41,2019-05-03,522.31,S1
42,2019-05-04,466.91,S1
43,2019-05-05,405.47,S1
44,2019-05-06,360.6,S1
45,2019-05-07,319.13,S1
46,2019-05-08,301.59,S1
47,2019-05-09,277.39,S1
48,2019-05-10,261.07,S1
49,2019-05-11,240.86,S1
50,2019-05-12,229.35,S1
51,2019-05-13,213.91,S1
52,2019-05-14,207.84,S1
53,2019-05-15,206.76,S1
54,2019-05-16,196.24,S1
55,2019-05-17,182.38,S1
56,2019-05-18,144.41,S1
57,2019-05-19,170.96,S1
58,2019-05-20,167.95,S1
59,2019-05-21,127.88,S1
60,2019-05-22,143.48,S1
61,2019-05-23,125.09,S1
62,2019-05-24,102.02,S1
63,2019-05-25,124.97,S1
64,2019-05-26,122.19,S1
65,2019-05-27,128.27,S1
66,2019-05-28,128.45,S1
67,2019-05-29,119.02,S1
68,2019-05-30,115.44,S1
69,2019-05-31,109.95,S1
70,2019-06-01,110.8,S1
71,2019-06-02,107.47,S1
72,2019-06-03,102.85,S1
73,2019-06-04,110.38,S1
74,2019-06-05,104.9,S1
75,2019-06-06,105.7,S1
76,2019-06-07,99.25,S1
77,2019-06-08,100.64,S1
78,2019-06-09,81.1,S1
79,2019-06-10,92.35,S1
80,2019-06-11,75.29,S1
81,2019-06-12,94.35,S1
82,2019-06-13,86.74,S1
83,2019-06-14,92.32,S1
84,2019-06-15,82.61,S1
85,2019-06-16,85.51,S1
86,2019-06-17,97.31,S1
87,2019-06-18,81.51,S1
88,2019-06-19,73.93,S1
89,2019-06-20,83.82,S1
90,2019-06-21,78.16,S1
91,2019-06-22,79.31,S1
92,2019-06-23,82.74,S1
93,2019-06-24,75.31,S1
94,2019-06-25,66.84,S1
95,2019-06-26,68.94,S1
96,2019-06-27,61.52,S1
97,2019-06-28,56.34,S1
98,2019-06-29,69.89,S1
99,2019-06-30,55.23,S1
100,2019-07-01,29.86,S1
101,2019-07-02,33.45,S1
102,2019-07-03,48.82,S1
103,2019-07-04,54.64,S1
104,2019-07-05,58.01,S1
105,2019-07-06,25.24,S1
106,2019-07-07,30.0,S1
107,2019-07-08,26.66,S1
108,2019-07-09,37.5,S1
109,2019-07-10,46.77,S1
110,2019-07-11,40.55,S1
111,2019-07-12,43.06,S1
112,2019-07-13,45.44,S1
113,2019-07-14,41.8,S1
114,2019-07-15,36.12,S1
115,2019-07-16,21.32,S1
116,2019-07-17,0.0,S1
117,2019-07-18,68.72,S1
118,2019-07-19,50.66,S1
119,2019-07-20,27.79,S1
120,2019-07-21,27.71,S1
121,2019-07-22,31.04,S1
122,2019-07-23,28.87,S1
123,2019-07-24,6.81,S1
124,2019-07-25,97.1,S1
125,2019-07-26,117.77,S1
126,2019-07-27,100.0,S1
127,2019-07-28,100.0,S1
128,2019-07-29,50.21,S1
129,2019-07-30,43.09,S1
130,2019-07-31,15.58,S1
131,2019-08-01,0.0,S1
132,2019-08-02,0.0,S1
133,2019-08-03,22.02,S1
134,2019-08-04,19.5,S1
135,2019-08-05,19.59,S1
136,2019-08-06,4.36,S1
137,2019-08-07,0.0,S1
138,2019-08-08,43.09,S1
139,2019-08-09,30.88,S1
140,2019-08-10,15.52,S1
141,2019-08-11,8.63,S1
142,2019-08-12,13.77,S1
143,2019-08-13,12.87,S1
144,2019-08-14,8.54,S1
145,2019-08-15,8.14,S1
146,2019-08-16,5.88,S1
147,2019-08-17,39.69,S1
148,2019-08-18,53.09,S1
149,2019-08-19,51.53,S1
150,2019-08-20,48.09,S1
151,2019-08-21,42.0,S1
152,2019-08-22,24.68,S1
153,2019-08-23,54.85,S1
154,2019-08-24,40.93,S1
155,2019-08-25,36.44,S1
156,2019-08-26,25.43,S1
157,2019-08-27,24.24,S1
158,2019-08-28,38.02,S1
159,2019-08-29,35.18,S1
160,2019-08-30,24.23,S1
161,2019-08-31,31.05,S1
162,2019-09-01,27.46,S1
163,2019-09-02,25.28,S1
164,2019-09-03,8.58,S1
165,2019-09-04,37.32,S1
166,2019-09-05,,S1
167,2019-09-06,,S1
168,2019-09-07,,S1
169,2019-09-08,,S1
170,2019-09-09,,S1
171,2019-09-10,,S1
172,2019-09-11,,S1
173,2019-09-12,,S1
174,2019-09-13,,S1
175,2019-09-14,,S1
176,2019-09-15,,S1
177,2019-09-16,,S1
178,2019-09-17,,S1
179,2019-09-18,,S1
180,2019-09-19,,S1
181,2019-09-20,,S1
182,2019-09-21,,S1
183,2019-09-22,,S1
184,2019-09-23,,S1
0,2019-03-23,,FORAKER 1207 2UMH-11
1,2019-03-24,,FORAKER 1207 2UMH-11
2,2019-03-25,,FORAKER 1207 2UMH-11
3,2019-03-26,0.0,FORAKER 1207 2UMH-11
4,2019-03-27,1435.9,FORAKER 1207 2UMH-11
5,2019-03-28,1475.8910000000005,FORAKER 1207 2UMH-11
6,2019-03-29,2018.3960000000002,FORAKER 1207 2UMH-11
7,2019-03-30,1992.542,FORAKER 1207 2UMH-11
8,2019-03-31,2142.0480000000007,FORAKER 1207 2UMH-11
9,2019-04-01,2379.18,FORAKER 1207 2UMH-11
10,2019-04-02,2215.9880000000003,FORAKER 1207 2UMH-11
11,2019-04-03,1909.774,FORAKER 1207 2UMH-11
12,2019-04-04,1991.7239999999997,FORAKER 1207 2UMH-11
13,2019-04-05,1803.5669999999998,FORAKER 1207 2UMH-11
14,2019-04-06,1900.0,FORAKER 1207 2UMH-11
15,2019-04-07,1927.900491993759,FORAKER 1207 2UMH-11
16,2019-04-08,1765.7959832323836,FORAKER 1207 2UMH-11
17,2019-04-09,1629.8932163147479,FORAKER 1207 2UMH-11
18,2019-04-10,1514.2421519108027,FORAKER 1207 2UMH-11
19,2019-04-11,1414.5769824470503,FORAKER 1207 2UMH-11
20,2019-04-12,1327.7578385736258,FORAKER 1207 2UMH-11
21,2019-04-13,1251.4211743400126,FORAKER 1207 2UMH-11
22,2019-04-14,1183.7530546635435,FORAKER 1207 2UMH-11
23,2019-04-15,1123.337664306604,FORAKER 1207 2UMH-11
24,2019-04-16,1069.0534076202084,FORAKER 1207 2UMH-11
25,2019-04-17,1019.97,FORAKER 1207 2UMH-11
26,2019-04-18,950.3,FORAKER 1207 2UMH-11
27,2019-04-19,899.11,FORAKER 1207 2UMH-11
28,2019-04-20,846.71,FORAKER 1207 2UMH-11
29,2019-04-21,780.01,FORAKER 1207 2UMH-11
30,2019-04-22,715.58,FORAKER 1207 2UMH-11
31,2019-04-23,674.72,FORAKER 1207 2UMH-11
32,2019-04-24,764.26,FORAKER 1207 2UMH-11
33,2019-04-25,715.64,FORAKER 1207 2UMH-11
34,2019-04-26,624.68,FORAKER 1207 2UMH-11
35,2019-04-27,578.76,FORAKER 1207 2UMH-11
36,2019-04-28,661.44,FORAKER 1207 2UMH-11
37,2019-04-29,593.2,FORAKER 1207 2UMH-11
38,2019-04-30,568.04,FORAKER 1207 2UMH-11
39,2019-05-01,550.19,FORAKER 1207 2UMH-11
40,2019-05-02,550.67,FORAKER 1207 2UMH-11
41,2019-05-03,513.26,FORAKER 1207 2UMH-11
42,2019-05-04,478.15,FORAKER 1207 2UMH-11
43,2019-05-05,475.18,FORAKER 1207 2UMH-11
44,2019-05-06,448.44,FORAKER 1207 2UMH-11
45,2019-05-07,444.85,FORAKER 1207 2UMH-11
46,2019-05-08,427.82,FORAKER 1207 2UMH-11
47,2019-05-09,410.15,FORAKER 1207 2UMH-11
48,2019-05-10,390.56,FORAKER 1207 2UMH-11
49,2019-05-11,372.31,FORAKER 1207 2UMH-11
50,2019-05-12,368.89,FORAKER 1207 2UMH-11
51,2019-05-13,364.75,FORAKER 1207 2UMH-11
52,2019-05-14,373.72,FORAKER 1207 2UMH-11
53,2019-05-15,360.42,FORAKER 1207 2UMH-11
54,2019-05-16,345.6,FORAKER 1207 2UMH-11
55,2019-05-17,337.41,FORAKER 1207 2UMH-11
56,2019-05-18,343.58,FORAKER 1207 2UMH-11
57,2019-05-19,336.8,FORAKER 1207 2UMH-11
58,2019-05-20,342.79,FORAKER 1207 2UMH-11
59,2019-05-21,318.75,FORAKER 1207 2UMH-11
60,2019-05-22,311.79,FORAKER 1207 2UMH-11
61,2019-05-23,319.3,FORAKER 1207 2UMH-11
62,2019-05-24,309.53,FORAKER 1207 2UMH-11
63,2019-05-25,328.53,FORAKER 1207 2UMH-11
64,2019-05-26,325.17,FORAKER 1207 2UMH-11
65,2019-05-27,317.61,FORAKER 1207 2UMH-11
66,2019-05-28,326.55,FORAKER 1207 2UMH-11
67,2019-05-29,315.02,FORAKER 1207 2UMH-11
68,2019-05-30,321.61,FORAKER 1207 2UMH-11
69,2019-05-31,324.33,FORAKER 1207 2UMH-11
70,2019-06-01,316.8,FORAKER 1207 2UMH-11
71,2019-06-02,320.06,FORAKER 1207 2UMH-11
72,2019-06-03,301.34,FORAKER 1207 2UMH-11
73,2019-06-04,302.01,FORAKER 1207 2UMH-11
74,2019-06-05,286.79,FORAKER 1207 2UMH-11
75,2019-06-06,292.64,FORAKER 1207 2UMH-11
76,2019-06-07,289.29,FORAKER 1207 2UMH-11
77,2019-06-08,283.51,FORAKER 1207 2UMH-11
78,2019-06-09,278.68,FORAKER 1207 2UMH-11
79,2019-06-10,273.44,FORAKER 1207 2UMH-11
80,2019-06-11,293.86,FORAKER 1207 2UMH-11
81,2019-06-12,337.1,FORAKER 1207 2UMH-11
82,2019-06-13,318.98,FORAKER 1207 2UMH-11
83,2019-06-14,303.12,FORAKER 1207 2UMH-11
84,2019-06-15,307.54,FORAKER 1207 2UMH-11
85,2019-06-16,297.27,FORAKER 1207 2UMH-11
86,2019-06-17,288.14,FORAKER 1207 2UMH-11
87,2019-06-18,277.42,FORAKER 1207 2UMH-11
88,2019-06-19,285.1,FORAKER 1207 2UMH-11
89,2019-06-20,373.02,FORAKER 1207 2UMH-11
90,2019-06-21,413.24,FORAKER 1207 2UMH-11
91,2019-06-22,329.66,FORAKER 1207 2UMH-11
92,2019-06-23,308.0,FORAKER 1207 2UMH-11
93,2019-06-24,275.83,FORAKER 1207 2UMH-11
94,2019-06-25,211.25,FORAKER 1207 2UMH-11
95,2019-06-26,276.06,FORAKER 1207 2UMH-11
96,2019-06-27,306.29,FORAKER 1207 2UMH-11
97,2019-06-28,359.26,FORAKER 1207 2UMH-11
98,2019-06-29,388.73,FORAKER 1207 2UMH-11
99,2019-06-30,370.34,FORAKER 1207 2UMH-11
100,2019-07-01,309.19,FORAKER 1207 2UMH-11
101,2019-07-02,300.62,FORAKER 1207 2UMH-11
102,2019-07-03,291.35,FORAKER 1207 2UMH-11
103,2019-07-04,280.4,FORAKER 1207 2UMH-11
104,2019-07-05,277.03,FORAKER 1207 2UMH-11
105,2019-07-06,422.78,FORAKER 1207 2UMH-11
106,2019-07-07,392.78,FORAKER 1207 2UMH-11
107,2019-07-08,372.59,FORAKER 1207 2UMH-11
108,2019-07-09,339.49,FORAKER 1207 2UMH-11
109,2019-07-10,185.7800000000001,FORAKER 1207 2UMH-11
110,2019-07-11,298.68999999999994,FORAKER 1207 2UMH-11
111,2019-07-12,314.79999999999995,FORAKER 1207 2UMH-11
112,2019-07-13,320.80999999999995,FORAKER 1207 2UMH-11
113,2019-07-14,310.8600000000001,FORAKER 1207 2UMH-11
114,2019-07-15,152.06,FORAKER 1207 2UMH-11
115,2019-07-16,204.29000000000002,FORAKER 1207 2UMH-11
116,2019-07-17,66.17999999999995,FORAKER 1207 2UMH-11
117,2019-07-18,262.75,FORAKER 1207 2UMH-11
118,2019-07-19,-49.19999999999993,FORAKER 1207 2UMH-11
119,2019-07-20,231.04999999999995,FORAKER 1207 2UMH-11
120,2019-07-21,249.88,FORAKER 1207 2UMH-11
121,2019-07-22,355.6500000000001,FORAKER 1207 2UMH-11
122,2019-07-23,348.03999999999996,FORAKER 1207 2UMH-11
123,2019-07-24,188.03999999999996,FORAKER 1207 2UMH-11
124,2019-07-25,125.87000000000012,FORAKER 1207 2UMH-11
125,2019-07-26,156.47000000000003,FORAKER 1207 2UMH-11
126,2019-07-27,231.11,FORAKER 1207 2UMH-11
127,2019-07-28,253.1400000000001,FORAKER 1207 2UMH-11
128,2019-07-29,196.59000000000003,FORAKER 1207 2UMH-11
129,2019-07-30,140.62999999999997,FORAKER 1207 2UMH-11
130,2019-07-31,72.25999999999998,FORAKER 1207 2UMH-11
131,2019-08-01,159.61000000000004,FORAKER 1207 2UMH-11
132,2019-08-02,145.74,FORAKER 1207 2UMH-11
133,2019-08-03,299.41,FORAKER 1207 2UMH-11
134,2019-08-04,274.26,FORAKER 1207 2UMH-11
135,2019-08-05,169.26999999999992,FORAKER 1207 2UMH-11
136,2019-08-06,271.95,FORAKER 1207 2UMH-11
137,2019-08-07,332.98,FORAKER 1207 2UMH-11
138,2019-08-08,331.59,FORAKER 1207 2UMH-11
139,2019-08-09,309.92,FORAKER 1207 2UMH-11
140,2019-08-10,220.73,FORAKER 1207 2UMH-11
141,2019-08-11,209.64,FORAKER 1207 2UMH-11
142,2019-08-12,216.65,FORAKER 1207 2UMH-11
143,2019-08-13,226.89,FORAKER 1207 2UMH-11
144,2019-08-14,210.28,FORAKER 1207 2UMH-11
145,2019-08-15,225.46,FORAKER 1207 2UMH-11
146,2019-08-16,245.69,FORAKER 1207 2UMH-11
147,2019-08-17,269.5,FORAKER 1207 2UMH-11
148,2019-08-18,282.44,FORAKER 1207 2UMH-11
149,2019-08-19,247.59,FORAKER 1207 2UMH-11
150,2019-08-20,274.91,FORAKER 1207 2UMH-11
151,2019-08-21,300.56,FORAKER 1207 2UMH-11
152,2019-08-22,274.78,FORAKER 1207 2UMH-11
153,2019-08-23,270.74,FORAKER 1207 2UMH-11
154,2019-08-24,213.65,FORAKER 1207 2UMH-11
155,2019-08-25,196.23,FORAKER 1207 2UMH-11
156,2019-08-26,186.65,FORAKER 1207 2UMH-11
157,2019-08-27,184.64,FORAKER 1207 2UMH-11
158,2019-08-28,179.73,FORAKER 1207 2UMH-11
159,2019-08-29,179.95,FORAKER 1207 2UMH-11
160,2019-08-30,186.59,FORAKER 1207 2UMH-11
161,2019-08-31,203.17,FORAKER 1207 2UMH-11
162,2019-09-01,194.64,FORAKER 1207 2UMH-11
163,2019-09-02,194.43,FORAKER 1207 2UMH-11
164,2019-09-03,186.83,FORAKER 1207 2UMH-11
165,2019-09-04,207.86,FORAKER 1207 2UMH-11
166,2019-09-05,,FORAKER 1207 2UMH-11
167,2019-09-06,,FORAKER 1207 2UMH-11
168,2019-09-07,,FORAKER 1207 2UMH-11
169,2019-09-08,,FORAKER 1207 2UMH-11
170,2019-09-09,,FORAKER 1207 2UMH-11
171,2019-09-10,,FORAKER 1207 2UMH-11
172,2019-09-11,,FORAKER 1207 2UMH-11
173,2019-09-12,,FORAKER 1207 2UMH-11
174,2019-09-13,,FORAKER 1207 2UMH-11
175,2019-09-14,,FORAKER 1207 2UMH-11
176,2019-09-15,,FORAKER 1207 2UMH-11
177,2019-09-16,,FORAKER 1207 2UMH-11
178,2019-09-17,,FORAKER 1207 2UMH-11
179,2019-09-18,,FORAKER 1207 2UMH-11
180,2019-09-19,,FORAKER 1207 2UMH-11
181,2019-09-20,,FORAKER 1207 2UMH-11
182,2019-09-21,,FORAKER 1207 2UMH-11
183,2019-09-22,,FORAKER 1207 2UMH-11
184,2019-09-23,,FORAKER 1207 2UMH-11
0,2019-03-23,,FORAKER 1207 3WH-11
1,2019-03-24,,FORAKER 1207 3WH-11
2,2019-03-25,,FORAKER 1207 3WH-11
3,2019-03-26,1368.66,FORAKER 1207 3WH-11
4,2019-03-27,3046.4100000000008,FORAKER 1207 3WH-11
5,2019-03-28,2744.6690000000003,FORAKER 1207 3WH-11
6,2019-03-29,2457.074,FORAKER 1207 3WH-11
7,2019-03-30,2297.918,FORAKER 1207 3WH-11
8,2019-03-31,2219.7619999999997,FORAKER 1207 3WH-11
9,2019-04-01,1598.2800000000002,FORAKER 1207 3WH-11
10,2019-04-02,2148.8819999999996,FORAKER 1207 3WH-11
11,2019-04-03,2341.316,FORAKER 1207 3WH-11
12,2019-04-04,2238.506,FORAKER 1207 3WH-11
13,2019-04-05,2642.763,FORAKER 1207 3WH-11
14,2019-04-06,2508.0,FORAKER 1207 3WH-11
15,2019-04-07,2276.9748000000004,FORAKER 1207 3WH-11
16,2019-04-08,2129.2632,FORAKER 1207 3WH-11
17,2019-04-09,2097.9162,FORAKER 1207 3WH-11
18,2019-04-10,2051.5518000000006,FORAKER 1207 3WH-11
19,2019-04-11,1904.7636,FORAKER 1207 3WH-11
20,2019-04-12,1754.9460000000001,FORAKER 1207 3WH-11
21,2019-04-13,1619.1252,FORAKER 1207 3WH-11
22,2019-04-14,1486.8684,FORAKER 1207 3WH-11
23,2019-04-15,1378.9359000000002,FORAKER 1207 3WH-11
24,2019-04-16,1301.5566000000001,FORAKER 1207 3WH-11
25,2019-04-17,1238.3280000000002,FORAKER 1207 3WH-11
26,2019-04-18,1164.4155,FORAKER 1207 3WH-11
27,2019-04-19,1106.5248,FORAKER 1207 3WH-11
28,2019-04-20,1045.3374000000001,FORAKER 1207 3WH-11
29,2019-04-21,985.1220000000002,FORAKER 1207 3WH-11
30,2019-04-22,934.5213,FORAKER 1207 3WH-11
31,2019-04-23,886.0671000000001,FORAKER 1207 3WH-11
32,2019-04-24,851.3181,FORAKER 1207 3WH-11
33,2019-04-25,814.3901999999999,FORAKER 1207 3WH-11
34,2019-04-26,792.8685,FORAKER 1207 3WH-11
35,2019-04-27,759.2697000000001,FORAKER 1207 3WH-11
36,2019-04-28,734.5242000000001,FORAKER 1207 3WH-11
37,2019-04-29,705.7610999999999,FORAKER 1207 3WH-11
38,2019-04-30,692.5095,FORAKER 1207 3WH-11
39,2019-05-01,677.6055,FORAKER 1207 3WH-11
40,2019-05-02,698.6331,FORAKER 1207 3WH-11
41,2019-05-03,696.0735000000001,FORAKER 1207 3WH-11
42,2019-05-04,712.0224,FORAKER 1207 3WH-11
43,2019-05-05,636.1902,FORAKER 1207 3WH-11
44,2019-05-06,571.0176,FORAKER 1207 3WH-11
45,2019-05-07,675.07,FORAKER 1207 3WH-11
46,2019-05-08,604.93,FORAKER 1207 3WH-11
47,2019-05-09,781.77,FORAKER 1207 3WH-11
48,2019-05-10,723.86,FORAKER 1207 3WH-11
49,2019-05-11,599.06,FORAKER 1207 3WH-11
50,2019-05-12,701.36,FORAKER 1207 3WH-11
51,2019-05-13,672.12,FORAKER 1207 3WH-11
52,2019-05-14,546.13,FORAKER 1207 3WH-11
53,2019-05-15,521.46,FORAKER 1207 3WH-11
54,2019-05-16,504.21,FORAKER 1207 3WH-11
55,2019-05-17,486.65,FORAKER 1207 3WH-11
56,2019-05-18,483.93,FORAKER 1207 3WH-11
57,2019-05-19,502.25,FORAKER 1207 3WH-11
58,2019-05-20,486.19,FORAKER 1207 3WH-11
59,2019-05-21,473.45,FORAKER 1207 3WH-11
60,2019-05-22,494.54,FORAKER 1207 3WH-11
61,2019-05-23,502.28,FORAKER 1207 3WH-11
62,2019-05-24,437.28,FORAKER 1207 3WH-11
63,2019-05-25,445.7,FORAKER 1207 3WH-11
64,2019-05-26,444.53,FORAKER 1207 3WH-11
65,2019-05-27,444.93,FORAKER 1207 3WH-11
66,2019-05-28,424.23,FORAKER 1207 3WH-11
67,2019-05-29,418.5,FORAKER 1207 3WH-11
68,2019-05-30,416.17,FORAKER 1207 3WH-11
69,2019-05-31,422.49,FORAKER 1207 3WH-11
70,2019-06-01,423.04,FORAKER 1207 3WH-11
71,2019-06-02,412.11,FORAKER 1207 3WH-11
72,2019-06-03,399.67,FORAKER 1207 3WH-11
73,2019-06-04,400.5,FORAKER 1207 3WH-11
74,2019-06-05,386.37,FORAKER 1207 3WH-11
75,2019-06-06,391.34,FORAKER 1207 3WH-11
76,2019-06-07,387.86,FORAKER 1207 3WH-11
77,2019-06-08,390.62,FORAKER 1207 3WH-11
78,2019-06-09,393.62,FORAKER 1207 3WH-11
79,2019-06-10,403.61,FORAKER 1207 3WH-11
80,2019-06-11,375.54,FORAKER 1207 3WH-11
81,2019-06-12,404.2,FORAKER 1207 3WH-11
82,2019-06-13,402.32,FORAKER 1207 3WH-11
83,2019-06-14,392.25,FORAKER 1207 3WH-11
84,2019-06-15,385.49,FORAKER 1207 3WH-11
85,2019-06-16,384.29,FORAKER 1207 3WH-11
86,2019-06-17,314.67,FORAKER 1207 3WH-11
87,2019-06-18,423.07,FORAKER 1207 3WH-11
88,2019-06-19,370.12,FORAKER 1207 3WH-11
89,2019-06-20,0.0,FORAKER 1207 3WH-11
90,2019-06-21,45.0,FORAKER 1207 3WH-11
91,2019-06-22,363.72727272727275,FORAKER 1207 3WH-11
92,2019-06-23,359.0909090909091,FORAKER 1207 3WH-11
93,2019-06-24,354.4545454545455,FORAKER 1207 3WH-11
94,2019-06-25,349.81818181818187,FORAKER 1207 3WH-11
95,2019-06-26,345.18181818181824,FORAKER 1207 3WH-11
96,2019-06-27,34.0,FORAKER 1207 3WH-11
97,2019-06-28,0.0,FORAKER 1207 3WH-11
98,2019-06-29,0.0,FORAKER 1207 3WH-11
99,2019-06-30,321.8,FORAKER 1207 3WH-11
100,2019-07-01,322.12,FORAKER 1207 3WH-11
101,2019-07-02,312.73,FORAKER 1207 3WH-11
102,2019-07-03,309.58,FORAKER 1207 3WH-11
103,2019-07-04,306.46,FORAKER 1207 3WH-11
104,2019-07-05,301.46,FORAKER 1207 3WH-11
105,2019-07-06,302.52,FORAKER 1207 3WH-11
106,2019-07-07,294.37,FORAKER 1207 3WH-11
107,2019-07-08,294.66,FORAKER 1207 3WH-11
108,2019-07-09,291.15,FORAKER 1207 3WH-11
109,2019-07-10,353.96,FORAKER 1207 3WH-11
110,2019-07-11,330.61,FORAKER 1207 3WH-11
111,2019-07-12,324.36,FORAKER 1207 3WH-11
112,2019-07-13,311.74,FORAKER 1207 3WH-11
113,2019-07-14,308.58,FORAKER 1207 3WH-11
114,2019-07-15,301.38,FORAKER 1207 3WH-11
115,2019-07-16,304.75,FORAKER 1207 3WH-11
116,2019-07-17,306.32,FORAKER 1207 3WH-11
117,2019-07-18,300.63,FORAKER 1207 3WH-11
118,2019-07-19,300.89,FORAKER 1207 3WH-11
119,2019-07-20,298.36,FORAKER 1207 3WH-11
120,2019-07-21,293.35,FORAKER 1207 3WH-11
121,2019-07-22,293.69,FORAKER 1207 3WH-11
122,2019-07-23,289.16,FORAKER 1207 3WH-11
123,2019-07-24,254.12,FORAKER 1207 3WH-11
124,2019-07-25,404.55,FORAKER 1207 3WH-11
125,2019-07-26,409.82,FORAKER 1207 3WH-11
126,2019-07-27,409.89,FORAKER 1207 3WH-11
127,2019-07-28,369.09,FORAKER 1207 3WH-11
128,2019-07-29,341.51,FORAKER 1207 3WH-11
129,2019-07-30,303.41,FORAKER 1207 3WH-11
130,2019-07-31,283.51,FORAKER 1207 3WH-11
131,2019-08-01,275.96,FORAKER 1207 3WH-11
132,2019-08-02,282.64,FORAKER 1207 3WH-11
133,2019-08-03,249.06,FORAKER 1207 3WH-11
134,2019-08-04,273.28,FORAKER 1207 3WH-11
135,2019-08-05,276.68,FORAKER 1207 3WH-11
136,2019-08-06,219.07,FORAKER 1207 3WH-11
137,2019-08-07,282.18,FORAKER 1207 3WH-11
138,2019-08-08,286.14,FORAKER 1207 3WH-11
139,2019-08-09,282.19,FORAKER 1207 3WH-11
140,2019-08-10,289.23,FORAKER 1207 3WH-11
141,2019-08-11,282.39,FORAKER 1207 3WH-11
142,2019-08-12,269.81,FORAKER 1207 3WH-11
143,2019-08-13,276.28,FORAKER 1207 3WH-11
144,2019-08-14,280.18,FORAKER 1207 3WH-11
145,2019-08-15,273.67,FORAKER 1207 3WH-11
146,2019-08-16,199.88,FORAKER 1207 3WH-11
147,2019-08-17,197.27,FORAKER 1207 3WH-11
148,2019-08-18,198.96,FORAKER 1207 3WH-11
149,2019-08-19,204.31,FORAKER 1207 3WH-11
150,2019-08-20,224.61,FORAKER 1207 3WH-11
151,2019-08-21,218.0,FORAKER 1207 3WH-11
152,2019-08-22,219.14,FORAKER 1207 3WH-11
153,2019-08-23,223.8,FORAKER 1207 3WH-11
154,2019-08-24,220.84,FORAKER 1207 3WH-11
155,2019-08-25,219.26,FORAKER 1207 3WH-11
156,2019-08-26,216.64,FORAKER 1207 3WH-11
157,2019-08-27,241.12,FORAKER 1207 3WH-11
158,2019-08-28,262.59,FORAKER 1207 3WH-11
159,2019-08-29,210.91,FORAKER 1207 3WH-11
160,2019-08-30,202.93,FORAKER 1207 3WH-11
161,2019-08-31,198.8,FORAKER 1207 3WH-11
162,2019-09-01,197.53,FORAKER 1207 3WH-11
163,2019-09-02,199.87,FORAKER 1207 3WH-11
164,2019-09-03,191.76,FORAKER 1207 3WH-11
165,2019-09-04,194.53,FORAKER 1207 3WH-11
166,2019-09-05,,FORAKER 1207 3WH-11
167,2019-09-06,,FORAKER 1207 3WH-11
168,2019-09-07,,FORAKER 1207 3WH-11
169,2019-09-08,,FORAKER 1207 3WH-11
170,2019-09-09,,FORAKER 1207 3WH-11
171,2019-09-10,,FORAKER 1207 3WH-11
172,2019-09-11,,FORAKER 1207 3WH-11
173,2019-09-12,,FORAKER 1207 3WH-11
174,2019-09-13,,FORAKER 1207 3WH-11
175,2019-09-14,,FORAKER 1207 3WH-11
176,2019-09-15,,FORAKER 1207 3WH-11
177,2019-09-16,,FORAKER 1207 3WH-11
178,2019-09-17,,FORAKER 1207 3WH-11
179,2019-09-18,,FORAKER 1207 3WH-11
180,2019-09-19,,FORAKER 1207 3WH-11
181,2019-09-20,,FORAKER 1207 3WH-11
182,2019-09-21,,FORAKER 1207 3WH-11
183,2019-09-22,,FORAKER 1207 3WH-11
184,2019-09-23,,FORAKER 1207 3WH-11
0,2019-03-23,,FORAKER 1207 4LMH-11
1,2019-03-24,,FORAKER 1207 4LMH-11
2,2019-03-25,,FORAKER 1207 4LMH-11
3,2019-03-26,,FORAKER 1207 4LMH-11
4,2019-03-27,,FORAKER 1207 4LMH-11
5,2019-03-28,,FORAKER 1207 4LMH-11
6,2019-03-29,,FORAKER 1207 4LMH-11
7,2019-03-30,,FORAKER 1207 4LMH-11
8,2019-03-31,,FORAKER 1207 4LMH-11
9,2019-04-01,,FORAKER 1207 4LMH-11
10,2019-04-02,,FORAKER 1207 4LMH-11
11,2019-04-03,,FORAKER 1207 4LMH-11
12,2019-04-04,,FORAKER 1207 4LMH-11
13,2019-04-05,0.0,FORAKER 1207 4LMH-11
14,2019-04-06,242.21999999999994,FORAKER 1207 4LMH-11
15,2019-04-07,767.0299999999999,FORAKER 1207 4LMH-11
16,2019-04-08,790.4799999999999,FORAKER 1207 4LMH-11
17,2019-04-09,883.0200000000003,FORAKER 1207 4LMH-11
18,2019-04-10,987.9400000000004,FORAKER 1207 4LMH-11
19,2019-04-11,1115.1000000000001,FORAKER 1207 4LMH-11
20,2019-04-12,1136.83,FORAKER 1207 4LMH-11
21,2019-04-13,1116.07,FORAKER 1207 4LMH-11
22,2019-04-14,1131.18,FORAKER 1207 4LMH-11
23,2019-04-15,1056.0300000000002,FORAKER 1207 4LMH-11
24,2019-04-16,984.8199999999998,FORAKER 1207 4LMH-11
25,2019-04-17,896.5599999999996,FORAKER 1207 4LMH-11
26,2019-04-18,781.64,FORAKER 1207 4LMH-11
27,2019-04-19,750.4799999999999,FORAKER 1207 4LMH-11
28,2019-04-20,749.88,FORAKER 1207 4LMH-11
29,2019-04-21,673.09,FORAKER 1207 4LMH-11
30,2019-04-22,643.9499999999999,FORAKER 1207 4LMH-11
31,2019-04-23,634.7399999999999,FORAKER 1207 4LMH-11
32,2019-04-24,595.5200000000001,FORAKER 1207 4LMH-11
33,2019-04-25,562.5100000000001,FORAKER 1207 4LMH-11
34,2019-04-26,532.6999999999999,FORAKER 1207 4LMH-11
35,2019-04-27,529.75,FORAKER 1207 4LMH-11
36,2019-04-28,512.21,FORAKER 1207 4LMH-11
37,2019-04-29,511.08,FORAKER 1207 4LMH-11
38,2019-04-30,484.56999999999994,FORAKER 1207 4LMH-11
39,2019-05-01,464.4099999999999,FORAKER 1207 4LMH-11
40,2019-05-02,447.58,FORAKER 1207 4LMH-11
41,2019-05-03,436.64000000000004,FORAKER 1207 4LMH-11
42,2019-05-04,422.5,FORAKER 1207 4LMH-11
43,2019-05-05,407.4700000000001,FORAKER 1207 4LMH-11
44,2019-05-06,390.52,FORAKER 1207 4LMH-11
45,2019-05-07,379.1999999999999,FORAKER 1207 4LMH-11
46,2019-05-08,361.31,FORAKER 1207 4LMH-11
47,2019-05-09,355.75,FORAKER 1207 4LMH-11
48,2019-05-10,347.36000000000007,FORAKER 1207 4LMH-11
49,2019-05-11,340.55000000000007,FORAKER 1207 4LMH-11
50,2019-05-12,326.17,FORAKER 1207 4LMH-11
51,2019-05-13,321.21,FORAKER 1207 4LMH-11
52,2019-05-14,308.73999999999995,FORAKER 1207 4LMH-11
53,2019-05-15,310.51000000000005,FORAKER 1207 4LMH-11
54,2019-05-16,297.88999999999993,FORAKER 1207 4LMH-11
55,2019-05-17,291.79,FORAKER 1207 4LMH-11
56,2019-05-18,284.94999999999993,FORAKER 1207 4LMH-11
57,2019-05-19,274.36999999999995,FORAKER 1207 4LMH-11
58,2019-05-20,272.36000000000007,FORAKER 1207 4LMH-11
59,2019-05-21,255.69000000000003,FORAKER 1207 4LMH-11
60,2019-05-22,258.90999999999997,FORAKER 1207 4LMH-11
61,2019-05-23,260.08,FORAKER 1207 4LMH-11
62,2019-05-24,250.92000000000004,FORAKER 1207 4LMH-11
63,2019-05-25,239.84000000000003,FORAKER 1207 4LMH-11
64,2019-05-26,239.53000000000006,FORAKER 1207 4LMH-11
65,2019-05-27,238.3899999999999,FORAKER 1207 4LMH-11
66,2019-05-28,230.3600000000001,FORAKER 1207 4LMH-11
67,2019-05-29,223.05999999999997,FORAKER 1207 4LMH-11
68,2019-05-30,222.42000000000004,FORAKER 1207 4LMH-11
69,2019-05-31,220.77,FORAKER 1207 4LMH-11
70,2019-06-01,215.3600000000001,FORAKER 1207 4LMH-11
71,2019-06-02,209.94000000000003,FORAKER 1207 4LMH-11
72,2019-06-03,199.23,FORAKER 1207 4LMH-11
73,2019-06-04,199.27,FORAKER 1207 4LMH-11
74,2019-06-05,196.43000000000004,FORAKER 1207 4LMH-11
75,2019-06-06,188.11999999999998,FORAKER 1207 4LMH-11
76,2019-06-07,190.11999999999998,FORAKER 1207 4LMH-11
77,2019-06-08,190.06999999999996,FORAKER 1207 4LMH-11
78,2019-06-09,178.55999999999997,FORAKER 1207 4LMH-11
79,2019-06-10,164.81999999999996,FORAKER 1207 4LMH-11
80,2019-06-11,167.33999999999997,FORAKER 1207 4LMH-11
81,2019-06-12,204.48,FORAKER 1207 4LMH-11
82,2019-06-13,201.79999999999998,FORAKER 1207 4LMH-11
83,2019-06-14,185.61000000000004,FORAKER 1207 4LMH-11
84,2019-06-15,184.28,FORAKER 1207 4LMH-11
85,2019-06-16,180.25,FORAKER 1207 4LMH-11
86,2019-06-17,169.83999999999997,FORAKER 1207 4LMH-11
87,2019-06-18,158.76,FORAKER 1207 4LMH-11
88,2019-06-19,163.11999999999998,FORAKER 1207 4LMH-11
89,2019-06-20,155.09999999999997,FORAKER 1207 4LMH-11
90,2019-06-21,159.58999999999997,FORAKER 1207 4LMH-11
91,2019-06-22,158.54,FORAKER 1207 4LMH-11
92,2019-06-23,157.01,FORAKER 1207 4LMH-11
93,2019-06-24,147.26,FORAKER 1207 4LMH-11
94,2019-06-25,144.34999999999997,FORAKER 1207 4LMH-11
95,2019-06-26,138.70000000000002,FORAKER 1207 4LMH-11
96,2019-06-27,141.54,FORAKER 1207 4LMH-11
97,2019-06-28,135.61000000000004,FORAKER 1207 4LMH-11
98,2019-06-29,141.73,FORAKER 1207 4LMH-11
99,2019-06-30,163.16000000000003,FORAKER 1207 4LMH-11
100,2019-07-01,156.55999999999997,FORAKER 1207 4LMH-11
101,2019-07-02,162.79,FORAKER 1207 4LMH-11
102,2019-07-03,157.28,FORAKER 1207 4LMH-11
103,2019-07-04,162.36000000000004,FORAKER 1207 4LMH-11
104,2019-07-05,159.74,FORAKER 1207 4LMH-11
105,2019-07-06,153.71,FORAKER 1207 4LMH-11
106,2019-07-07,151.86999999999998,FORAKER 1207 4LMH-11
107,2019-07-08,148.75,FORAKER 1207 4LMH-11
108,2019-07-09,146.40000000000003,FORAKER 1207 4LMH-11
109,2019-07-10,142.98,FORAKER 1207 4LMH-11
110,2019-07-11,144.91000000000003,FORAKER 1207 4LMH-11
111,2019-07-12,140.83999999999997,FORAKER 1207 4LMH-11
112,2019-07-13,136.74,FORAKER 1207 4LMH-11
113,2019-07-14,131.16000000000003,FORAKER 1207 4LMH-11
114,2019-07-15,128.04,FORAKER 1207 4LMH-11
115,2019-07-16,128.26,FORAKER 1207 4LMH-11
116,2019-07-17,126.09999999999998,FORAKER 1207 4LMH-11
117,2019-07-18,124.81999999999995,FORAKER 1207 4LMH-11
118,2019-07-19,121.14000000000003,FORAKER 1207 4LMH-11
119,2019-07-20,125.52999999999999,FORAKER 1207 4LMH-11
120,2019-07-21,124.74,FORAKER 1207 4LMH-11
121,2019-07-22,123.89000000000003,FORAKER 1207 4LMH-11
122,2019-07-23,123.0,FORAKER 1207 4LMH-11
123,2019-07-24,118.80999999999996,FORAKER 1207 4LMH-11
124,2019-07-25,125.46000000000002,FORAKER 1207 4LMH-11
125,2019-07-26,127.35999999999997,FORAKER 1207 4LMH-11
126,2019-07-27,128.58999999999997,FORAKER 1207 4LMH-11
127,2019-07-28,125.81999999999995,FORAKER 1207 4LMH-11
128,2019-07-29,126.07999999999998,FORAKER 1207 4LMH-11
129,2019-07-30,127.24,FORAKER 1207 4LMH-11
130,2019-07-31,120.39000000000003,FORAKER 1207 4LMH-11
131,2019-08-01,119.47000000000001,FORAKER 1207 4LMH-11
132,2019-08-02,122.02999999999999,FORAKER 1207 4LMH-11
133,2019-08-03,126.35999999999997,FORAKER 1207 4LMH-11
134,2019-08-04,122.89000000000003,FORAKER 1207 4LMH-11
135,2019-08-05,119.74,FORAKER 1207 4LMH-11
136,2019-08-06,121.58999999999999,FORAKER 1207 4LMH-11
137,2019-08-07,120.03999999999998,FORAKER 1207 4LMH-11
138,2019-08-08,116.17000000000002,FORAKER 1207 4LMH-11
139,2019-08-09,113.98,FORAKER 1207 4LMH-11
140,2019-08-10,116.57999999999998,FORAKER 1207 4LMH-11
141,2019-08-11,108.97000000000001,FORAKER 1207 4LMH-11
142,2019-08-12,103.99,FORAKER 1207 4LMH-11
143,2019-08-13,106.51,FORAKER 1207 4LMH-11
144,2019-08-14,112.31999999999995,FORAKER 1207 4LMH-11
145,2019-08-15,104.75,FORAKER 1207 4LMH-11
146,2019-08-16,105.46000000000002,FORAKER 1207 4LMH-11
147,2019-08-17,106.99,FORAKER 1207 4LMH-11
148,2019-08-18,105.18000000000005,FORAKER 1207 4LMH-11
149,2019-08-19,110.96000000000002,FORAKER 1207 4LMH-11
150,2019-08-20,114.20000000000003,FORAKER 1207 4LMH-11
151,2019-08-21,114.51,FORAKER 1207 4LMH-11
152,2019-08-22,109.31999999999995,FORAKER 1207 4LMH-11
153,2019-08-23,105.33,FORAKER 1207 4LMH-11
154,2019-08-24,114.21000000000002,FORAKER 1207 4LMH-11
155,2019-08-25,112.33999999999999,FORAKER 1207 4LMH-11
156,2019-08-26,114.77,FORAKER 1207 4LMH-11
157,2019-08-27,106.58999999999999,FORAKER 1207 4LMH-11
158,2019-08-28,106.44000000000004,FORAKER 1207 4LMH-11
159,2019-08-29,110.64000000000003,FORAKER 1207 4LMH-11
160,2019-08-30,108.78999999999998,FORAKER 1207 4LMH-11
161,2019-08-31,108.22000000000001,FORAKER 1207 4LMH-11
162,2019-09-01,104.05999999999996,FORAKER 1207 4LMH-11
163,2019-09-02,107.62,FORAKER 1207 4LMH-11
164,2019-09-03,104.66000000000001,FORAKER 1207 4LMH-11
165,2019-09-04,103.91000000000001,FORAKER 1207 4LMH-11
166,2019-09-05,,FORAKER 1207 4LMH-11
167,2019-09-06,,FORAKER 1207 4LMH-11
168,2019-09-07,,FORAKER 1207 4LMH-11
169,2019-09-08,,FORAKER 1207 4LMH-11
170,2019-09-09,,FORAKER 1207 4LMH-11
171,2019-09-10,,FORAKER 1207 4LMH-11
172,2019-09-11,,FORAKER 1207 4LMH-11
173,2019-09-12,,FORAKER 1207 4LMH-11
174,2019-09-13,,FORAKER 1207 4LMH-11
175,2019-09-14,,FORAKER 1207 4LMH-11
176,2019-09-15,,FORAKER 1207 4LMH-11
177,2019-09-16,,FORAKER 1207 4LMH-11
178,2019-09-17,,FORAKER 1207 4LMH-11
179,2019-09-18,,FORAKER 1207 4LMH-11
180,2019-09-19,,FORAKER 1207 4LMH-11
181,2019-09-20,,FORAKER 1207 4LMH-11
182,2019-09-21,,FORAKER 1207 4LMH-11
183,2019-09-22,,FORAKER 1207 4LMH-11
184,2019-09-23,,FORAKER 1207 4LMH-11
0,2019-03-23,,FORAKER 1207 5WH-11
1,2019-03-24,,FORAKER 1207 5WH-11
2,2019-03-25,,FORAKER 1207 5WH-11
3,2019-03-26,,FORAKER 1207 5WH-11
4,2019-03-27,,FORAKER 1207 5WH-11
5,2019-03-28,,FORAKER 1207 5WH-11
6,2019-03-29,,FORAKER 1207 5WH-11
7,2019-03-30,,FORAKER 1207 5WH-11
8,2019-03-31,,FORAKER 1207 5WH-11
9,2019-04-01,,FORAKER 1207 5WH-11
10,2019-04-02,,FORAKER 1207 5WH-11
11,2019-04-03,,FORAKER 1207 5WH-11
12,2019-04-04,,FORAKER 1207 5WH-11
13,2019-04-05,718.2855000000002,FORAKER 1207 5WH-11
14,2019-04-06,1837.6001999999994,FORAKER 1207 5WH-11
15,2019-04-07,2025.52065,FORAKER 1207 5WH-11
16,2019-04-08,2282.8157999999994,FORAKER 1207 5WH-11
17,2019-04-09,2391.0588000000007,FORAKER 1207 5WH-11
18,2019-04-10,2374.9420499999997,FORAKER 1207 5WH-11
19,2019-04-11,2334.6886500000005,FORAKER 1207 5WH-11
20,2019-04-12,2227.6170000000006,FORAKER 1207 5WH-11
21,2019-04-13,2124.4954500000003,FORAKER 1207 5WH-11
22,2019-04-14,1991.91915,FORAKER 1207 5WH-11
23,2019-04-15,1837.1726999999994,FORAKER 1207 5WH-11
24,2019-04-16,1710.2137500000001,FORAKER 1207 5WH-11
25,2019-04-17,1526.0125500000001,FORAKER 1207 5WH-11
26,2019-04-18,1450.56735,FORAKER 1207 5WH-11
27,2019-04-19,1304.6787000000002,FORAKER 1207 5WH-11
28,2019-04-20,1226.62575,FORAKER 1207 5WH-11
29,2019-04-21,1130.2929,FORAKER 1207 5WH-11
30,2019-04-22,1053.1975499999996,FORAKER 1207 5WH-11
31,2019-04-23,1010.3705999999997,FORAKER 1207 5WH-11
32,2019-04-24,914.4823499999999,FORAKER 1207 5WH-11
33,2019-04-25,889.0803000000001,FORAKER 1207 5WH-11
34,2019-04-26,838.6780499999999,FORAKER 1207 5WH-11
35,2019-04-27,802.8535500000002,FORAKER 1207 5WH-11
36,2019-04-28,788.5,FORAKER 1207 5WH-11
37,2019-04-29,779.0,FORAKER 1207 5WH-11
38,2019-04-30,760.0,FORAKER 1207 5WH-11
39,2019-05-01,750.0,FORAKER 1207 5WH-11
40,2019-05-02,740.0,FORAKER 1207 5WH-11
41,2019-05-03,737.5500000000001,FORAKER 1207 5WH-11
42,2019-05-04,714.29,FORAKER 1207 5WH-11
43,2019-05-05,691.2600000000001,FORAKER 1207 5WH-11
44,2019-05-06,668.62,FORAKER 1207 5WH-11
45,2019-05-07,650.9799999999999,FORAKER 1207 5WH-11
46,2019-05-08,641.9400000000002,FORAKER 1207 5WH-11
47,2019-05-09,627.3000000000001,FORAKER 1207 5WH-11
48,2019-05-10,615.1999999999999,FORAKER 1207 5WH-11
49,2019-05-11,602.17,FORAKER 1207 5WH-11
50,2019-05-12,590.58,FORAKER 1207 5WH-11
51,2019-05-13,641.0500000000001,FORAKER 1207 5WH-11
52,2019-05-14,564.1099999999999,FORAKER 1207 5WH-11
53,2019-05-15,749.2700000000001,FORAKER 1207 5WH-11
54,2019-05-16,726.4799999999999,FORAKER 1207 5WH-11
55,2019-05-17,710.5599999999998,FORAKER 1207 5WH-11
56,2019-05-18,672.3999999999999,FORAKER 1207 5WH-11
57,2019-05-19,731.04,FORAKER 1207 5WH-11
58,2019-05-20,714.8900000000002,FORAKER 1207 5WH-11
59,2019-05-21,696.1000000000003,FORAKER 1207 5WH-11
60,2019-05-22,632.0500000000001,FORAKER 1207 5WH-11
61,2019-05-23,602.8199999999999,FORAKER 1207 5WH-11
62,2019-05-24,582.2399999999999,FORAKER 1207 5WH-11
63,2019-05-25,585.1999999999999,FORAKER 1207 5WH-11
64,2019-05-26,560.2799999999999,FORAKER 1207 5WH-11
65,2019-05-27,541.5,FORAKER 1207 5WH-11
66,2019-05-28,542.9300000000001,FORAKER 1207 5WH-11
67,2019-05-29,519.8999999999999,FORAKER 1207 5WH-11
68,2019-05-30,510.3000000000001,FORAKER 1207 5WH-11
69,2019-05-31,503.6999999999999,FORAKER 1207 5WH-11
70,2019-06-01,488.5,FORAKER 1207 5WH-11
71,2019-06-02,481.6599999999999,FORAKER 1207 5WH-11
72,2019-06-03,467.35999999999996,FORAKER 1207 5WH-11
73,2019-06-04,457.89000000000004,FORAKER 1207 5WH-11
74,2019-06-05,434.93,FORAKER 1207 5WH-11
75,2019-06-06,426.65,FORAKER 1207 5WH-11
76,2019-06-07,424.1899999999999,FORAKER 1207 5WH-11
77,2019-06-08,407.5900000000001,FORAKER 1207 5WH-11
78,2019-06-09,393.42,FORAKER 1207 5WH-11
79,2019-06-10,388.2799999999999,FORAKER 1207 5WH-11
80,2019-06-11,372.86000000000007,FORAKER 1207 5WH-11
81,2019-06-12,359.90000000000003,FORAKER 1207 5WH-11
82,2019-06-13,358.83,FORAKER 1207 5WH-11
83,2019-06-14,372.98,FORAKER 1207 5WH-11
84,2019-06-15,372.59999999999997,FORAKER 1207 5WH-11
85,2019-06-16,380.88999999999993,FORAKER 1207 5WH-11
86,2019-06-17,347.9700000000001,FORAKER 1207 5WH-11
87,2019-06-18,329.26000000000005,FORAKER 1207 5WH-11
88,2019-06-19,353.21,FORAKER 1207 5WH-11
89,2019-06-20,324.90000000000003,FORAKER 1207 5WH-11
90,2019-06-21,336.19,FORAKER 1207 5WH-11
91,2019-06-22,324.48999999999995,FORAKER 1207 5WH-11
92,2019-06-23,309.01000000000005,FORAKER 1207 5WH-11
93,2019-06-24,297.52,FORAKER 1207 5WH-11
94,2019-06-25,312.71,FORAKER 1207 5WH-11
95,2019-06-26,317.5299999999999,FORAKER 1207 5WH-11
96,2019-06-27,302.63000000000005,FORAKER 1207 5WH-11
97,2019-06-28,294.29,FORAKER 1207 5WH-11
98,2019-06-29,290.11000000000007,FORAKER 1207 5WH-11
99,2019-06-30,286.15999999999997,FORAKER 1207 5WH-11
100,2019-07-01,279.76000000000005,FORAKER 1207 5WH-11
101,2019-07-02,272.0299999999999,FORAKER 1207 5WH-11
102,2019-07-03,292.36000000000007,FORAKER 1207 5WH-11
103,2019-07-04,561.88,FORAKER 1207 5WH-11
104,2019-07-05,456.88000000000005,FORAKER 1207 5WH-11
105,2019-07-06,406.26000000000005,FORAKER 1207 5WH-11
106,2019-07-07,397.9800000000001,FORAKER 1207 5WH-11
107,2019-07-08,365.98,FORAKER 1207 5WH-11
108,2019-07-09,365.6799999999999,FORAKER 1207 5WH-11
109,2019-07-10,347.59999999999997,FORAKER 1207 5WH-11
110,2019-07-11,345.90000000000003,FORAKER 1207 5WH-11
111,2019-07-12,339.9700000000001,FORAKER 1207 5WH-11
112,2019-07-13,286.38999999999993,FORAKER 1207 5WH-11
113,2019-07-14,298.55000000000007,FORAKER 1207 5WH-11
114,2019-07-15,271.92,FORAKER 1207 5WH-11
115,2019-07-16,261.15999999999997,FORAKER 1207 5WH-11
116,2019-07-17,190.71,FORAKER 1207 5WH-11
117,2019-07-18,163.38999999999996,FORAKER 1207 5WH-11
118,2019-07-19,153.53,FORAKER 1207 5WH-11
119,2019-07-20,157.43000000000004,FORAKER 1207 5WH-11
120,2019-07-21,152.69000000000003,FORAKER 1207 5WH-11
121,2019-07-22,126.65000000000002,FORAKER 1207 5WH-11
122,2019-07-23,33.949999999999996,FORAKER 1207 5WH-11
123,2019-07-24,1.1299999999999997,FORAKER 1207 5WH-11
124,2019-07-25,2.66,FORAKER 1207 5WH-11
125,2019-07-26,8.510000000000002,FORAKER 1207 5WH-11
126,2019-07-27,142.73,FORAKER 1207 5WH-11
127,2019-07-28,323.33,FORAKER 1207 5WH-11
128,2019-07-29,250.21,FORAKER 1207 5WH-11
129,2019-07-30,331.86000000000007,FORAKER 1207 5WH-11
130,2019-07-31,288.94999999999993,FORAKER 1207 5WH-11
131,2019-08-01,260.63000000000005,FORAKER 1207 5WH-11
132,2019-08-02,234.63000000000008,FORAKER 1207 5WH-11
133,2019-08-03,148.57999999999998,FORAKER 1207 5WH-11
134,2019-08-04,176.36000000000004,FORAKER 1207 5WH-11
135,2019-08-05,110.62,FORAKER 1207 5WH-11
136,2019-08-06,200.38999999999996,FORAKER 1207 5WH-11
137,2019-08-07,175.52,FORAKER 1207 5WH-11
138,2019-08-08,182.75,FORAKER 1207 5WH-11
139,2019-08-09,176.03,FORAKER 1207 5WH-11
140,2019-08-10,162.59999999999997,FORAKER 1207 5WH-11
141,2019-08-11,146.04,FORAKER 1207 5WH-11
142,2019-08-12,139.30999999999997,FORAKER 1207 5WH-11
143,2019-08-13,145.40000000000003,FORAKER 1207 5WH-11
144,2019-08-14,141.07999999999998,FORAKER 1207 5WH-11
145,2019-08-15,144.11000000000004,FORAKER 1207 5WH-11
146,2019-08-16,135.24,FORAKER 1207 5WH-11
147,2019-08-17,129.5,FORAKER 1207 5WH-11
148,2019-08-18,129.07999999999998,FORAKER 1207 5WH-11
149,2019-08-19,124.44000000000004,FORAKER 1207 5WH-11
150,2019-08-20,117.64000000000003,FORAKER 1207 5WH-11
151,2019-08-21,118.52000000000001,FORAKER 1207 5WH-11
152,2019-08-22,120.77,FORAKER 1207 5WH-11
153,2019-08-23,115.33999999999999,FORAKER 1207 5WH-11
154,2019-08-24,157.63999999999996,FORAKER 1207 5WH-11
155,2019-08-25,155.30999999999997,FORAKER 1207 5WH-11
156,2019-08-26,152.84999999999997,FORAKER 1207 5WH-11
157,2019-08-27,135.72,FORAKER 1207 5WH-11
158,2019-08-28,137.79999999999998,FORAKER 1207 5WH-11
159,2019-08-29,131.88999999999996,FORAKER 1207 5WH-11
160,2019-08-30,127.68000000000005,FORAKER 1207 5WH-11
161,2019-08-31,132.38000000000002,FORAKER 1207 5WH-11
162,2019-09-01,128.56999999999996,FORAKER 1207 5WH-11
163,2019-09-02,126.73,FORAKER 1207 5WH-11
164,2019-09-03,127.63000000000004,FORAKER 1207 5WH-11
165,2019-09-04,123.81999999999995,FORAKER 1207 5WH-11
166,2019-09-05,,FORAKER 1207 5WH-11
167,2019-09-06,,FORAKER 1207 5WH-11
168,2019-09-07,,FORAKER 1207 5WH-11
169,2019-09-08,,FORAKER 1207 5WH-11
170,2019-09-09,,FORAKER 1207 5WH-11
171,2019-09-10,,FORAKER 1207 5WH-11
172,2019-09-11,,FORAKER 1207 5WH-11
173,2019-09-12,,FORAKER 1207 5WH-11
174,2019-09-13,,FORAKER 1207 5WH-11
175,2019-09-14,,FORAKER 1207 5WH-11
176,2019-09-15,,FORAKER 1207 5WH-11
177,2019-09-16,,FORAKER 1207 5WH-11
178,2019-09-17,,FORAKER 1207 5WH-11
179,2019-09-18,,FORAKER 1207 5WH-11
180,2019-09-19,,FORAKER 1207 5WH-11
181,2019-09-20,,FORAKER 1207 5WH-11
182,2019-09-21,,FORAKER 1207 5WH-11
183,2019-09-22,,FORAKER 1207 5WH-11
184,2019-09-23,,FORAKER 1207 5WH-11
0,2019-03-23,,FORAKER 1207 6UMH-11
1,2019-03-24,,FORAKER 1207 6UMH-11
2,2019-03-25,,FORAKER 1207 6UMH-11
3,2019-03-26,,FORAKER 1207 6UMH-11
4,2019-03-27,,FORAKER 1207 6UMH-11
5,2019-03-28,,FORAKER 1207 6UMH-11
6,2019-03-29,,FORAKER 1207 6UMH-11
7,2019-03-30,,FORAKER 1207 6UMH-11
8,2019-03-31,,FORAKER 1207 6UMH-11
9,2019-04-01,,FORAKER 1207 6UMH-11
10,2019-04-02,,FORAKER 1207 6UMH-11
11,2019-04-03,,FORAKER 1207 6UMH-11
12,2019-04-04,,FORAKER 1207 6UMH-11
13,2019-04-05,0.0,FORAKER 1207 6UMH-11
14,2019-04-06,43.59000000000001,FORAKER 1207 6UMH-11
15,2019-04-07,345.67,FORAKER 1207 6UMH-11
16,2019-04-08,611.5200000000001,FORAKER 1207 6UMH-11
17,2019-04-09,731.3900000000002,FORAKER 1207 6UMH-11
18,2019-04-10,765.5500000000001,FORAKER 1207 6UMH-11
19,2019-04-11,720.9899999999999,FORAKER 1207 6UMH-11
20,2019-04-12,697.0500000000001,FORAKER 1207 6UMH-11
21,2019-04-13,737.75,FORAKER 1207 6UMH-11
22,2019-04-14,734.08,FORAKER 1207 6UMH-11
23,2019-04-15,675.5299999999999,FORAKER 1207 6UMH-11
24,2019-04-16,600.0,FORAKER 1207 6UMH-11
25,2019-04-17,540.6000000000001,FORAKER 1207 6UMH-11
26,2019-04-18,491.3100000000001,FORAKER 1207 6UMH-11
27,2019-04-19,457.77000000000015,FORAKER 1207 6UMH-11
28,2019-04-20,436.8100000000001,FORAKER 1207 6UMH-11
29,2019-04-21,415.8400000000001,FORAKER 1207 6UMH-11
30,2019-04-22,399.15000000000003,FORAKER 1207 6UMH-11
31,2019-04-23,388.19,FORAKER 1207 6UMH-11
32,2019-04-24,368.0900000000001,FORAKER 1207 6UMH-11
33,2019-04-25,418.23999999999984,FORAKER 1207 6UMH-11
34,2019-04-26,382.36000000000007,FORAKER 1207 6UMH-11
35,2019-04-27,333.7799999999999,FORAKER 1207 6UMH-11
36,2019-04-28,333.73,FORAKER 1207 6UMH-11
37,2019-04-29,320.73,FORAKER 1207 6UMH-11
38,2019-04-30,320.34999999999997,FORAKER 1207 6UMH-11
39,2019-05-01,306.04,FORAKER 1207 6UMH-11
40,2019-05-02,293.0,FORAKER 1207 6UMH-11
41,2019-05-03,282.13999999999993,FORAKER 1207 6UMH-11
42,2019-05-04,267.32000000000005,FORAKER 1207 6UMH-11
43,2019-05-05,254.42999999999998,FORAKER 1207 6UMH-11
44,2019-05-06,240.61999999999992,FORAKER 1207 6UMH-11
45,2019-05-07,239.3899999999999,FORAKER 1207 6UMH-11
46,2019-05-08,239.92999999999998,FORAKER 1207 6UMH-11
47,2019-05-09,228.98,FORAKER 1207 6UMH-11
48,2019-05-10,226.1399999999999,FORAKER 1207 6UMH-11
49,2019-05-11,216.74,FORAKER 1207 6UMH-11
50,2019-05-12,207.49,FORAKER 1207 6UMH-11
51,2019-05-13,198.29999999999998,FORAKER 1207 6UMH-11
52,2019-05-14,199.55999999999997,FORAKER 1207 6UMH-11
53,2019-05-15,185.86999999999998,FORAKER 1207 6UMH-11
54,2019-05-16,188.99,FORAKER 1207 6UMH-11
55,2019-05-17,180.04,FORAKER 1207 6UMH-11
56,2019-05-18,176.05999999999997,FORAKER 1207 6UMH-11
57,2019-05-19,173.47,FORAKER 1207 6UMH-11
58,2019-05-20,167.22,FORAKER 1207 6UMH-11
59,2019-05-21,169.91000000000003,FORAKER 1207 6UMH-11
60,2019-05-22,160.80999999999997,FORAKER 1207 6UMH-11
61,2019-05-23,158.84999999999997,FORAKER 1207 6UMH-11
62,2019-05-24,158.36999999999998,FORAKER 1207 6UMH-11
63,2019-05-25,146.79,FORAKER 1207 6UMH-11
64,2019-05-26,139.22,FORAKER 1207 6UMH-11
65,2019-05-27,136.31999999999996,FORAKER 1207 6UMH-11
66,2019-05-28,138.20000000000002,FORAKER 1207 6UMH-11
67,2019-05-29,140.70000000000002,FORAKER 1207 6UMH-11
68,2019-05-30,134.75,FORAKER 1207 6UMH-11
69,2019-05-31,136.78,FORAKER 1207 6UMH-11
70,2019-06-01,130.55999999999997,FORAKER 1207 6UMH-11
71,2019-06-02,122.26,FORAKER 1207 6UMH-11
72,2019-06-03,126.56999999999995,FORAKER 1207 6UMH-11
73,2019-06-04,121.76,FORAKER 1207 6UMH-11
74,2019-06-05,127.55999999999996,FORAKER 1207 6UMH-11
75,2019-06-06,115.23,FORAKER 1207 6UMH-11
76,2019-06-07,122.51,FORAKER 1207 6UMH-11
77,2019-06-08,124.47000000000001,FORAKER 1207 6UMH-11
78,2019-06-09,118.72000000000001,FORAKER 1207 6UMH-11
79,2019-06-10,113.35999999999997,FORAKER 1207 6UMH-11
80,2019-06-11,116.28999999999998,FORAKER 1207 6UMH-11
81,2019-06-12,129.80999999999997,FORAKER 1207 6UMH-11
82,2019-06-13,127.74,FORAKER 1207 6UMH-11
83,2019-06-14,126.26,FORAKER 1207 6UMH-11
84,2019-06-15,125.66000000000001,FORAKER 1207 6UMH-11
85,2019-06-16,127.58999999999999,FORAKER 1207 6UMH-11
86,2019-06-17,113.86999999999996,FORAKER 1207 6UMH-11
87,2019-06-18,115.35999999999997,FORAKER 1207 6UMH-11
88,2019-06-19,132.99,FORAKER 1207 6UMH-11
89,2019-06-20,114.82999999999998,FORAKER 1207 6UMH-11
90,2019-06-21,115.51,FORAKER 1207 6UMH-11
91,2019-06-22,118.68000000000005,FORAKER 1207 6UMH-11
92,2019-06-23,110.75,FORAKER 1207 6UMH-11
93,2019-06-24,110.44000000000004,FORAKER 1207 6UMH-11
94,2019-06-25,112.27999999999999,FORAKER 1207 6UMH-11
95,2019-06-26,113.49,FORAKER 1207 6UMH-11
96,2019-06-27,108.27,FORAKER 1207 6UMH-11
97,2019-06-28,106.12,FORAKER 1207 6UMH-11
98,2019-06-29,106.33999999999999,FORAKER 1207 6UMH-11
99,2019-06-30,102.67,FORAKER 1207 6UMH-11
100,2019-07-01,99.99,FORAKER 1207 6UMH-11
101,2019-07-02,108.79999999999997,FORAKER 1207 6UMH-11
102,2019-07-03,102.91000000000001,FORAKER 1207 6UMH-11
103,2019-07-04,101.15999999999998,FORAKER 1207 6UMH-11
104,2019-07-05,98.24,FORAKER 1207 6UMH-11
105,2019-07-06,95.49,FORAKER 1207 6UMH-11
106,2019-07-07,96.71000000000002,FORAKER 1207 6UMH-11
107,2019-07-08,102.89000000000003,FORAKER 1207 6UMH-11
108,2019-07-09,98.83,FORAKER 1207 6UMH-11
109,2019-07-10,90.41,FORAKER 1207 6UMH-11
110,2019-07-11,78.78999999999999,FORAKER 1207 6UMH-11
111,2019-07-12,84.34000000000002,FORAKER 1207 6UMH-11
112,2019-07-13,86.90999999999998,FORAKER 1207 6UMH-11
113,2019-07-14,94.04999999999997,FORAKER 1207 6UMH-11
114,2019-07-15,94.18000000000002,FORAKER 1207 6UMH-11
115,2019-07-16,81.64,FORAKER 1207 6UMH-11
116,2019-07-17,76.68000000000002,FORAKER 1207 6UMH-11
117,2019-07-18,81.0,FORAKER 1207 6UMH-11
118,2019-07-19,73.13,FORAKER 1207 6UMH-11
119,2019-07-20,84.11,FORAKER 1207 6UMH-11
120,2019-07-21,83.61,FORAKER 1207 6UMH-11
121,2019-07-22,83.45000000000002,FORAKER 1207 6UMH-11
122,2019-07-23,76.66999999999999,FORAKER 1207 6UMH-11
123,2019-07-24,82.25,FORAKER 1207 6UMH-11
124,2019-07-25,81.81999999999998,FORAKER 1207 6UMH-11
125,2019-07-26,82.26,FORAKER 1207 6UMH-11
126,2019-07-27,71.97000000000001,FORAKER 1207 6UMH-11
127,2019-07-28,80.85000000000001,FORAKER 1207 6UMH-11
128,2019-07-29,76.87,FORAKER 1207 6UMH-11
129,2019-07-30,79.93000000000002,FORAKER 1207 6UMH-11
130,2019-07-31,66.05999999999999,FORAKER 1207 6UMH-11
131,2019-08-01,57.67,FORAKER 1207 6UMH-11
132,2019-08-02,70.10000000000001,FORAKER 1207 6UMH-11
133,2019-08-03,71.22000000000001,FORAKER 1207 6UMH-11
134,2019-08-04,80.31999999999998,FORAKER 1207 6UMH-11
135,2019-08-05,55.87,FORAKER 1207 6UMH-11
136,2019-08-06,56.62,FORAKER 1207 6UMH-11
137,2019-08-07,62.25,FORAKER 1207 6UMH-11
138,2019-08-08,52.98000000000001,FORAKER 1207 6UMH-11
139,2019-08-09,48.88999999999999,FORAKER 1207 6UMH-11
140,2019-08-10,56.49,FORAKER 1207 6UMH-11
141,2019-08-11,58.51,FORAKER 1207 6UMH-11
142,2019-08-12,57.77999999999998,FORAKER 1207 6UMH-11
143,2019-08-13,46.49,FORAKER 1207 6UMH-11
144,2019-08-14,47.04,FORAKER 1207 6UMH-11
145,2019-08-15,42.779999999999994,FORAKER 1207 6UMH-11
146,2019-08-16,30.949999999999992,FORAKER 1207 6UMH-11
147,2019-08-17,10.769999999999998,FORAKER 1207 6UMH-11
148,2019-08-18,11.950000000000001,FORAKER 1207 6UMH-11
149,2019-08-19,10.400000000000002,FORAKER 1207 6UMH-11
150,2019-08-20,23.680000000000003,FORAKER 1207 6UMH-11
151,2019-08-21,24.849999999999998,FORAKER 1207 6UMH-11
152,2019-08-22,20.699999999999996,FORAKER 1207 6UMH-11
153,2019-08-23,13.69,FORAKER 1207 6UMH-11
154,2019-08-24,1.9400000000000002,FORAKER 1207 6UMH-11
155,2019-08-25,24.420000000000005,FORAKER 1207 6UMH-11
156,2019-08-26,31.050000000000008,FORAKER 1207 6UMH-11
157,2019-08-27,31.329999999999988,FORAKER 1207 6UMH-11
158,2019-08-28,18.759999999999998,FORAKER 1207 6UMH-11
159,2019-08-29,4.75,FORAKER 1207 6UMH-11
160,2019-08-30,3.399999999999999,FORAKER 1207 6UMH-11
161,2019-08-31,24.13,FORAKER 1207 6UMH-11
162,2019-09-01,24.819999999999997,FORAKER 1207 6UMH-11
163,2019-09-02,7.3400000000000025,FORAKER 1207 6UMH-11
164,2019-09-03,19.75,FORAKER 1207 6UMH-11
165,2019-09-04,11.549999999999999,FORAKER 1207 6UMH-11
166,2019-09-05,,FORAKER 1207 6UMH-11
167,2019-09-06,,FORAKER 1207 6UMH-11
168,2019-09-07,,FORAKER 1207 6UMH-11
169,2019-09-08,,FORAKER 1207 6UMH-11
170,2019-09-09,,FORAKER 1207 6UMH-11
171,2019-09-10,,FORAKER 1207 6UMH-11
172,2019-09-11,,FORAKER 1207 6UMH-11
173,2019-09-12,,FORAKER 1207 6UMH-11
174,2019-09-13,,FORAKER 1207 6UMH-11
175,2019-09-14,,FORAKER 1207 6UMH-11
176,2019-09-15,,FORAKER 1207 6UMH-11
177,2019-09-16,,FORAKER 1207 6UMH-11
178,2019-09-17,,FORAKER 1207 6UMH-11
179,2019-09-18,,FORAKER 1207 6UMH-11
180,2019-09-19,,FORAKER 1207 6UMH-11
181,2019-09-20,,FORAKER 1207 6UMH-11
182,2019-09-21,,FORAKER 1207 6UMH-11
183,2019-09-22,,FORAKER 1207 6UMH-11
184,2019-09-23,,FORAKER 1207 6UMH-11
0,2019-03-23,,FORAKER 1207 7SMH-11
1,2019-03-24,,FORAKER 1207 7SMH-11
2,2019-03-25,,FORAKER 1207 7SMH-11
3,2019-03-26,,FORAKER 1207 7SMH-11
4,2019-03-27,,FORAKER 1207 7SMH-11
5,2019-03-28,,FORAKER 1207 7SMH-11
6,2019-03-29,,FORAKER 1207 7SMH-11
7,2019-03-30,,FORAKER 1207 7SMH-11
8,2019-03-31,,FORAKER 1207 7SMH-11
9,2019-04-01,,FORAKER 1207 7SMH-11
10,2019-04-02,,FORAKER 1207 7SMH-11
11,2019-04-03,,FORAKER 1207 7SMH-11
12,2019-04-04,,FORAKER 1207 7SMH-11
13,2019-04-05,0.0,FORAKER 1207 7SMH-11
14,2019-04-06,0.0,FORAKER 1207 7SMH-11
15,2019-04-07,308.1135,FORAKER 1207 7SMH-11
16,2019-04-08,1252.442,FORAKER 1207 7SMH-11
17,2019-04-09,1406.7808999999993,FORAKER 1207 7SMH-11
18,2019-04-10,1398.995935,FORAKER 1207 7SMH-11
19,2019-04-11,1398.4300674999995,FORAKER 1207 7SMH-11
20,2019-04-12,1318.7199137499997,FORAKER 1207 7SMH-11
21,2019-04-13,1414.5658650000003,FORAKER 1207 7SMH-11
22,2019-04-14,1397.6241349999993,FORAKER 1207 7SMH-11
23,2019-04-15,1336.5961825,FORAKER 1207 7SMH-11
24,2019-04-16,1286.0625,FORAKER 1207 7SMH-11
25,2019-04-17,1350.0,FORAKER 1207 7SMH-11
26,2019-04-18,1309.6509999999998,FORAKER 1207 7SMH-11
27,2019-04-19,1166.4764999999995,FORAKER 1207 7SMH-11
28,2019-04-20,1066.9354999999998,FORAKER 1207 7SMH-11
29,2019-04-21,986.0335,FORAKER 1207 7SMH-11
30,2019-04-22,903.9914999999997,FORAKER 1207 7SMH-11
31,2019-04-23,838.4224999999998,FORAKER 1207 7SMH-11
32,2019-04-24,780.4154999999998,FORAKER 1207 7SMH-11
33,2019-04-25,732.3454999999999,FORAKER 1207 7SMH-11
34,2019-04-26,688.1419999999997,FORAKER 1207 7SMH-11
35,2019-04-27,650.8164999999998,FORAKER 1207 7SMH-11
36,2019-04-28,625.8220000000001,FORAKER 1207 7SMH-11
37,2019-04-29,590.3680000000002,FORAKER 1207 7SMH-11
38,2019-04-30,563.4069999999998,FORAKER 1207 7SMH-11
39,2019-05-01,541.4809999999999,FORAKER 1207 7SMH-11
40,2019-05-02,520.9515,FORAKER 1207 7SMH-11
41,2019-05-03,502.3029999999999,FORAKER 1207 7SMH-11
42,2019-05-04,477.5269999999999,FORAKER 1207 7SMH-11
43,2019-05-05,458.00449999999995,FORAKER 1207 7SMH-11
44,2019-05-06,432.97200000000015,FORAKER 1207 7SMH-11
45,2019-05-07,419.54850000000005,FORAKER 1207 7SMH-11
46,2019-05-08,402.17300000000006,FORAKER 1207 7SMH-11
47,2019-05-09,401.34650000000016,FORAKER 1207 7SMH-11
48,2019-05-10,390.3644999999999,FORAKER 1207 7SMH-11
49,2019-05-11,373.5019999999999,FORAKER 1207 7SMH-11
50,2019-05-12,364.1255,FORAKER 1207 7SMH-11
51,2019-05-13,379.9700000000001,FORAKER 1207 7SMH-11
52,2019-05-14,370.4299999999999,FORAKER 1207 7SMH-11
53,2019-05-15,365.71,FORAKER 1207 7SMH-11
54,2019-05-16,357.4099999999999,FORAKER 1207 7SMH-11
55,2019-05-17,330.08,FORAKER 1207 7SMH-11
56,2019-05-18,325.98999999999995,FORAKER 1207 7SMH-11
57,2019-05-19,310.36000000000007,FORAKER 1207 7SMH-11
58,2019-05-20,309.25,FORAKER 1207 7SMH-11
59,2019-05-21,296.48,FORAKER 1207 7SMH-11
60,2019-05-22,291.61000000000007,FORAKER 1207 7SMH-11
61,2019-05-23,285.77,FORAKER 1207 7SMH-11
62,2019-05-24,277.01000000000005,FORAKER 1207 7SMH-11
63,2019-05-25,271.29,FORAKER 1207 7SMH-11
64,2019-05-26,255.25,FORAKER 1207 7SMH-11
65,2019-05-27,250.1399999999999,FORAKER 1207 7SMH-11
66,2019-05-28,245.84999999999994,FORAKER 1207 7SMH-11
67,2019-05-29,242.98,FORAKER 1207 7SMH-11
68,2019-05-30,232.96,FORAKER 1207 7SMH-11
69,2019-05-31,219.09999999999994,FORAKER 1207 7SMH-11
70,2019-06-01,218.83999999999997,FORAKER 1207 7SMH-11
71,2019-06-02,216.75,FORAKER 1207 7SMH-11
72,2019-06-03,215.8899999999999,FORAKER 1207 7SMH-11
73,2019-06-04,226.38000000000008,FORAKER 1207 7SMH-11
74,2019-06-05,212.49,FORAKER 1207 7SMH-11
75,2019-06-06,205.3899999999999,FORAKER 1207 7SMH-11
76,2019-06-07,202.09999999999994,FORAKER 1207 7SMH-11
77,2019-06-08,200.98,FORAKER 1207 7SMH-11
78,2019-06-09,193.13000000000002,FORAKER 1207 7SMH-11
79,2019-06-10,174.02,FORAKER 1207 7SMH-11
80,2019-06-11,184.40000000000006,FORAKER 1207 7SMH-11
81,2019-06-12,188.55999999999997,FORAKER 1207 7SMH-11
82,2019-06-13,195.63999999999996,FORAKER 1207 7SMH-11
83,2019-06-14,184.18000000000004,FORAKER 1207 7SMH-11
84,2019-06-15,178.65000000000006,FORAKER 1207 7SMH-11
85,2019-06-16,175.98,FORAKER 1207 7SMH-11
86,2019-06-17,152.63999999999996,FORAKER 1207 7SMH-11
87,2019-06-18,153.97,FORAKER 1207 7SMH-11
88,2019-06-19,165.41000000000003,FORAKER 1207 7SMH-11
89,2019-06-20,164.75,FORAKER 1207 7SMH-11
90,2019-06-21,160.28,FORAKER 1207 7SMH-11
91,2019-06-22,154.27,FORAKER 1207 7SMH-11
92,2019-06-23,152.92000000000002,FORAKER 1207 7SMH-11
93,2019-06-24,151.69000000000003,FORAKER 1207 7SMH-11
94,2019-06-25,148.97,FORAKER 1207 7SMH-11
95,2019-06-26,143.11000000000004,FORAKER 1207 7SMH-11
96,2019-06-27,136.79,FORAKER 1207 7SMH-11
97,2019-06-28,142.58999999999997,FORAKER 1207 7SMH-11
98,2019-06-29,139.78,FORAKER 1207 7SMH-11
99,2019-06-30,134.26,FORAKER 1207 7SMH-11
100,2019-07-01,131.34999999999997,FORAKER 1207 7SMH-11
101,2019-07-02,132.63999999999996,FORAKER 1207 7SMH-11
102,2019-07-03,132.20000000000002,FORAKER 1207 7SMH-11
103,2019-07-04,127.42000000000002,FORAKER 1207 7SMH-11
104,2019-07-05,125.32999999999998,FORAKER 1207 7SMH-11
105,2019-07-06,123.35999999999997,FORAKER 1207 7SMH-11
106,2019-07-07,122.19000000000004,FORAKER 1207 7SMH-11
107,2019-07-08,119.36999999999996,FORAKER 1207 7SMH-11
108,2019-07-09,117.36999999999996,FORAKER 1207 7SMH-11
109,2019-07-10,116.58999999999999,FORAKER 1207 7SMH-11
110,2019-07-11,114.25,FORAKER 1207 7SMH-11
111,2019-07-12,114.66000000000001,FORAKER 1207 7SMH-11
112,2019-07-13,107.95000000000003,FORAKER 1207 7SMH-11
113,2019-07-14,111.12,FORAKER 1207 7SMH-11
114,2019-07-15,110.35999999999997,FORAKER 1207 7SMH-11
115,2019-07-16,109.83,FORAKER 1207 7SMH-11
116,2019-07-17,108.77,FORAKER 1207 7SMH-11
117,2019-07-18,106.30999999999996,FORAKER 1207 7SMH-11
118,2019-07-19,100.09000000000002,FORAKER 1207 7SMH-11
119,2019-07-20,103.23,FORAKER 1207 7SMH-11
120,2019-07-21,104.75,FORAKER 1207 7SMH-11
121,2019-07-22,102.64000000000003,FORAKER 1207 7SMH-11
122,2019-07-23,101.55999999999999,FORAKER 1207 7SMH-11
123,2019-07-24,101.34000000000002,FORAKER 1207 7SMH-11
124,2019-07-25,98.78999999999998,FORAKER 1207 7SMH-11
125,2019-07-26,98.76,FORAKER 1207 7SMH-11
126,2019-07-27,96.87,FORAKER 1207 7SMH-11
127,2019-07-28,94.52,FORAKER 1207 7SMH-11
128,2019-07-29,90.23,FORAKER 1207 7SMH-11
129,2019-07-30,89.14,FORAKER 1207 7SMH-11
130,2019-07-31,91.69000000000001,FORAKER 1207 7SMH-11
131,2019-08-01,94.12000000000002,FORAKER 1207 7SMH-11
132,2019-08-02,96.20000000000003,FORAKER 1207 7SMH-11
133,2019-08-03,95.58,FORAKER 1207 7SMH-11
134,2019-08-04,93.03999999999998,FORAKER 1207 7SMH-11
135,2019-08-05,90.88,FORAKER 1207 7SMH-11
136,2019-08-06,91.18000000000002,FORAKER 1207 7SMH-11
137,2019-08-07,94.64999999999999,FORAKER 1207 7SMH-11
138,2019-08-08,92.46000000000002,FORAKER 1207 7SMH-11
139,2019-08-09,87.26,FORAKER 1207 7SMH-11
140,2019-08-10,95.15999999999998,FORAKER 1207 7SMH-11
141,2019-08-11,90.59000000000002,FORAKER 1207 7SMH-11
142,2019-08-12,87.60000000000001,FORAKER 1207 7SMH-11
143,2019-08-13,86.34000000000002,FORAKER 1207 7SMH-11
144,2019-08-14,85.02,FORAKER 1207 7SMH-11
145,2019-08-15,84.94000000000001,FORAKER 1207 7SMH-11
146,2019-08-16,80.70000000000002,FORAKER 1207 7SMH-11
147,2019-08-17,89.35000000000001,FORAKER 1207 7SMH-11
148,2019-08-18,91.89,FORAKER 1207 7SMH-11
149,2019-08-19,92.73,FORAKER 1207 7SMH-11
150,2019-08-20,88.35000000000001,FORAKER 1207 7SMH-11
151,2019-08-21,88.46000000000001,FORAKER 1207 7SMH-11
152,2019-08-22,77.48,FORAKER 1207 7SMH-11
153,2019-08-23,77.45000000000002,FORAKER 1207 7SMH-11
154,2019-08-24,81.48,FORAKER 1207 7SMH-11
155,2019-08-25,84.64,FORAKER 1207 7SMH-11
156,2019-08-26,84.89999999999999,FORAKER 1207 7SMH-11
157,2019-08-27,80.06999999999998,FORAKER 1207 7SMH-11
158,2019-08-28,71.20000000000002,FORAKER 1207 7SMH-11
159,2019-08-29,78.31999999999998,FORAKER 1207 7SMH-11
160,2019-08-30,83.96000000000001,FORAKER 1207 7SMH-11
161,2019-08-31,80.10000000000001,FORAKER 1207 7SMH-11
162,2019-09-01,81.86,FORAKER 1207 7SMH-11
163,2019-09-02,81.62,FORAKER 1207 7SMH-11
164,2019-09-03,79.96000000000001,FORAKER 1207 7SMH-11
165,2019-09-04,78.98,FORAKER 1207 7SMH-11
166,2019-09-05,,FORAKER 1207 7SMH-11
167,2019-09-06,,FORAKER 1207 7SMH-11
168,2019-09-07,,FORAKER 1207 7SMH-11
169,2019-09-08,,FORAKER 1207 7SMH-11
170,2019-09-09,,FORAKER 1207 7SMH-11
171,2019-09-10,,FORAKER 1207 7SMH-11
172,2019-09-11,,FORAKER 1207 7SMH-11
173,2019-09-12,,FORAKER 1207 7SMH-11
174,2019-09-13,,FORAKER 1207 7SMH-11
175,2019-09-14,,FORAKER 1207 7SMH-11
176,2019-09-15,,FORAKER 1207 7SMH-11
177,2019-09-16,,FORAKER 1207 7SMH-11
178,2019-09-17,,FORAKER 1207 7SMH-11
179,2019-09-18,,FORAKER 1207 7SMH-11
180,2019-09-19,,FORAKER 1207 7SMH-11
181,2019-09-20,,FORAKER 1207 7SMH-11
182,2019-09-21,,FORAKER 1207 7SMH-11
183,2019-09-22,,FORAKER 1207 7SMH-11
184,2019-09-23,,FORAKER 1207 7SMH-11
0,2019-03-23,,FORAKER 1207 8UMH-11
1,2019-03-24,,FORAKER 1207 8UMH-11
2,2019-03-25,,FORAKER 1207 8UMH-11
3,2019-03-26,,FORAKER 1207 8UMH-11
4,2019-03-27,,FORAKER 1207 8UMH-11
5,2019-03-28,,FORAKER 1207 8UMH-11
6,2019-03-29,,FORAKER 1207 8UMH-11
7,2019-03-30,,FORAKER 1207 8UMH-11
8,2019-03-31,,FORAKER 1207 8UMH-11
9,2019-04-01,,FORAKER 1207 8UMH-11
10,2019-04-02,,FORAKER 1207 8UMH-11
11,2019-04-03,,FORAKER 1207 8UMH-11
12,2019-04-04,,FORAKER 1207 8UMH-11
13,2019-04-05,0.7649999999999998,FORAKER 1207 8UMH-11
14,2019-04-06,361.962,FORAKER 1207 8UMH-11
15,2019-04-07,952.6680000000002,FORAKER 1207 8UMH-11
16,2019-04-08,1135.5120000000002,FORAKER 1207 8UMH-11
17,2019-04-09,1098.8460000000002,FORAKER 1207 8UMH-11
18,2019-04-10,1081.57,FORAKER 1207 8UMH-11
19,2019-04-11,1075.301717772813,FORAKER 1207 8UMH-11
20,2019-04-12,938.6665691914691,FORAKER 1207 8UMH-11
21,2019-04-13,834.0236302455344,FORAKER 1207 8UMH-11
22,2019-04-14,751.2045075557226,FORAKER 1207 8UMH-11
23,2019-04-15,683.9562229123276,FORAKER 1207 8UMH-11
24,2019-04-16,628.2175474931641,FORAKER 1207 8UMH-11
25,2019-04-17,581.2335834852823,FORAKER 1207 8UMH-11
26,2019-04-18,541.0681778845313,FORAKER 1207 8UMH-11
27,2019-04-19,506.3199279628019,FORAKER 1207 8UMH-11
28,2019-04-20,475.94893944454253,FORAKER 1207 8UMH-11
29,2019-04-21,449.1669617241204,FORAKER 1207 8UMH-11
30,2019-04-22,425.3653710657197,FORAKER 1207 8UMH-11
31,2019-04-23,404.0665962802812,FORAKER 1207 8UMH-11
32,2019-04-24,384.89053031455984,FORAKER 1207 8UMH-11
33,2019-04-25,367.53079009287035,FORAKER 1207 8UMH-11
34,2019-04-26,351.73760795505666,FORAKER 1207 8UMH-11
35,2019-04-27,337.3052864576179,FORAKER 1207 8UMH-11
36,2019-04-28,324.06285481469996,FORAKER 1207 8UMH-11
37,2019-04-29,311.86701115881425,FORAKER 1207 8UMH-11
38,2019-04-30,300.5967227666498,FORAKER 1207 8UMH-11
39,2019-05-01,290.1490462649682,FORAKER 1207 8UMH-11
40,2019-05-02,280.43585740418166,FORAKER 1207 8UMH-11
41,2019-05-03,271.3812671897114,FORAKER 1207 8UMH-11
42,2019-05-04,262.9195617153034,FORAKER 1207 8UMH-11
43,2019-05-05,254.99354570546976,FORAKER 1207 8UMH-11
44,2019-05-06,247.55320023680275,FORAKER 1207 8UMH-11
45,2019-05-07,240.5545871300185,FORAKER 1207 8UMH-11
46,2019-05-08,233.95894860893725,FORAKER 1207 8UMH-11
47,2019-05-09,227.7319627261381,FORAKER 1207 8UMH-11
48,2019-05-10,221.84312394185088,FORAKER 1207 8UMH-11
49,2019-05-11,216.26522493958691,FORAKER 1207 8UMH-11
50,2019-05-12,210.97392085311847,FORAKER 1207 8UMH-11
51,2019-05-13,205.94736098174047,FORAKER 1207 8UMH-11
52,2019-05-14,201.1658760851509,FORAKER 1207 8UMH-11
53,2019-05-15,196.61171169488009,FORAKER 1207 8UMH-11
54,2019-05-16,192.2687997170228,FORAKER 1207 8UMH-11
55,2019-05-17,188.12256205043712,FORAKER 1207 8UMH-11
56,2019-05-18,184.1597410947628,FORAKER 1207 8UMH-11
57,2019-05-19,180.3682529407233,FORAKER 1207 8UMH-11
58,2019-05-20,176.73705977214513,FORAKER 1207 8UMH-11
59,2019-05-21,173.25605860384283,FORAKER 1207 8UMH-11
60,2019-05-22,169.91598396186941,FORAKER 1207 8UMH-11
61,2019-05-23,166.70832250574747,FORAKER 1207 8UMH-11
62,2019-05-24,163.62523791415842,FORAKER 1207 8UMH-11
63,2019-05-25,160.65950462025805,FORAKER 1207 8UMH-11
64,2019-05-26,157.80444920137947,FORAKER 1207 8UMH-11
65,2019-05-27,155.0538984091354,FORAKER 1207 8UMH-11
66,2019-05-28,152.4021329768081,FORAKER 1207 8UMH-11
67,2019-05-29,149.84384646696452,FORAKER 1207 8UMH-11
68,2019-05-30,147.37410852793116,FORAKER 1207 8UMH-11
69,2019-05-31,144.98833201668154,FORAKER 1207 8UMH-11
70,2019-06-01,142.68224352075742,FORAKER 1207 8UMH-11
71,2019-06-02,140.45185687540427,FORAKER 1207 8UMH-11
72,2019-06-03,138.2934493260946,FORAKER 1207 8UMH-11
73,2019-06-04,136.20354003260607,FORAKER 1207 8UMH-11
74,2019-06-05,134.17887065011564,FORAKER 1207 8UMH-11
75,2019-06-06,132.21638775643234,FORAKER 1207 8UMH-11
76,2019-06-07,130.31322692340632,FORAKER 1207 8UMH-11
77,2019-06-08,128.46669825544623,FORAKER 1207 8UMH-11
78,2019-06-09,126.67427323957524,FORAKER 1207 8UMH-11
79,2019-06-10,124.93357277005045,FORAKER 1207 8UMH-11
80,2019-06-11,123.24235622670678,FORAKER 1207 8UMH-11
81,2019-06-12,121.59851150020515,FORAKER 1207 8UMH-11
82,2019-06-13,120.0000458695841,FORAKER 1207 8UMH-11
83,2019-06-14,109.90000000000002,FORAKER 1207 8UMH-11
84,2019-06-15,99.64999999999999,FORAKER 1207 8UMH-11
85,2019-06-16,131.38999999999996,FORAKER 1207 8UMH-11
86,2019-06-17,112.10999999999997,FORAKER 1207 8UMH-11
87,2019-06-18,114.36999999999996,FORAKER 1207 8UMH-11
88,2019-06-19,95.47000000000001,FORAKER 1207 8UMH-11
89,2019-06-20,96.47000000000001,FORAKER 1207 8UMH-11
90,2019-06-21,93.38,FORAKER 1207 8UMH-11
91,2019-06-22,97.15999999999998,FORAKER 1207 8UMH-11
92,2019-06-23,89.30999999999999,FORAKER 1207 8UMH-11
93,2019-06-24,79.56999999999998,FORAKER 1207 8UMH-11
94,2019-06-25,83.66999999999999,FORAKER 1207 8UMH-11
95,2019-06-26,77.0,FORAKER 1207 8UMH-11
96,2019-06-27,75.75,FORAKER 1207 8UMH-11
97,2019-06-28,78.93000000000002,FORAKER 1207 8UMH-11
98,2019-06-29,72.28999999999999,FORAKER 1207 8UMH-11
99,2019-06-30,76.96000000000001,FORAKER 1207 8UMH-11
100,2019-07-01,79.48,FORAKER 1207 8UMH-11
101,2019-07-02,82.78999999999999,FORAKER 1207 8UMH-11
102,2019-07-03,75.66999999999999,FORAKER 1207 8UMH-11
103,2019-07-04,63.96000000000001,FORAKER 1207 8UMH-11
104,2019-07-05,68.12,FORAKER 1207 8UMH-11
105,2019-07-06,64.69000000000001,FORAKER 1207 8UMH-11
106,2019-07-07,62.909999999999975,FORAKER 1207 8UMH-11
107,2019-07-08,58.96000000000001,FORAKER 1207 8UMH-11
108,2019-07-09,61.13999999999999,FORAKER 1207 8UMH-11
109,2019-07-10,57.54999999999999,FORAKER 1207 8UMH-11
110,2019-07-11,54.46,FORAKER 1207 8UMH-11
111,2019-07-12,55.13999999999999,FORAKER 1207 8UMH-11
112,2019-07-13,47.71,FORAKER 1207 8UMH-11
113,2019-07-14,45.399999999999984,FORAKER 1207 8UMH-11
114,2019-07-15,48.07999999999999,FORAKER 1207 8UMH-11
115,2019-07-16,57.22000000000002,FORAKER 1207 8UMH-11
116,2019-07-17,54.70000000000001,FORAKER 1207 8UMH-11
117,2019-07-18,45.67000000000001,FORAKER 1207 8UMH-11
118,2019-07-19,48.88999999999999,FORAKER 1207 8UMH-11
119,2019-07-20,43.19,FORAKER 1207 8UMH-11
120,2019-07-21,41.06,FORAKER 1207 8UMH-11
121,2019-07-22,45.84000000000001,FORAKER 1207 8UMH-11
122,2019-07-23,109.54999999999997,FORAKER 1207 8UMH-11
123,2019-07-24,13.909999999999998,FORAKER 1207 8UMH-11
124,2019-07-25,7.579999999999999,FORAKER 1207 8UMH-11
125,2019-07-26,35.63,FORAKER 1207 8UMH-11
126,2019-07-27,55.25,FORAKER 1207 8UMH-11
127,2019-07-28,64.68000000000002,FORAKER 1207 8UMH-11
128,2019-07-29,52.88,FORAKER 1207 8UMH-11
129,2019-07-30,50.899999999999984,FORAKER 1207 8UMH-11
130,2019-07-31,51.54,FORAKER 1207 8UMH-11
131,2019-08-01,45.82,FORAKER 1207 8UMH-11
132,2019-08-02,47.32,FORAKER 1207 8UMH-11
133,2019-08-03,46.07,FORAKER 1207 8UMH-11
134,2019-08-04,46.49,FORAKER 1207 8UMH-11
135,2019-08-05,44.67000000000001,FORAKER 1207 8UMH-11
136,2019-08-06,41.99,FORAKER 1207 8UMH-11
137,2019-08-07,37.209999999999994,FORAKER 1207 8UMH-11
138,2019-08-08,32.94,FORAKER 1207 8UMH-11
139,2019-08-09,36.800000000000004,FORAKER 1207 8UMH-11
140,2019-08-10,32.99,FORAKER 1207 8UMH-11
141,2019-08-11,31.420000000000012,FORAKER 1207 8UMH-11
142,2019-08-12,27.819999999999997,FORAKER 1207 8UMH-11
143,2019-08-13,27.11000000000001,FORAKER 1207 8UMH-11
144,2019-08-14,27.430000000000003,FORAKER 1207 8UMH-11
145,2019-08-15,19.03,FORAKER 1207 8UMH-11
146,2019-08-16,13.150000000000004,FORAKER 1207 8UMH-11
147,2019-08-17,0.0,FORAKER 1207 8UMH-11
148,2019-08-18,0.0,FORAKER 1207 8UMH-11
149,2019-08-19,23.0,FORAKER 1207 8UMH-11
150,2019-08-20,17.59,FORAKER 1207 8UMH-11
151,2019-08-21,24.930000000000003,FORAKER 1207 8UMH-11
152,2019-08-22,23.28,FORAKER 1207 8UMH-11
153,2019-08-23,21.91,FORAKER 1207 8UMH-11
154,2019-08-24,25.839999999999993,FORAKER 1207 8UMH-11
155,2019-08-25,25.199999999999992,FORAKER 1207 8UMH-11
156,2019-08-26,22.0,FORAKER 1207 8UMH-11
157,2019-08-27,22.0,FORAKER 1207 8UMH-11
158,2019-08-28,22.0,FORAKER 1207 8UMH-11
159,2019-08-29,22.0,FORAKER 1207 8UMH-11
160,2019-08-30,22.0,FORAKER 1207 8UMH-11
161,2019-08-31,22.0,FORAKER 1207 8UMH-11
162,2019-09-01,22.0,FORAKER 1207 8UMH-11
163,2019-09-02,22.0,FORAKER 1207 8UMH-11
164,2019-09-03,22.0,FORAKER 1207 8UMH-11
165,2019-09-04,22.0,FORAKER 1207 8UMH-11
166,2019-09-05,22.0,FORAKER 1207 8UMH-11
167,2019-09-06,22.0,FORAKER 1207 8UMH-11
168,2019-09-07,22.0,FORAKER 1207 8UMH-11
169,2019-09-08,22.0,FORAKER 1207 8UMH-11
170,2019-09-09,22.0,FORAKER 1207 8UMH-11
171,2019-09-10,22.0,FORAKER 1207 8UMH-11
172,2019-09-11,22.0,FORAKER 1207 8UMH-11
173,2019-09-12,22.0,FORAKER 1207 8UMH-11
174,2019-09-13,22.0,FORAKER 1207 8UMH-11
175,2019-09-14,22.0,FORAKER 1207 8UMH-11
176,2019-09-15,22.0,FORAKER 1207 8UMH-11
177,2019-09-16,22.0,FORAKER 1207 8UMH-11
178,2019-09-17,22.0,FORAKER 1207 8UMH-11
179,2019-09-18,22.0,FORAKER 1207 8UMH-11
180,2019-09-19,22.0,FORAKER 1207 8UMH-11
181,2019-09-20,22.0,FORAKER 1207 8UMH-11
182,2019-09-21,22.0,FORAKER 1207 8UMH-11
183,2019-09-22,22.0,FORAKER 1207 8UMH-11
184,2019-09-23,22.0,FORAKER 1207 8UMH-11
0,2019-03-23,,FORAKER 1207 9LMH-11
1,2019-03-24,,FORAKER 1207 9LMH-11
2,2019-03-25,,FORAKER 1207 9LMH-11
3,2019-03-26,,FORAKER 1207 9LMH-11
4,2019-03-27,,FORAKER 1207 9LMH-11
5,2019-03-28,,FORAKER 1207 9LMH-11
6,2019-03-29,,FORAKER 1207 9LMH-11
7,2019-03-30,,FORAKER 1207 9LMH-11
8,2019-03-31,,FORAKER 1207 9LMH-11
9,2019-04-01,,FORAKER 1207 9LMH-11
10,2019-04-02,,FORAKER 1207 9LMH-11
11,2019-04-03,,FORAKER 1207 9LMH-11
12,2019-04-04,,FORAKER 1207 9LMH-11
13,2019-04-05,0.00729,FORAKER 1207 9LMH-11
14,2019-04-06,309.8031300000002,FORAKER 1207 9LMH-11
15,2019-04-07,1249.67367,FORAKER 1207 9LMH-11
16,2019-04-08,1475.5470300000002,FORAKER 1207 9LMH-11
17,2019-04-09,1459.0570500000006,FORAKER 1207 9LMH-11
18,2019-04-10,1560.5630099999996,FORAKER 1207 9LMH-11
19,2019-04-11,1654.2249299999999,FORAKER 1207 9LMH-11
20,2019-04-12,1616.8563900000001,FORAKER 1207 9LMH-11
21,2019-04-13,1625.7501900000002,FORAKER 1207 9LMH-11
22,2019-04-14,1654.2249299999999,FORAKER 1207 9LMH-11
23,2019-04-15,1600.135425076561,FORAKER 1207 9LMH-11
24,2019-04-16,1418.850310651648,FORAKER 1207 9LMH-11
25,2019-04-17,1275.9200173684092,FORAKER 1207 9LMH-11
26,2019-04-18,1160.2119658751453,FORAKER 1207 9LMH-11
27,2019-04-19,1064.5419042892293,FORAKER 1207 9LMH-11
28,2019-04-20,984.0615497283983,FORAKER 1207 9LMH-11
29,2019-04-21,915.3779511247944,FORAKER 1207 9LMH-11
30,2019-04-22,856.0439855549982,FORAKER 1207 9LMH-11
31,2019-04-23,804.2492782822825,FORAKER 1207 9LMH-11
32,2019-04-24,758.6251145984338,FORAKER 1207 9LMH-11
33,2019-04-25,718.1170740558188,FORAKER 1207 9LMH-11
34,2019-04-26,681.8994242658428,FORAKER 1207 9LMH-11
35,2019-04-27,649.3161066939587,FORAKER 1207 9LMH-11
36,2019-04-28,619.8391384247349,FORAKER 1207 9LMH-11
37,2019-04-29,593.0387061444408,FORAKER 1207 9LMH-11
38,2019-04-30,568.561284215432,FORAKER 1207 9LMH-11
39,2019-05-01,546.1133688536311,FORAKER 1207 9LMH-11
40,2019-05-02,525.4492132119098,FORAKER 1207 9LMH-11
41,2019-05-03,506.36145869468066,FORAKER 1207 9LMH-11
42,2019-05-04,488.67389356906943,FORAKER 1207 9LMH-11
43,2019-05-05,472.2357949884481,FORAKER 1207 9LMH-11
44,2019-05-06,456.9174640460838,FORAKER 1207 9LMH-11
45,2019-05-07,442.60666985868505,FORAKER 1207 9LMH-11
46,2019-05-08,429.2057934937991,FORAKER 1207 9LMH-11
47,2019-05-09,416.6295158844461,FORAKER 1207 9LMH-11
48,2019-05-10,404.8029323672538,FORAKER 1207 9LMH-11
49,2019-05-11,393.66000458859867,FORAKER 1207 9LMH-11
50,2019-05-12,401.21729999999997,FORAKER 1207 9LMH-11
51,2019-05-13,406.6686000000001,FORAKER 1207 9LMH-11
52,2019-05-14,363.3579000000001,FORAKER 1207 9LMH-11
53,2019-05-15,332.8613999999999,FORAKER 1207 9LMH-11
54,2019-05-16,395.07,FORAKER 1207 9LMH-11
55,2019-05-17,366.63000000000005,FORAKER 1207 9LMH-11
56,2019-05-18,357.34999999999997,FORAKER 1207 9LMH-11
57,2019-05-19,336.0299999999999,FORAKER 1207 9LMH-11
58,2019-05-20,338.47000000000014,FORAKER 1207 9LMH-11
59,2019-05-21,326.55000000000007,FORAKER 1207 9LMH-11
60,2019-05-22,319.65000000000003,FORAKER 1207 9LMH-11
61,2019-05-23,299.96,FORAKER 1207 9LMH-11
62,2019-05-24,287.13000000000005,FORAKER 1207 9LMH-11
63,2019-05-25,274.38000000000005,FORAKER 1207 9LMH-11
64,2019-05-26,278.84999999999997,FORAKER 1207 9LMH-11
65,2019-05-27,272.54,FORAKER 1207 9LMH-11
66,2019-05-28,269.07000000000005,FORAKER 1207 9LMH-11
67,2019-05-29,262.38999999999993,FORAKER 1207 9LMH-11
68,2019-05-30,242.44999999999996,FORAKER 1207 9LMH-11
69,2019-05-31,242.51000000000005,FORAKER 1207 9LMH-11
70,2019-06-01,284.26000000000005,FORAKER 1207 9LMH-11
71,2019-06-02,275.40000000000003,FORAKER 1207 9LMH-11
72,2019-06-03,263.5299999999999,FORAKER 1207 9LMH-11
73,2019-06-04,250.59000000000003,FORAKER 1207 9LMH-11
74,2019-06-05,234.96,FORAKER 1207 9LMH-11
75,2019-06-06,229.34999999999994,FORAKER 1207 9LMH-11
76,2019-06-07,213.57000000000002,FORAKER 1207 9LMH-11
77,2019-06-08,217.24,FORAKER 1207 9LMH-11
78,2019-06-09,209.16,FORAKER 1207 9LMH-11
79,2019-06-10,200.73,FORAKER 1207 9LMH-11
80,2019-06-11,221.25,FORAKER 1207 9LMH-11
81,2019-06-12,217.76,FORAKER 1207 9LMH-11
82,2019-06-13,217.3899999999999,FORAKER 1207 9LMH-11
83,2019-06-14,200.20000000000002,FORAKER 1207 9LMH-11
84,2019-06-15,196.69000000000003,FORAKER 1207 9LMH-11
85,2019-06-16,178.30999999999997,FORAKER 1207 9LMH-11
86,2019-06-17,172.42000000000004,FORAKER 1207 9LMH-11
87,2019-06-18,265.4700000000001,FORAKER 1207 9LMH-11
88,2019-06-19,257.58,FORAKER 1207 9LMH-11
89,2019-06-20,215.25,FORAKER 1207 9LMH-11
90,2019-06-21,272.26000000000005,FORAKER 1207 9LMH-11
91,2019-06-22,235.8600000000001,FORAKER 1207 9LMH-11
92,2019-06-23,222.59999999999994,FORAKER 1207 9LMH-11
93,2019-06-24,212.44999999999996,FORAKER 1207 9LMH-11
94,2019-06-25,210.19999999999996,FORAKER 1207 9LMH-11
95,2019-06-26,205.46,FORAKER 1207 9LMH-11
96,2019-06-27,187.57999999999996,FORAKER 1207 9LMH-11
97,2019-06-28,170.33999999999997,FORAKER 1207 9LMH-11
98,2019-06-29,164.52,FORAKER 1207 9LMH-11
99,2019-06-30,167.53,FORAKER 1207 9LMH-11
100,2019-07-01,152.31999999999996,FORAKER 1207 9LMH-11
101,2019-07-02,170.27,FORAKER 1207 9LMH-11
102,2019-07-03,171.49,FORAKER 1207 9LMH-11
103,2019-07-04,174.08999999999995,FORAKER 1207 9LMH-11
104,2019-07-05,166.49,FORAKER 1207 9LMH-11
105,2019-07-06,162.82999999999998,FORAKER 1207 9LMH-11
106,2019-07-07,160.27,FORAKER 1207 9LMH-11
107,2019-07-08,156.05999999999997,FORAKER 1207 9LMH-11
108,2019-07-09,148.82999999999998,FORAKER 1207 9LMH-11
109,2019-07-10,144.48,FORAKER 1207 9LMH-11
110,2019-07-11,144.73,FORAKER 1207 9LMH-11
111,2019-07-12,150.45000000000002,FORAKER 1207 9LMH-11
112,2019-07-13,154.75,FORAKER 1207 9LMH-11
113,2019-07-14,156.55999999999997,FORAKER 1207 9LMH-11
114,2019-07-15,155.86000000000004,FORAKER 1207 9LMH-11
115,2019-07-16,163.80999999999997,FORAKER 1207 9LMH-11
116,2019-07-17,193.54999999999998,FORAKER 1207 9LMH-11
117,2019-07-18,183.92000000000004,FORAKER 1207 9LMH-11
118,2019-07-19,177.88000000000002,FORAKER 1207 9LMH-11
119,2019-07-20,191.66,FORAKER 1207 9LMH-11
120,2019-07-21,179.45000000000002,FORAKER 1207 9LMH-11
121,2019-07-22,180.13000000000002,FORAKER 1207 9LMH-11
122,2019-07-23,179.20000000000002,FORAKER 1207 9LMH-11
123,2019-07-24,171.375,FORAKER 1207 9LMH-11
124,2019-07-25,163.75,FORAKER 1207 9LMH-11
125,2019-07-26,156.125,FORAKER 1207 9LMH-11
126,2019-07-27,148.5,FORAKER 1207 9LMH-11
127,2019-07-28,140.875,FORAKER 1207 9LMH-11
128,2019-07-29,133.25,FORAKER 1207 9LMH-11
129,2019-07-30,125.625,FORAKER 1207 9LMH-11
130,2019-07-31,118.0,FORAKER 1207 9LMH-11
131,2019-08-01,110.375,FORAKER 1207 9LMH-11
132,2019-08-02,102.75,FORAKER 1207 9LMH-11
133,2019-08-03,95.125,FORAKER 1207 9LMH-11
134,2019-08-04,87.5,FORAKER 1207 9LMH-11
135,2019-08-05,79.875,FORAKER 1207 9LMH-11
136,2019-08-06,72.25,FORAKER 1207 9LMH-11
137,2019-08-07,64.625,FORAKER 1207 9LMH-11
138,2019-08-08,56.570000000000014,FORAKER 1207 9LMH-11
139,2019-08-09,60.27999999999998,FORAKER 1207 9LMH-11
140,2019-08-10,53.99,FORAKER 1207 9LMH-11
141,2019-08-11,48.279999999999994,FORAKER 1207 9LMH-11
142,2019-08-12,49.96,FORAKER 1207 9LMH-11
143,2019-08-13,46.75,FORAKER 1207 9LMH-11
144,2019-08-14,55.669999999999995,FORAKER 1207 9LMH-11
145,2019-08-15,35.62,FORAKER 1207 9LMH-11
146,2019-08-16,47.07999999999999,FORAKER 1207 9LMH-11
147,2019-08-17,52.73000000000001,FORAKER 1207 9LMH-11
148,2019-08-18,54.19,FORAKER 1207 9LMH-11
149,2019-08-19,52.47000000000002,FORAKER 1207 9LMH-11
150,2019-08-20,48.06,FORAKER 1207 9LMH-11
151,2019-08-21,33.519999999999996,FORAKER 1207 9LMH-11
152,2019-08-22,37.199999999999996,FORAKER 1207 9LMH-11
153,2019-08-23,46.76999999999999,FORAKER 1207 9LMH-11
154,2019-08-24,47.38,FORAKER 1207 9LMH-11
155,2019-08-25,42.519999999999996,FORAKER 1207 9LMH-11
156,2019-08-26,38.42000000000001,FORAKER 1207 9LMH-11
157,2019-08-27,35.0,FORAKER 1207 9LMH-11
158,2019-08-28,34.0,FORAKER 1207 9LMH-11
159,2019-08-29,33.0,FORAKER 1207 9LMH-11
160,2019-08-30,32.0,FORAKER 1207 9LMH-11
161,2019-08-31,34.0,FORAKER 1207 9LMH-11
162,2019-09-01,31.0,FORAKER 1207 9LMH-11
163,2019-09-02,31.0,FORAKER 1207 9LMH-11
164,2019-09-03,31.0,FORAKER 1207 9LMH-11
165,2019-09-04,31.0,FORAKER 1207 9LMH-11
166,2019-09-05,31.0,FORAKER 1207 9LMH-11
167,2019-09-06,31.0,FORAKER 1207 9LMH-11
168,2019-09-07,31.0,FORAKER 1207 9LMH-11
169,2019-09-08,25.0,FORAKER 1207 9LMH-11
170,2019-09-09,25.0,FORAKER 1207 9LMH-11
171,2019-09-10,25.0,FORAKER 1207 9LMH-11
172,2019-09-11,25.0,FORAKER 1207 9LMH-11
173,2019-09-12,25.0,FORAKER 1207 9LMH-11
174,2019-09-13,25.0,FORAKER 1207 9LMH-11
175,2019-09-14,25.0,FORAKER 1207 9LMH-11
176,2019-09-15,27.38999999999999,FORAKER 1207 9LMH-11
177,2019-09-16,21.699999999999992,FORAKER 1207 9LMH-11
178,2019-09-17,17.039999999999996,FORAKER 1207 9LMH-11
179,2019-09-18,17.16,FORAKER 1207 9LMH-11
180,2019-09-19,17.889999999999997,FORAKER 1207 9LMH-11
181,2019-09-20,16.97,FORAKER 1207 9LMH-11
182,2019-09-21,15.840000000000002,FORAKER 1207 9LMH-11
183,2019-09-22,15.409999999999998,FORAKER 1207 9LMH-11
184,2019-09-23,16.979999999999997,FORAKER 1207 9LMH-11
0,2019-03-23,,FORAKER 1207 10UMH-11
1,2019-03-24,,FORAKER 1207 10UMH-11
2,2019-03-25,,FORAKER 1207 10UMH-11
3,2019-03-26,,FORAKER 1207 10UMH-11
4,2019-03-27,,FORAKER 1207 10UMH-11
5,2019-03-28,,FORAKER 1207 10UMH-11
6,2019-03-29,,FORAKER 1207 10UMH-11
7,2019-03-30,,FORAKER 1207 10UMH-11
8,2019-03-31,,FORAKER 1207 10UMH-11
9,2019-04-01,,FORAKER 1207 10UMH-11
10,2019-04-02,,FORAKER 1207 10UMH-11
11,2019-04-03,,FORAKER 1207 10UMH-11
12,2019-04-04,,FORAKER 1207 10UMH-11
13,2019-04-05,437.0500000000001,FORAKER 1207 10UMH-11
14,2019-04-06,1500.9599999999998,FORAKER 1207 10UMH-11
15,2019-04-07,1605.7000000000005,FORAKER 1207 10UMH-11
16,2019-04-08,1513.92,FORAKER 1207 10UMH-11
17,2019-04-09,1493.8099999999997,FORAKER 1207 10UMH-11
18,2019-04-10,1350.76,FORAKER 1207 10UMH-11
19,2019-04-11,1278.1100000000001,FORAKER 1207 10UMH-11
20,2019-04-12,1232.1399999999999,FORAKER 1207 10UMH-11
21,2019-04-13,1124.5200000000002,FORAKER 1207 10UMH-11
22,2019-04-14,1005.0599999999996,FORAKER 1207 10UMH-11
23,2019-04-15,937.9300000000002,FORAKER 1207 10UMH-11
24,2019-04-16,727.8999999999997,FORAKER 1207 10UMH-11
25,2019-04-17,690.9499999999999,FORAKER 1207 10UMH-11
26,2019-04-18,614.8199999999999,FORAKER 1207 10UMH-11
27,2019-04-19,551.58,FORAKER 1207 10UMH-11
28,2019-04-20,506.35999999999996,FORAKER 1207 10UMH-11
29,2019-04-21,469.5,FORAKER 1207 10UMH-11
30,2019-04-22,432.0,FORAKER 1207 10UMH-11
31,2019-04-23,400.23999999999995,FORAKER 1207 10UMH-11
32,2019-04-24,370.88000000000005,FORAKER 1207 10UMH-11
33,2019-04-25,342.9499999999999,FORAKER 1207 10UMH-11
34,2019-04-26,323.65999999999997,FORAKER 1207 10UMH-11
35,2019-04-27,300.67,FORAKER 1207 10UMH-11
36,2019-04-28,287.90000000000003,FORAKER 1207 10UMH-11
37,2019-04-29,269.61000000000007,FORAKER 1207 10UMH-11
38,2019-04-30,265.86999999999995,FORAKER 1207 10UMH-11
39,2019-05-01,251.29,FORAKER 1207 10UMH-11
40,2019-05-02,242.55000000000004,FORAKER 1207 10UMH-11
41,2019-05-03,247.1399999999999,FORAKER 1207 10UMH-11
42,2019-05-04,229.23,FORAKER 1207 10UMH-11
43,2019-05-05,225.15000000000006,FORAKER 1207 10UMH-11
44,2019-05-06,211.40000000000006,FORAKER 1207 10UMH-11
45,2019-05-07,203.02,FORAKER 1207 10UMH-11
46,2019-05-08,109.44000000000004,FORAKER 1207 10UMH-11
47,2019-05-09,134.78,FORAKER 1207 10UMH-11
48,2019-05-10,177.93000000000004,FORAKER 1207 10UMH-11
49,2019-05-11,183.47,FORAKER 1207 10UMH-11
50,2019-05-12,186.30999999999997,FORAKER 1207 10UMH-11
51,2019-05-13,179.38999999999996,FORAKER 1207 10UMH-11
52,2019-05-14,175.38999999999996,FORAKER 1207 10UMH-11
53,2019-05-15,162.54,FORAKER 1207 10UMH-11
54,2019-05-16,152.53,FORAKER 1207 10UMH-11
55,2019-05-17,142.45000000000002,FORAKER 1207 10UMH-11
56,2019-05-18,148.43000000000004,FORAKER 1207 10UMH-11
57,2019-05-19,140.93000000000004,FORAKER 1207 10UMH-11
58,2019-05-20,134.93000000000004,FORAKER 1207 10UMH-11
59,2019-05-21,131.11999999999998,FORAKER 1207 10UMH-11
60,2019-05-22,133.17000000000002,FORAKER 1207 10UMH-11
61,2019-05-23,113.98,FORAKER 1207 10UMH-11
62,2019-05-24,107.85999999999997,FORAKER 1207 10UMH-11
63,2019-05-25,105.08999999999999,FORAKER 1207 10UMH-11
64,2019-05-26,102.14999999999999,FORAKER 1207 10UMH-11
65,2019-05-27,98.33,FORAKER 1207 10UMH-11
66,2019-05-28,93.27,FORAKER 1207 10UMH-11
67,2019-05-29,86.38,FORAKER 1207 10UMH-11
68,2019-05-30,86.87,FORAKER 1207 10UMH-11
69,2019-05-31,80.38,FORAKER 1207 10UMH-11
70,2019-06-01,92.36,FORAKER 1207 10UMH-11
71,2019-06-02,75.94000000000001,FORAKER 1207 10UMH-11
72,2019-06-03,72.01,FORAKER 1207 10UMH-11
73,2019-06-04,60.79999999999999,FORAKER 1207 10UMH-11
74,2019-06-05,64.58000000000001,FORAKER 1207 10UMH-11
75,2019-06-06,50.93,FORAKER 1207 10UMH-11
76,2019-06-07,38.18,FORAKER 1207 10UMH-11
77,2019-06-08,32.779999999999994,FORAKER 1207 10UMH-11
78,2019-06-09,35.62,FORAKER 1207 10UMH-11
79,2019-06-10,33.89999999999999,FORAKER 1207 10UMH-11
80,2019-06-11,33.040000000000006,FORAKER 1207 10UMH-11
81,2019-06-12,31.699999999999992,FORAKER 1207 10UMH-11
82,2019-06-13,27.87,FORAKER 1207 10UMH-11
83,2019-06-14,24.23,FORAKER 1207 10UMH-11
84,2019-06-15,26.930000000000003,FORAKER 1207 10UMH-11
85,2019-06-16,21.91,FORAKER 1207 10UMH-11
86,2019-06-17,34.57,FORAKER 1207 10UMH-11
87,2019-06-18,36.449999999999996,FORAKER 1207 10UMH-11
88,2019-06-19,33.36000000000001,FORAKER 1207 10UMH-11
89,2019-06-20,26.839999999999993,FORAKER 1207 10UMH-11
90,2019-06-21,32.290000000000006,FORAKER 1207 10UMH-11
91,2019-06-22,25.170000000000005,FORAKER 1207 10UMH-11
92,2019-06-23,16.770000000000003,FORAKER 1207 10UMH-11
93,2019-06-24,22.889999999999997,FORAKER 1207 10UMH-11
94,2019-06-25,28.56,FORAKER 1207 10UMH-11
95,2019-06-26,24.31,FORAKER 1207 10UMH-11
96,2019-06-27,20.41,FORAKER 1207 10UMH-11
97,2019-06-28,16.38,FORAKER 1207 10UMH-11
98,2019-06-29,7.4099999999999975,FORAKER 1207 10UMH-11
99,2019-06-30,7.3400000000000025,FORAKER 1207 10UMH-11
100,2019-07-01,4.79,FORAKER 1207 10UMH-11
101,2019-07-02,1.9899999999999995,FORAKER 1207 10UMH-11
102,2019-07-03,24.509999999999994,FORAKER 1207 10UMH-11
103,2019-07-04,100.39999999999999,FORAKER 1207 10UMH-11
104,2019-07-05,22.360000000000003,FORAKER 1207 10UMH-11
105,2019-07-06,16.389999999999997,FORAKER 1207 10UMH-11
106,2019-07-07,12.289999999999997,FORAKER 1207 10UMH-11
107,2019-07-08,16.930000000000003,FORAKER 1207 10UMH-11
108,2019-07-09,17.569999999999997,FORAKER 1207 10UMH-11
109,2019-07-10,19.139999999999997,FORAKER 1207 10UMH-11
110,2019-07-11,16.920000000000005,FORAKER 1207 10UMH-11
111,2019-07-12,9.930000000000001,FORAKER 1207 10UMH-11
112,2019-07-13,16.099999999999998,FORAKER 1207 10UMH-11
113,2019-07-14,12.24,FORAKER 1207 10UMH-11
114,2019-07-15,11.099999999999996,FORAKER 1207 10UMH-11
115,2019-07-16,10.92,FORAKER 1207 10UMH-11
116,2019-07-17,10.370000000000001,FORAKER 1207 10UMH-11
117,2019-07-18,7.989999999999999,FORAKER 1207 10UMH-11
118,2019-07-19,9.099999999999998,FORAKER 1207 10UMH-11
119,2019-07-20,9.67,FORAKER 1207 10UMH-11
120,2019-07-21,7.829999999999999,FORAKER 1207 10UMH-11
121,2019-07-22,6.3500000000000005,FORAKER 1207 10UMH-11
122,2019-07-23,6.07,FORAKER 1207 10UMH-11
123,2019-07-24,6.480000000000003,FORAKER 1207 10UMH-11
124,2019-07-25,0.0,FORAKER 1207 10UMH-11
125,2019-07-26,31.680000000000003,FORAKER 1207 10UMH-11
126,2019-07-27,39.720000000000006,FORAKER 1207 10UMH-11
127,2019-07-28,42.07,FORAKER 1207 10UMH-11
128,2019-07-29,35.459999999999994,FORAKER 1207 10UMH-11
129,2019-07-30,38.029999999999994,FORAKER 1207 10UMH-11
130,2019-07-31,35.32,FORAKER 1207 10UMH-11
131,2019-08-01,43.79000000000001,FORAKER 1207 10UMH-11
132,2019-08-02,42.220000000000006,FORAKER 1207 10UMH-11
133,2019-08-03,37.050000000000004,FORAKER 1207 10UMH-11
134,2019-08-04,38.60000000000001,FORAKER 1207 10UMH-11
135,2019-08-05,39.63,FORAKER 1207 10UMH-11
136,2019-08-06,33.5,FORAKER 1207 10UMH-11
137,2019-08-07,32.949999999999996,FORAKER 1207 10UMH-11
138,2019-08-08,28.959999999999997,FORAKER 1207 10UMH-11
139,2019-08-09,29.230000000000004,FORAKER 1207 10UMH-11
140,2019-08-10,29.44,FORAKER 1207 10UMH-11
141,2019-08-11,27.920000000000012,FORAKER 1207 10UMH-11
142,2019-08-12,28.13999999999999,FORAKER 1207 10UMH-11
143,2019-08-13,29.170000000000012,FORAKER 1207 10UMH-11
144,2019-08-14,28.399999999999995,FORAKER 1207 10UMH-11
145,2019-08-15,24.069999999999997,FORAKER 1207 10UMH-11
146,2019-08-16,1.1099999999999999,FORAKER 1207 10UMH-11
147,2019-08-17,0.0,FORAKER 1207 10UMH-11
148,2019-08-18,0.0,FORAKER 1207 10UMH-11
149,2019-08-19,17.900000000000002,FORAKER 1207 10UMH-11
150,2019-08-20,0.0,FORAKER 1207 10UMH-11
151,2019-08-21,10.94,FORAKER 1207 10UMH-11
152,2019-08-22,13.47,FORAKER 1207 10UMH-11
153,2019-08-23,11.409999999999998,FORAKER 1207 10UMH-11
154,2019-08-24,54.22000000000002,FORAKER 1207 10UMH-11
155,2019-08-25,24.670000000000005,FORAKER 1207 10UMH-11
156,2019-08-26,20.37,FORAKER 1207 10UMH-11
157,2019-08-27,8.64,FORAKER 1207 10UMH-11
158,2019-08-28,8.22,FORAKER 1207 10UMH-11
159,2019-08-29,14.129999999999997,FORAKER 1207 10UMH-11
160,2019-08-30,11.33,FORAKER 1207 10UMH-11
161,2019-08-31,8.150000000000002,FORAKER 1207 10UMH-11
162,2019-09-01,15.099999999999996,FORAKER 1207 10UMH-11
163,2019-09-02,2.09,FORAKER 1207 10UMH-11
164,2019-09-03,3.11,FORAKER 1207 10UMH-11
165,2019-09-04,3.0300000000000007,FORAKER 1207 10UMH-11
166,2019-09-05,3.100000000000001,FORAKER 1207 10UMH-11
167,2019-09-06,0.7999999999999999,FORAKER 1207 10UMH-11
168,2019-09-07,0.7199999999999999,FORAKER 1207 10UMH-11
169,2019-09-08,0.07999999999999999,FORAKER 1207 10UMH-11
170,2019-09-09,0.4400000000000001,FORAKER 1207 10UMH-11
171,2019-09-10,2.3299999999999996,FORAKER 1207 10UMH-11
172,2019-09-11,0.07000000000000002,FORAKER 1207 10UMH-11
173,2019-09-12,0.049999999999999996,FORAKER 1207 10UMH-11
174,2019-09-13,0.0,FORAKER 1207 10UMH-11
175,2019-09-14,0.03000000000000001,FORAKER 1207 10UMH-11
176,2019-09-15,12.930000000000005,FORAKER 1207 10UMH-11
177,2019-09-16,16.319999999999997,FORAKER 1207 10UMH-11
178,2019-09-17,16.490000000000002,FORAKER 1207 10UMH-11
179,2019-09-18,16.53,FORAKER 1207 10UMH-11
180,2019-09-19,15.19,FORAKER 1207 10UMH-11
181,2019-09-20,15.729999999999999,FORAKER 1207 10UMH-11
182,2019-09-21,14.729999999999999,FORAKER 1207 10UMH-11
183,2019-09-22,15.550000000000002,FORAKER 1207 10UMH-11
184,2019-09-23,15.580000000000004,FORAKER 1207 10UMH-11
0,2019-03-23,,FORAKER 1207 11SMH-11
1,2019-03-24,,FORAKER 1207 11SMH-11
2,2019-03-25,,FORAKER 1207 11SMH-11
3,2019-03-26,,FORAKER 1207 11SMH-11
4,2019-03-27,,FORAKER 1207 11SMH-11
5,2019-03-28,,FORAKER 1207 11SMH-11
6,2019-03-29,,FORAKER 1207 11SMH-11
7,2019-03-30,,FORAKER 1207 11SMH-11
8,2019-03-31,,FORAKER 1207 11SMH-11
9,2019-04-01,,FORAKER 1207 11SMH-11
10,2019-04-02,,FORAKER 1207 11SMH-11
11,2019-04-03,,FORAKER 1207 11SMH-11
12,2019-04-04,,FORAKER 1207 11SMH-11
13,2019-04-05,664.34,FORAKER 1207 11SMH-11
14,2019-04-06,2196.6699999999996,FORAKER 1207 11SMH-11
15,2019-04-07,2525.09,FORAKER 1207 11SMH-11
16,2019-04-08,2018.82,FORAKER 1207 11SMH-11
17,2019-04-09,2018.82,FORAKER 1207 11SMH-11
18,2019-04-10,1858.4239141077521,FORAKER 1207 11SMH-11
19,2019-04-11,1721.6389831955942,FORAKER 1207 11SMH-11
20,2019-04-12,1603.6090987752805,FORAKER 1207 11SMH-11
21,2019-04-13,1500.7243895128488,FORAKER 1207 11SMH-11
22,2019-04-14,1410.2455423170218,FORAKER 1207 11SMH-11
23,2019-04-15,1330.0562943389775,FORAKER 1207 11SMH-11
24,2019-04-16,1258.4958243969202,FORAKER 1207 11SMH-11
25,2019-04-17,1194.242488599987,FORAKER 1207 11SMH-11
26,2019-04-18,1136.231441644013,FORAKER 1207 11SMH-11
27,2019-04-19,1083.595155426781,FORAKER 1207 11SMH-11
28,2019-04-20,1035.6197386432352,FORAKER 1207 11SMH-11
29,2019-04-21,991.7123679402076,FORAKER 1207 11SMH-11
30,2019-04-22,951.3766670643889,FORAKER 1207 11SMH-11
31,2019-04-23,914.1938595746507,FORAKER 1207 11SMH-11
32,2019-04-24,879.8081749862785,FORAKER 1207 11SMH-11
33,2019-04-25,847.915429048938,FORAKER 1207 11SMH-11
34,2019-04-26,818.254000904703,FORAKER 1207 11SMH-11
35,2019-04-27,790.597640037127,FORAKER 1207 11SMH-11
36,2019-04-28,764.7496842465027,FORAKER 1207 11SMH-11
37,2019-04-29,740.5383759482977,FORAKER 1207 11SMH-11
38,2019-04-30,717.8130408605554,FORAKER 1207 11SMH-11
39,2019-05-01,696.4409493435027,FORAKER 1207 11SMH-11
40,2019-05-02,676.3047222284953,FORAKER 1207 11SMH-11
41,2019-05-03,657.3001740330736,FORAKER 1207 11SMH-11
42,2019-05-04,639.3345098781074,FORAKER 1207 11SMH-11
43,2019-05-05,622.3248102345257,FORAKER 1207 11SMH-11
44,2019-05-06,606.1967512842496,FORAKER 1207 11SMH-11
45,2019-05-07,590.8835192321144,FORAKER 1207 11SMH-11
46,2019-05-08,576.3248851178073,FORAKER 1207 11SMH-11
47,2019-05-09,562.466413111813,FORAKER 1207 11SMH-11
48,2019-05-10,549.2587803544105,FORAKER 1207 11SMH-11
49,2019-05-11,543.2587803544105,FORAKER 1207 11SMH-11
50,2019-05-12,537.2587803544105,FORAKER 1207 11SMH-11
51,2019-05-13,531.2587803544105,FORAKER 1207 11SMH-11
52,2019-05-14,525.2587803544105,FORAKER 1207 11SMH-11
53,2019-05-15,519.2587803544105,FORAKER 1207 11SMH-11
54,2019-05-16,513.2587803544105,FORAKER 1207 11SMH-11
55,2019-05-17,507.25878035441053,FORAKER 1207 11SMH-11
56,2019-05-18,501.25878035441053,FORAKER 1207 11SMH-11
57,2019-05-19,495.25878035441053,FORAKER 1207 11SMH-11
58,2019-05-20,489.25878035441053,FORAKER 1207 11SMH-11
59,2019-05-21,483.25878035441053,FORAKER 1207 11SMH-11
60,2019-05-22,477.25878035441053,FORAKER 1207 11SMH-11
61,2019-05-23,471.25878035441053,FORAKER 1207 11SMH-11
62,2019-05-24,465.25878035441053,FORAKER 1207 11SMH-11
63,2019-05-25,459.25878035441053,FORAKER 1207 11SMH-11
64,2019-05-26,453.25878035441053,FORAKER 1207 11SMH-11
65,2019-05-27,447.25878035441053,FORAKER 1207 11SMH-11
66,2019-05-28,441.25878035441053,FORAKER 1207 11SMH-11
67,2019-05-29,435.25878035441053,FORAKER 1207 11SMH-11
68,2019-05-30,429.25878035441053,FORAKER 1207 11SMH-11
69,2019-05-31,414.8100000000001,FORAKER 1207 11SMH-11
70,2019-06-01,409.68,FORAKER 1207 11SMH-11
71,2019-06-02,398.8000000000001,FORAKER 1207 11SMH-11
72,2019-06-03,385.9899999999999,FORAKER 1207 11SMH-11
73,2019-06-04,372.51000000000005,FORAKER 1207 11SMH-11
74,2019-06-05,361.65000000000003,FORAKER 1207 11SMH-11
75,2019-06-06,358.6999999999999,FORAKER 1207 11SMH-11
76,2019-06-07,345.4299999999999,FORAKER 1207 11SMH-11
77,2019-06-08,336.86999999999995,FORAKER 1207 11SMH-11
78,2019-06-09,328.92,FORAKER 1207 11SMH-11
79,2019-06-10,323.27,FORAKER 1207 11SMH-11
80,2019-06-11,375.5,FORAKER 1207 11SMH-11
81,2019-06-12,314.02,FORAKER 1207 11SMH-11
82,2019-06-13,299.34000000000003,FORAKER 1207 11SMH-11
83,2019-06-14,291.71,FORAKER 1207 11SMH-11
84,2019-06-15,286.11999999999995,FORAKER 1207 11SMH-11
85,2019-06-16,275.54,FORAKER 1207 11SMH-11
86,2019-06-17,265.84999999999997,FORAKER 1207 11SMH-11
87,2019-06-18,284.84000000000003,FORAKER 1207 11SMH-11
88,2019-06-19,277.5299999999999,FORAKER 1207 11SMH-11
89,2019-06-20,306.92999999999995,FORAKER 1207 11SMH-11
90,2019-06-21,290.76000000000005,FORAKER 1207 11SMH-11
91,2019-06-22,272.61000000000007,FORAKER 1207 11SMH-11
92,2019-06-23,260.11000000000007,FORAKER 1207 11SMH-11
93,2019-06-24,243.03000000000006,FORAKER 1207 11SMH-11
94,2019-06-25,258.2799999999999,FORAKER 1207 11SMH-11
95,2019-06-26,244.63000000000008,FORAKER 1207 11SMH-11
96,2019-06-27,233.65999999999997,FORAKER 1207 11SMH-11
97,2019-06-28,231.71,FORAKER 1207 11SMH-11
98,2019-06-29,292.82000000000005,FORAKER 1207 11SMH-11
99,2019-06-30,264.9700000000001,FORAKER 1207 11SMH-11
100,2019-07-01,208.77,FORAKER 1207 11SMH-11
101,2019-07-02,202.97,FORAKER 1207 11SMH-11
102,2019-07-03,197.81999999999996,FORAKER 1207 11SMH-11
103,2019-07-04,204.51,FORAKER 1207 11SMH-11
104,2019-07-05,186.49,FORAKER 1207 11SMH-11
105,2019-07-06,183.92000000000004,FORAKER 1207 11SMH-11
106,2019-07-07,175.09999999999994,FORAKER 1207 11SMH-11
107,2019-07-08,174.44000000000003,FORAKER 1207 11SMH-11
108,2019-07-09,172.05999999999997,FORAKER 1207 11SMH-11
109,2019-07-10,165.44000000000003,FORAKER 1207 11SMH-11
110,2019-07-11,168.27,FORAKER 1207 11SMH-11
111,2019-07-12,164.13000000000002,FORAKER 1207 11SMH-11
112,2019-07-13,166.16000000000003,FORAKER 1207 11SMH-11
113,2019-07-14,157.70000000000002,FORAKER 1207 11SMH-11
114,2019-07-15,150.41000000000003,FORAKER 1207 11SMH-11
115,2019-07-16,147.80999999999997,FORAKER 1207 11SMH-11
116,2019-07-17,148.97,FORAKER 1207 11SMH-11
117,2019-07-18,142.40000000000003,FORAKER 1207 11SMH-11
118,2019-07-19,149.86999999999998,FORAKER 1207 11SMH-11
119,2019-07-20,158.68000000000004,FORAKER 1207 11SMH-11
120,2019-07-21,147.56999999999996,FORAKER 1207 11SMH-11
121,2019-07-22,150.28,FORAKER 1207 11SMH-11
122,2019-07-23,148.41000000000003,FORAKER 1207 11SMH-11
123,2019-07-24,75.19000000000001,FORAKER 1207 11SMH-11
124,2019-07-25,179.91000000000005,FORAKER 1207 11SMH-11
125,2019-07-26,130.13999999999996,FORAKER 1207 11SMH-11
126,2019-07-27,149.63000000000002,FORAKER 1207 11SMH-11
127,2019-07-28,138.13999999999996,FORAKER 1207 11SMH-11
128,2019-07-29,140.04,FORAKER 1207 11SMH-11
129,2019-07-30,134.45000000000002,FORAKER 1207 11SMH-11
130,2019-07-31,202.42000000000004,FORAKER 1207 11SMH-11
131,2019-08-01,186.34999999999994,FORAKER 1207 11SMH-11
132,2019-08-02,171.18000000000004,FORAKER 1207 11SMH-11
133,2019-08-03,162.36999999999998,FORAKER 1207 11SMH-11
134,2019-08-04,153.79999999999998,FORAKER 1207 11SMH-11
135,2019-08-05,145.02,FORAKER 1207 11SMH-11
136,2019-08-06,136.83999999999997,FORAKER 1207 11SMH-11
137,2019-08-07,133.19000000000003,FORAKER 1207 11SMH-11
138,2019-08-08,125.77,FORAKER 1207 11SMH-11
139,2019-08-09,130.54,FORAKER 1207 11SMH-11
140,2019-08-10,121.06999999999995,FORAKER 1207 11SMH-11
141,2019-08-11,112.52,FORAKER 1207 11SMH-11
142,2019-08-12,121.09999999999998,FORAKER 1207 11SMH-11
143,2019-08-13,116.10999999999997,FORAKER 1207 11SMH-11
144,2019-08-14,91.08000000000003,FORAKER 1207 11SMH-11
145,2019-08-15,44.279999999999994,FORAKER 1207 11SMH-11
146,2019-08-16,67.59000000000002,FORAKER 1207 11SMH-11
147,2019-08-17,17.180000000000003,FORAKER 1207 11SMH-11
148,2019-08-18,10.53,FORAKER 1207 11SMH-11
149,2019-08-19,8.39,FORAKER 1207 11SMH-11
150,2019-08-20,8.38,FORAKER 1207 11SMH-11
151,2019-08-21,10.0,FORAKER 1207 11SMH-11
152,2019-08-22,19.449999999999996,FORAKER 1207 11SMH-11
153,2019-08-23,17.699999999999996,FORAKER 1207 11SMH-11
154,2019-08-24,14.900000000000004,FORAKER 1207 11SMH-11
155,2019-08-25,4.79,FORAKER 1207 11SMH-11
156,2019-08-26,11.61,FORAKER 1207 11SMH-11
157,2019-08-27,39.959999999999994,FORAKER 1207 11SMH-11
158,2019-08-28,4.04,FORAKER 1207 11SMH-11
159,2019-08-29,3.4600000000000004,FORAKER 1207 11SMH-11
160,2019-08-30,3.39,FORAKER 1207 11SMH-11
161,2019-08-31,16.829999999999995,FORAKER 1207 11SMH-11
162,2019-09-01,27.990000000000006,FORAKER 1207 11SMH-11
163,2019-09-02,31.589999999999993,FORAKER 1207 11SMH-11
164,2019-09-03,60.05999999999998,FORAKER 1207 11SMH-11
165,2019-09-04,70.19000000000001,FORAKER 1207 11SMH-11
166,2019-09-05,80.77999999999999,FORAKER 1207 11SMH-11
167,2019-09-06,79.64999999999999,FORAKER 1207 11SMH-11
168,2019-09-07,71.21000000000001,FORAKER 1207 11SMH-11
169,2019-09-08,67.18000000000002,FORAKER 1207 11SMH-11
170,2019-09-09,65.62,FORAKER 1207 11SMH-11
171,2019-09-10,91.29999999999997,FORAKER 1207 11SMH-11
172,2019-09-11,63.95000000000001,FORAKER 1207 11SMH-11
173,2019-09-12,47.90999999999999,FORAKER 1207 11SMH-11
174,2019-09-13,61.159999999999975,FORAKER 1207 11SMH-11
175,2019-09-14,63.26999999999999,FORAKER 1207 11SMH-11
176,2019-09-15,69.77999999999999,FORAKER 1207 11SMH-11
177,2019-09-16,67.77,FORAKER 1207 11SMH-11
178,2019-09-17,68.23,FORAKER 1207 11SMH-11
179,2019-09-18,68.95000000000002,FORAKER 1207 11SMH-11
180,2019-09-19,69.20000000000002,FORAKER 1207 11SMH-11
181,2019-09-20,68.44000000000001,FORAKER 1207 11SMH-11
182,2019-09-21,73.04999999999998,FORAKER 1207 11SMH-11
183,2019-09-22,70.98,FORAKER 1207 11SMH-11
184,2019-09-23,71.47000000000001,FORAKER 1207 11SMH-11
