,Date,BHP,BHP at gauge,Casing Pressure,Choke,Gas Rate,Injection Rate,Measured BHP,Measured BHT,Oil Rate,Tubing Pressure,Water Rate,Cum Oil,Mat Bal Time,Delta P,Rate N,Cum Water,Cum Liquid,Rate P
0,2018-09-23,0.0,,0.0,0.0,0.0,0.0,0.0,0.0,0.0,0.0,0.0,0.0,,9985.888672,0.0,0.0,0.0,inf
1,2018-09-24,7750.1,,3930.0,25.0,1011.0,0.0,0.0,0.0,436.0,0.0,518.0,436.0,1.0,2235.7886719999988,0.44938527485986157,518.0,954.0,491.8735078399998
2,2018-09-25,7972.0,,3930.0,25.0,3758.37,0.0,0.0,0.0,1470.0,0.0,2918.0,1906.0,1.2965986394557822,2013.8886719999991,2.3082588111520255,3436.0,5342.0,96.32519473093889
3,2018-09-26,7947.05,,3839.0,28.0,3397.12,0.0,0.0,0.0,1376.0,0.0,2860.0,3282.0,2.385174418604651,2038.838671999999,2.1994340455359693,6296.0,9578.0,101.01781408861187
4,2018-09-27,7630.15,,3515.0,35.0,4175.96,0.0,0.0,0.0,1684.0,0.0,3570.0,4966.0,2.9489311163895486,2355.7386719999995,2.3425552310676143,9866.0,14832.0,94.10400313653597
5,2018-09-28,7466.37,,3373.0,42.0,4797.87,0.0,0.0,0.0,1916.0,0.0,3975.0,6882.0,3.5918580375782883,2519.5186719999992,2.447821227193212,13841.0,20723.0,89.76346611430316
6,2018-09-29,7170.52,,3061.0,52.0,7939.39,0.0,0.0,0.0,3027.0,0.0,6263.0,9909.0,3.273538156590684,2815.3686719999987,3.437583256860366,20104.0,30013.0,63.604906015001056
7,2018-09-30,7028.35,,2821.0,57.0,8585.28,0.0,0.0,0.0,3506.0,0.0,7257.0,13415.0,3.8262977752424416,2957.5386719999988,3.7835937637319184,27361.0,40776.0,57.6724162853628
8,2018-10-01,7057.98,,2821.0,57.0,9514.97,0.0,0.0,0.0,3807.0,0.0,8027.0,17222.0,4.523771998949304,2927.9086719999996,4.203877769962557,35388.0,52610.0,51.92745243192158
9,2018-10-02,7054.77,,2821.0,57.0,9524.85,0.0,0.0,0.0,3680.0,0.0,8084.0,20902.0,5.6798913043478265,2931.1186719999987,4.174251214414722,43472.0,64374.0,52.293708507256014
10,2018-10-03,6374.87,,2200.0,64.0,10244.41,0.0,0.0,0.0,3884.0,0.0,8233.0,24786.0,6.3815653964984556,3611.0186719999992,3.4638506859379152,51705.0,76491.0,62.546884449893525
11,2018-10-04,6134.53,,1975.0,64.0,10992.37,0.0,0.0,0.0,4075.0,0.0,8675.0,28861.0,7.082453987730061,3851.3586719999994,3.4104861079532536,60380.0,89241.0,63.397894751322355
12,2018-10-05,6623.58,,2427.0,49.0,10002.98,0.0,0.0,0.0,3738.0,0.0,8208.0,32599.0,8.720973782771535,3362.308671999999,3.676348394482708,68588.0,101187.0,59.07260539756905
13,2018-10-06,6434.95,,2249.0,57.0,9924.92,0.0,0.0,0.0,3213.0,0.0,8488.0,35812.0,11.145969498910675,3550.9386719999993,3.4033827314902343,77076.0,112888.0,63.69293295268438
14,2018-10-07,5935.55,,1790.0,64.0,10688.26,0.0,0.0,0.0,3936.0,0.0,8665.0,39748.0,10.098577235772357,4050.338671999999,3.2002946069156435,85741.0,125489.0,67.4617157748877
15,2018-10-08,5909.24,,1780.0,64.0,10963.7,0.0,0.0,0.0,4135.0,0.0,8596.0,43883.0,10.612575574365176,4076.6486719999994,3.211849355157729,94337.0,138220.0,67.20658418658078
16,2018-10-09,5924.74,,1780.0,64.0,11220.49,0.0,0.0,0.0,4266.0,0.0,8803.0,48149.0,11.286685419596813,4061.1486719999994,3.3100656998272653,103140.0,151289.0,65.21951819415104
17,2018-10-10,5817.96,,1697.0,64.0,11087.84,0.0,0.0,0.0,4225.0,0.0,8671.0,52374.0,12.39621301775148,4167.928671999999,3.1802398989898992,111811.0,164185.0,67.8322634676923
18,2018-10-11,5777.86,,1666.0,64.0,10848.91,0.0,0.0,0.0,4163.0,0.0,8535.0,56537.0,13.580831131395628,4208.0286719999995,3.100748692352398,120346.0,176883.0,69.5527687572342
19,2018-10-12,5740.37,,1640.0,64.0,10549.81,0.0,0.0,0.0,4060.0,0.0,8354.0,60597.0,14.92536945812808,4245.518671999999,3.003898243975386,128700.0,189297.0,71.77778789103914
20,2018-10-13,5716.73,,1623.0,64.0,10204.93,0.0,0.0,0.0,3957.0,0.0,8164.0,64554.0,16.313874147081123,4269.158672,2.916316793663549,136864.0,201418.0,73.922202960099
21,2018-10-14,5681.24,,1602.0,64.0,9855.51,0.0,0.0,0.0,3788.0,0.0,7955.0,68342.0,18.041710665258712,4304.648671999999,2.80144855621505,144819.0,213161.0,76.93601833256919
22,2018-10-15,5648.05,,1563.0,64.0,9641.42,0.0,0.0,0.0,3765.0,0.0,7929.0,72107.0,19.151925630810094,4337.838671999999,2.7678434064308455,152748.0,224855.0,77.8540773455926
23,2018-10-16,5633.12,,1563.0,64.0,9573.52,0.0,0.0,0.0,3693.0,0.0,7818.0,75800.0,20.525318169509884,4352.768671999999,2.7149353283583495,160566.0,236366.0,79.36400737376074
24,2018-10-17,5628.83,,1563.0,64.0,9121.43,0.0,0.0,0.0,3525.0,0.0,7560.0,79325.0,22.50354609929078,4357.058671999999,2.611818093997177,168126.0,247451.0,82.4952164257429
25,2018-10-18,5559.23,,1517.0,64.0,9460.35,0.0,0.0,0.0,3647.0,0.0,7643.0,82972.0,22.75075404442007,4426.658672,2.6172002679790527,175769.0,258741.0,82.29115341712667
26,2018-10-19,5506.09,,1493.0,64.0,9509.24,0.0,0.0,0.0,3648.0,0.0,7518.0,86620.0,23.74451754385965,4479.798671999999,2.5569567497383736,183287.0,269907.0,84.20384607552927
27,2018-10-20,5472.29,,1466.0,64.0,9311.21,0.0,0.0,0.0,3583.0,0.0,7421.0,90203.0,25.17527211833659,4513.598671999999,2.5005056002326898,190708.0,280911.0,86.08815787707742
28,2018-10-21,5430.06,,1433.0,64.0,9138.85,0.0,0.0,0.0,3512.0,0.0,7345.0,93715.0,26.684225512528474,4555.828671999999,2.443652176261665,198053.0,291768.0,88.07012265629177
29,2018-10-22,5408.26,,1420.0,64.0,8996.85,0.0,0.0,0.0,3452.0,0.0,7247.0,97167.0,28.14803012746234,4577.628671999999,2.3963321492404934,205300.0,302467.0,89.79836486394615
30,2018-10-23,5381.3,,1420.0,64.0,9064.39,0.0,0.0,0.0,3489.0,0.0,7087.0,100656.0,28.849527085124677,4604.588671999999,2.3545650867154975,212387.0,313043.0,91.37774872157337
31,2018-10-24,5263.89,,1420.0,64.0,9652.08,0.0,0.0,0.0,3787.0,0.0,6510.0,104443.0,27.579350409294957,4721.998671999999,2.23405386289327,218897.0,323340.0,96.2467787976459
32,2018-10-25,5172.93,,1376.0,64.0,9508.68,0.0,0.0,0.0,3712.0,0.0,6266.0,108155.0,29.13658405172414,4812.958671999999,2.1229471050431163,225163.0,333318.0,101.23709822402884
33,2018-10-26,5039.62,,1282.0,64.0,8737.82,0.0,0.0,0.0,3459.0,0.0,5895.0,111614.0,32.26770742989303,4946.268671999999,1.935291659252945,231058.0,342672.0,110.98170503307247
34,2018-10-27,5241.7,,1420.0,64.0,8721.41,0.0,0.0,0.0,3487.0,0.0,5920.0,115101.0,33.00860338399771,4744.188671999999,2.031179150562477,236978.0,352079.0,105.84780679061974
35,2018-10-28,5052.28,,1282.0,64.0,8394.95,0.0,0.0,0.0,3385.0,0.0,5768.0,118486.0,35.00324963072378,4933.608671999999,1.8986790354967722,242746.0,361232.0,113.12856856542773
36,2018-10-29,4993.34,,1240.0,64.0,8135.14,0.0,0.0,0.0,3295.0,0.0,5648.0,121781.0,36.95933232169954,4992.548671999999,1.832709656000623,248394.0,370175.0,117.16830093697416
37,2018-10-30,5278.74,,1450.0,64.0,7844.52,0.0,0.0,0.0,3243.0,0.0,5403.0,125024.0,38.55195806352143,4707.148671999999,1.8819135181726763,253797.0,378821.0,114.26513570198473
38,2018-10-31,4887.26,,1171.0,64.0,6481.07,0.0,0.0,0.0,2644.0,0.0,4752.0,127668.0,48.28593040847201,5098.628671999999,1.4834307444832664,258549.0,386217.0,144.6863420334451
39,2018-11-01,4860.54,,1148.0,64.0,7617.18,0.0,0.0,0.0,3067.0,0.0,5444.0,130735.0,42.62634496250408,5125.348671999999,1.6979686620940615,263993.0,394728.0,126.39033947589708
40,2018-11-02,4815.07,,1124.0,64.0,7497.89,0.0,0.0,0.0,3028.0,0.0,5336.0,133763.0,44.175363276089826,5170.818671999999,1.653640916343247,269329.0,403092.0,129.75268087988522
41,2018-11-03,5350.13,,1499.0,64.0,7369.74,0.0,0.0,0.0,2980.0,0.0,5248.0,136743.0,45.886912751677855,4635.758671999999,1.8191988715129996,274577.0,411320.0,118.2490313659893
42,2018-11-04,4758.15,,1095.0,64.0,7254.31,0.0,0.0,0.0,2936.0,0.0,5151.0,139679.0,47.57459128065395,5227.7386719999995,1.5810825341896633,279728.0,419407.0,135.6742664126821
43,2018-11-05,4725.86,,1088.0,64.0,5852.3,0.0,0.0,0.0,2368.0,0.0,4267.0,142047.0,59.986064189189186,5260.0286719999995,1.2890653838830883,283995.0,426042.0,166.3865588062336
44,2018-11-06,4691.84,,1059.0,64.0,7323.75,0.0,0.0,0.0,2939.0,0.0,5169.0,144986.0,49.33174549166383,5294.048671999999,1.5649005242069345,289164.0,434150.0,137.0393358755994
45,2018-11-07,4635.7,,1035.0,64.0,7178.33,0.0,0.0,0.0,3107.0,0.0,4834.0,148093.0,47.66430640489218,5350.188671999999,1.5162392836003284,293998.0,442091.0,141.4050621432263
46,2018-11-08,4627.95,,1028.0,64.0,6068.88,0.0,0.0,0.0,2452.0,0.0,4413.0,150545.0,61.3968189233279,5357.938671999999,1.308853109121934,298411.0,448956.0,163.80541419946977
47,2018-11-09,4749.95,,1106.0,59.0,6992.47,0.0,0.0,0.0,2859.0,0.0,4860.0,153404.0,53.65652325988108,5235.938671999999,1.5067196299079648,303271.0,456675.0,142.3654370358026
48,2018-11-10,4814.58,,1106.0,59.0,4190.97,0.0,0.0,0.0,1783.0,0.0,3321.0,155187.0,87.03701626472238,5171.308671999999,1.009010718761985,306592.0,461779.0,212.6477790124138
49,2018-11-11,4740.38,,1003.0,64.0,5319.95,0.0,0.0,0.0,2437.0,0.0,4381.0,157624.0,64.67952400492409,5245.508671999999,1.3283664093581835,310973.0,468597.0,161.47365210902902
50,2018-11-12,4604.73,,931.0,64.0,6018.4,0.0,0.0,0.0,2600.0,0.0,4914.0,160224.0,61.62461538461538,5381.158672,1.426274659423302,315887.0,476111.0,150.3057735000479
51,2018-11-13,4570.94,,926.0,64.0,5863.94,0.0,0.0,0.0,2776.0,0.0,4496.0,163000.0,58.71757925072046,5414.9486719999995,1.3715423816403434,320383.0,483383.0,156.28292454336636
52,2018-11-14,4571.73,,921.0,64.0,5712.36,0.0,0.0,0.0,2556.0,0.0,4575.0,165556.0,64.77151799687012,5414.158672,1.3451493698679748,324958.0,490514.0,159.34982780526715
53,2018-11-15,4511.45,,908.0,64.0,5687.34,0.0,0.0,0.0,2442.0,0.0,4485.0,167998.0,68.7952497952498,5474.438671999999,1.291977133478192,329443.0,497441.0,165.869090295851
54,2018-11-16,4502.16,,923.0,64.0,4268.61,0.0,0.0,0.0,1939.0,0.0,3295.0,169937.0,87.64156781846313,5483.728671999999,0.9745216763113405,332738.0,502675.0,219.89395752376004
55,2018-11-17,4510.62,,892.0,64.0,5605.36,0.0,0.0,0.0,2495.0,0.0,4483.0,172432.0,69.11102204408817,5475.268671999999,1.301287860987099,337221.0,509653.0,164.68176968749785
56,2018-11-18,4397.67,,863.0,64.0,5594.42,0.0,0.0,0.0,2492.0,0.0,4233.0,174924.0,70.19422150882825,5588.218671999999,1.2282364715916667,341454.0,516378.0,174.40228027945872
57,2018-11-19,4418.43,,874.0,64.0,5356.88,0.0,0.0,0.0,2381.0,0.0,4086.0,177305.0,74.46661066778664,5567.458671999999,1.1856113314156753,345540.0,522845.0,180.68628824483685
58,2018-11-20,4384.57,,850.0,64.0,5437.92,0.0,0.0,0.0,2425.0,0.0,4184.0,179730.0,74.11546391752577,5601.318671999999,1.20416949838114,349724.0,529454.0,177.87937099097596
59,2018-11-21,4440.35,,844.0,64.0,5073.07,0.0,0.0,0.0,2386.0,0.0,4105.0,182116.0,76.32690695725063,5545.538671999999,1.1948128445602055,353829.0,535945.0,179.30945254650436
60,2018-11-22,4572.61,,836.0,64.0,5041.84,0.0,0.0,0.0,2224.0,0.0,4841.0,184340.0,82.88669064748201,5413.2786719999995,1.3329207850743057,358670.0,543010.0,160.81230398858597
61,2018-11-23,4316.01,,816.0,51.0,4995.22,0.0,0.0,0.0,2280.0,809.0,3909.0,186620.0,81.85087719298245,5669.878671999999,1.1137324342854675,362579.0,549199.0,192.2756722700533
62,2018-11-24,4279.7,,805.0,53.0,5108.23,0.0,0.0,0.0,2285.0,0.0,3917.0,188905.0,82.67177242888403,5706.188671999999,1.108826631863122,366496.0,555401.0,193.1013993033473
63,2018-11-25,4249.46,,793.0,53.0,5045.51,0.0,0.0,0.0,2252.0,0.0,3865.0,191157.0,84.88321492007105,5736.428671999999,1.0877489979621378,370361.0,561518.0,196.82224124233446
64,2018-11-26,4214.4,,783.0,53.0,5017.71,0.0,0.0,0.0,2219.0,0.0,3815.0,193376.0,87.14556106354213,5771.4886719999995,1.0663414978970063,374176.0,567552.0,200.74909553850847
65,2018-11-27,4180.32,,773.0,53.0,4997.66,0.0,0.0,0.0,2193.0,0.0,3776.0,195569.0,89.17875056999544,5805.568671999999,1.0485395279551986,377952.0,573521.0,204.1334818025398
66,2018-11-28,4208.81,,761.0,53.0,4762.47,0.0,0.0,0.0,2167.0,0.0,3740.0,197736.0,91.248730964467,5777.078671999999,1.0428675591743921,381692.0,579428.0,205.26380085988822
67,2018-11-29,4177.32,,755.0,53.0,4766.24,0.0,0.0,0.0,2151.0,0.0,3694.0,199887.0,92.92747559274756,5808.568671999999,1.0262163604696892,385386.0,585273.0,208.57183796054062
68,2018-11-30,4159.38,,748.0,53.0,4662.27,0.0,0.0,0.0,2093.0,0.0,3630.0,201980.0,96.50262780697564,5826.508671999999,1.0016416912570314,389016.0,590996.0,213.67598114264544
69,2018-12-01,4138.62,,742.0,64.0,4676.85,0.0,0.0,0.0,2100.0,0.0,3614.0,204080.0,97.18095238095238,5847.268671999999,0.9964459976492663,392630.0,596710.0,214.77506980737837
70,2018-12-02,4106.3,,731.0,64.0,4641.91,0.0,0.0,0.0,2077.0,0.0,3572.0,206157.0,99.25710158883004,5879.588671999999,0.9795897133542582,396202.0,602359.0,218.44717126559743
71,2018-12-03,4097.62,,725.0,64.0,4589.11,0.0,0.0,0.0,2072.0,0.0,3536.0,208229.0,100.49662162162163,5888.268671999999,0.9710183572336366,399738.0,607967.0,220.3690850355492
72,2018-12-04,4071.57,,717.0,64.0,4558.15,0.0,0.0,0.0,2050.0,0.0,3501.0,210279.0,102.57512195121951,5914.318671999999,0.9568330566774054,403239.0,613518.0,223.61686234540804
73,2018-12-05,4078.22,,708.0,64.0,4418.01,0.0,0.0,0.0,2026.0,0.0,3458.0,212305.0,104.79022704837118,5907.668672,0.9463689734554201,406697.0,619002.0,226.09436558704598
74,2018-12-06,4331.76,,810.0,64.0,3389.63,0.0,0.0,0.0,1556.0,0.0,2792.0,213861.0,137.44280205655528,5654.128671999999,0.7846619168272806,409489.0,623350.0,272.92744380850047
75,2018-12-07,5706.44,,1708.0,64.0,3480.25,0.0,0.0,0.0,1458.0,0.0,3006.0,215319.0,147.68106995884773,4279.4486719999995,1.0713874275181443,412495.0,627814.0,201.20311094967744
76,2018-12-08,5854.59,,1765.0,64.0,2665.61,0.0,0.0,0.0,1092.0,0.0,2565.0,216411.0,198.17857142857142,4131.298671999999,0.9100614422122183,415060.0,631471.0,237.1006194365217
77,2018-12-09,4183.29,,717.0,64.0,3506.14,0.0,0.0,0.0,1625.0,0.0,3023.0,218036.0,134.176,5802.598671999999,0.8169133400472081,418083.0,636119.0,262.01579373480206
78,2018-12-10,4709.23,,1007.0,28.0,3061.97,0.0,0.0,0.0,1340.0,0.0,2604.0,219376.0,163.7134328358209,5276.658672,0.7637830499809247,420687.0,640063.0,280.797444746288
79,2018-12-11,4304.81,,726.0,64.0,2843.75,0.0,0.0,0.0,1301.0,0.0,2742.0,220677.0,169.62106072252115,5681.078671999999,0.7260887290124799,423429.0,644106.0,294.9158525054068
80,2018-12-12,4731.93,,1057.0,64.0,3607.41,0.0,0.0,0.0,1610.0,0.0,2822.0,222287.0,138.06645962732918,5253.958671999999,0.8620773496567835,426251.0,648538.0,248.80434252693138
81,2018-12-13,4931.17,,1086.0,64.0,2781.98,0.0,0.0,0.0,1330.0,0.0,2521.0,223617.0,168.1330827067669,5054.718671999999,0.7792659804161617,428772.0,652389.0,275.48282391050634
82,2018-12-14,3987.46,,697.0,64.0,3285.3,0.0,0.0,0.0,1470.0,0.0,2529.0,225087.0,153.1204081632653,5998.428671999999,0.6794618675601559,431301.0,656388.0,314.81625648396096
83,2018-12-15,4015.26,,710.0,64.0,4057.88,0.0,0.0,0.0,1885.0,0.0,2993.0,226972.0,120.40954907161803,5970.628671999999,0.8327443689887226,434294.0,661266.0,256.89125577682654
84,2018-12-16,3884.56,,694.0,64.0,4651.33,0.0,0.0,0.0,2090.0,0.0,3161.0,229062.0,109.59904306220096,6101.328672,0.8768560760398367,437455.0,666517.0,243.86723703663304
85,2018-12-17,3808.32,,653.0,64.0,4274.29,0.0,0.0,0.0,1826.0,0.0,3106.0,230888.0,126.4446878422782,6177.568671999999,0.8132333445457963,440561.0,671449.0,262.88485662598544
86,2018-12-18,5025.4,,1270.0,64.0,3871.87,0.0,0.0,0.0,1787.0,0.0,2832.0,232675.0,130.20425293788472,4960.4886719999995,0.9528426437824903,443393.0,676068.0,225.3967011213163
87,2018-12-19,3780.76,,636.0,64.0,3881.38,0.0,0.0,0.0,1799.0,0.0,2756.0,234474.0,130.33574207893275,6205.128671999999,0.7476724488857958,446149.0,680623.0,285.91271255309766
88,2018-12-20,4612.89,,1011.0,35.0,3397.39,0.0,0.0,0.0,1451.0,0.0,2608.0,235925.0,162.5947622329428,5372.998671999999,0.7716568664913852,448757.0,684682.0,277.8233459668292
89,2018-12-21,5540.66,,1571.0,35.0,1447.97,0.0,0.0,0.0,681.0,0.0,1176.0,236606.0,347.43906020558,4445.228671999999,0.4286367182631095,449933.0,686539.0,502.40419691941844
90,2018-12-22,4798.44,,1022.0,28.0,444.04,0.0,0.0,0.0,292.0,0.0,186.0,236898.0,811.2945205479452,5187.4486719999995,0.09419535880943372,450119.0,687017.0,2277.7023583250207
91,2018-12-23,4544.21,,861.0,28.0,2265.82,0.0,0.0,0.0,1104.0,0.0,2050.0,238002.0,215.58152173913044,5441.678671999999,0.5918792070995479,452169.0,690171.0,362.1114520226252
92,2018-12-24,4600.98,,981.0,57.0,2487.06,0.0,0.0,0.0,1232.0,0.0,1862.0,239234.0,194.18344155844156,5384.908672,0.5868718252206934,454031.0,693265.0,365.28268651563025
93,2018-12-25,6027.29,,2005.0,57.0,1945.47,0.0,0.0,0.0,924.0,0.0,1547.0,240158.0,259.9112554112554,3958.598671999999,0.6425341484407301,455578.0,695736.0,336.2325735650991
94,2018-12-26,4597.52,,920.0,42.0,1689.29,0.0,0.0,0.0,844.0,0.0,1403.0,241002.0,285.5473933649289,5388.368671999999,0.42593280611432516,456981.0,697983.0,503.29809384929234
95,2018-12-27,3756.93,,640.0,64.0,4024.98,0.0,0.0,0.0,1837.0,0.0,2789.0,242839.0,132.19324986390853,6228.958671999999,0.7563680598815906,459770.0,702609.0,282.60567360124514
96,2018-12-28,3570.85,,601.0,64.0,4604.79,0.0,0.0,0.0,2112.0,0.0,2907.0,244951.0,115.98058712121212,6415.038671999999,0.7963948811120015,462677.0,707628.0,268.2582818249372
97,2018-12-29,3512.08,,579.0,64.0,4344.35,0.0,0.0,0.0,2011.0,0.0,2757.0,246962.0,122.8055693684734,6473.808671999999,0.7495771051986191,465434.0,712396.0,284.96706461395974
98,2018-12-30,3493.55,,563.0,64.0,4141.54,0.0,0.0,0.0,1891.0,0.0,2739.0,248853.0,131.59862506610258,6492.338671999999,0.7257678953514801,468173.0,717026.0,294.30065669100645
99,2018-12-31,3465.98,,549.0,64.0,4008.5,0.0,0.0,0.0,1864.0,0.0,2660.0,250717.0,134.50482832618025,6519.908672,0.7061004960184297,470833.0,721550.0,302.4753386559151
100,2019-01-01,3441.37,,539.0,64.0,3917.55,0.0,0.0,0.0,1908.0,0.0,2534.0,252625.0,132.40303983228512,6544.518671999999,0.6906491822446253,473367.0,725992.0,309.2218772803602
101,2019-01-02,3391.47,,530.0,64.0,3864.6,0.0,0.0,0.0,1863.0,0.0,2472.0,254488.0,136.60118089103597,6594.418672,0.6688235648064577,475839.0,730327.0,319.2702631786298
102,2019-01-03,3352.05,,507.0,64.0,3556.4,0.0,0.0,0.0,1769.0,0.0,2309.0,256257.0,144.85980780101752,6633.838671999999,0.6253690029826943,478148.0,734405.0,341.41982846477686
103,2019-01-04,3949.41,,710.0,64.0,3089.24,0.0,0.0,0.0,1494.0,0.0,2130.0,257751.0,172.52409638554218,6036.478671999999,0.6117911604280513,480278.0,738029.0,349.59606613668876
104,2019-01-05,4615.28,,897.0,40.0,940.77,0.0,0.0,0.0,696.0,0.0,578.0,258447.0,371.3318965517241,5370.608671999999,0.2423103550588468,480856.0,739303.0,884.7592999053061
105,2019-01-06,4566.0,,771.0,44.0,1419.23,0.0,0.0,0.0,720.0,0.0,1527.0,259167.0,359.95416666666665,5419.888671999999,0.4234030525720746,482383.0,741550.0,506.2422049307343
106,2019-01-07,4481.59,,776.0,47.0,1705.93,0.0,0.0,0.0,802.0,0.0,1739.0,259969.0,324.15087281795513,5504.298671999999,0.47130528006588257,484122.0,744091.0,454.64077342753245
107,2019-01-08,4371.24,,765.0,47.0,2011.02,0.0,0.0,0.0,906.0,0.0,1924.0,260875.0,287.9415011037528,5614.648671999999,0.5143808526725993,486046.0,746921.0,416.3966301340495
108,2019-01-09,4321.2,,766.0,52.0,2077.15,0.0,0.0,0.0,1070.0,0.0,1765.0,261945.0,244.80841121495328,5664.688671999999,0.5106451961525992,487811.0,749756.0,419.3667931144127
109,2019-01-10,4292.92,,765.0,52.0,2103.91,0.0,0.0,0.0,1077.0,0.0,1747.0,263022.0,244.21727019498607,5692.968671999999,0.5060859342518387,489558.0,752580.0,423.10207679864016
110,2019-01-11,4293.28,,771.0,52.0,2108.2,0.0,0.0,0.0,1094.0,0.0,1713.0,264116.0,241.42230347349178,5692.608671999999,0.5030718387302588,491271.0,755387.0,425.6375874881938
111,2019-01-12,4242.99,,770.0,52.0,2188.59,0.0,0.0,0.0,1127.0,0.0,1701.0,265243.0,235.35314995563442,5742.898671999999,0.5023081664153349,492972.0,758215.0,426.2091843279208
112,2019-01-13,4246.61,,763.0,52.0,2127.66,0.0,0.0,0.0,1128.0,0.0,1656.0,266371.0,236.1445035460993,5739.2786719999995,0.4948110600225011,494628.0,760999.0,432.6723447124138
113,2019-01-14,4229.88,,760.0,52.0,2118.24,0.0,0.0,0.0,1181.0,0.0,1576.0,267552.0,226.54699407281964,5756.008671999999,0.4885595202653851,496204.0,763756.0,438.1832064125353
114,2019-01-15,4224.56,,758.0,52.0,2112.6,0.0,0.0,0.0,1098.0,0.0,1645.0,268650.0,244.672131147541,5761.328671999999,0.4856208085772355,497849.0,766499.0,440.8267085961939
115,2019-01-16,6032.58,,1988.0,52.0,1451.37,0.0,0.0,0.0,760.0,0.0,1132.0,269410.0,354.4868421052632,3953.308671999999,0.49265444925294627,498981.0,768391.0,438.5414503590697
116,2019-01-17,6125.7,,1988.0,52.0,0.39,0.0,0.0,0.0,46.0,0.0,0.0,269456.0,5857.739130434783,3860.1886719999993,0.012275505030288474,498981.0,768437.0,17612.530401725217
117,2019-01-18,0.0,,1988.0,52.0,0.0,0.0,0.0,0.0,0.0,0.0,0.0,269456.0,inf,9985.888672,0.0,498981.0,768437.0,inf
118,2019-01-19,0.0,,1988.0,52.0,0.0,0.0,0.0,0.0,0.0,0.0,0.0,269456.0,inf,9985.888672,0.0,498981.0,768437.0,inf
119,2019-01-20,0.0,,1988.0,52.0,0.0,0.0,0.0,0.0,0.0,0.0,0.0,269456.0,inf,9985.888672,0.0,498981.0,768437.0,inf
120,2019-01-21,0.0,,1988.0,52.0,0.0,0.0,0.0,0.0,0.0,0.0,0.0,269456.0,inf,9985.888672,0.0,498981.0,768437.0,inf
121,2019-01-22,0.0,,1988.0,52.0,0.0,0.0,0.0,0.0,0.0,0.0,0.0,269456.0,inf,9985.888672,0.0,498981.0,768437.0,inf
122,2019-01-23,0.0,,1988.0,52.0,0.0,0.0,0.0,0.0,0.0,0.0,0.0,269456.0,inf,9985.888672,0.0,498981.0,768437.0,inf
123,2019-01-24,0.0,,1988.0,52.0,0.0,0.0,0.0,0.0,0.0,0.0,0.0,269456.0,inf,9985.888672,0.0,498981.0,768437.0,inf
124,2019-01-25,0.0,,1988.0,52.0,0.0,0.0,0.0,0.0,0.0,0.0,0.0,269456.0,inf,9985.888672,0.0,498981.0,768437.0,inf
125,2019-01-26,0.0,,1988.0,52.0,0.0,0.0,0.0,0.0,0.0,0.0,0.0,269456.0,inf,9985.888672,0.0,498981.0,768437.0,inf
126,2019-01-27,0.0,,1988.0,52.0,0.0,0.0,0.0,0.0,0.0,0.0,0.0,269456.0,inf,9985.888672,0.0,498981.0,768437.0,inf
127,2019-01-28,0.0,,1988.0,52.0,0.0,0.0,0.0,0.0,0.0,0.0,0.0,269456.0,inf,9985.888672,0.0,498981.0,768437.0,inf
128,2019-01-29,0.0,,1988.0,52.0,0.0,0.0,0.0,0.0,0.0,0.0,0.0,269456.0,inf,9985.888672,0.0,498981.0,768437.0,inf
129,2019-01-30,0.0,,1988.0,52.0,0.0,0.0,0.0,0.0,0.0,0.0,0.0,269456.0,inf,9985.888672,0.0,498981.0,768437.0,inf
130,2019-01-31,0.0,,1988.0,52.0,0.0,0.0,0.0,0.0,0.0,0.0,0.0,269456.0,inf,9985.888672,0.0,498981.0,768437.0,inf
131,2019-02-01,0.0,,1988.0,52.0,0.0,0.0,0.0,0.0,0.0,0.0,0.0,269456.0,inf,9985.888672,0.0,498981.0,768437.0,inf
132,2019-02-02,0.0,,1988.0,52.0,0.0,0.0,0.0,0.0,0.0,0.0,0.0,269456.0,inf,9985.888672,0.0,498981.0,768437.0,inf
133,2019-02-03,0.0,,1988.0,52.0,0.0,0.0,0.0,0.0,0.0,0.0,0.0,269456.0,inf,9985.888672,0.0,498981.0,768437.0,inf
134,2019-02-04,0.0,,1988.0,52.0,0.0,0.0,0.0,0.0,0.0,0.0,0.0,269456.0,inf,9985.888672,0.0,498981.0,768437.0,inf
135,2019-02-05,6149.03,,1184.0,52.0,435.87,0.0,0.0,0.0,161.0,0.0,1317.0,269617.0,1674.6397515527951,3836.8586719999994,0.3968882670913031,500298.0,769915.0,544.8443153446278
136,2019-02-06,6177.96,,1122.0,32.0,608.11,0.0,0.0,0.0,325.0,0.0,2810.0,269942.0,830.5907692307692,3807.928671999999,0.848434658352819,503108.0,773050.0,254.93080372547365
137,2019-02-07,5693.82,,883.0,52.0,980.82,0.0,0.0,0.0,535.0,0.0,3271.0,270477.0,505.5644859813084,4292.068671999999,0.9107049708315985,506379.0,776856.0,236.68401809757225
138,2019-02-08,5389.83,,784.0,64.0,1427.6,0.0,0.0,0.0,734.0,0.0,3819.0,271211.0,369.49727520435965,4596.058671999999,1.0155760321379739,510198.0,781409.0,211.86487899832198
139,2019-02-09,5242.89,,775.0,64.0,1580.37,0.0,0.0,0.0,793.0,0.0,3585.0,272004.0,343.0063051702396,4742.998671999999,0.9455498897434403,513783.0,785787.0,227.37792628582912
140,2019-02-10,5156.98,,789.0,64.0,1658.72,0.0,0.0,0.0,840.0,0.0,3298.0,272844.0,324.8142857142857,4828.908672,0.8774347861120181,517081.0,789925.0,244.9229947026003
141,2019-02-11,5111.69,,786.0,64.0,1455.39,0.0,0.0,0.0,747.0,0.0,2746.0,273591.0,366.2530120481928,4874.1986719999995,0.7336216293415047,519827.0,793418.0,292.870546029018
142,2019-02-12,5005.54,,790.0,64.0,1828.82,0.0,0.0,0.0,923.0,0.0,3058.0,274514.0,297.4149512459372,4980.348671999999,0.8178803729255094,522885.0,797399.0,262.5660837174981
143,2019-02-13,4994.75,,781.0,64.0,1444.24,0.0,0.0,0.0,539.0,0.0,2596.0,275053.0,510.30241187384047,4991.138671999999,0.6426484907497566,525481.0,800534.0,334.1435995149473
144,2019-02-14,4935.49,,783.0,64.0,1888.51,0.0,0.0,0.0,954.0,0.0,2966.0,276007.0,289.3155136268344,5050.398671999999,0.7939224426887236,528447.0,804454.0,270.40246767330615
145,2019-02-15,4853.73,,783.0,64.0,1979.14,0.0,0.0,0.0,999.0,0.0,2846.0,277006.0,277.2832832832833,5132.158672,0.7660476523478513,531293.0,808299.0,280.1397820752562
146,2019-02-16,4809.68,,793.0,64.0,2055.66,0.0,0.0,0.0,1052.0,0.0,2755.0,278058.0,264.31368821292773,5176.208671999999,0.7518782142941786,534048.0,812106.0,285.3645064563593
147,2019-02-17,4758.99,,788.0,64.0,2090.1,0.0,0.0,0.0,1069.0,0.0,2682.0,279127.0,261.110383536015,5226.898671999999,0.7334752962939063,536730.0,815857.0,292.4610752544282
148,2019-02-18,4741.39,,788.0,64.0,2087.51,0.0,0.0,0.0,1079.0,0.0,2619.0,280206.0,259.69045412418905,5244.498671999999,0.7206315366912139,539349.0,819555.0,297.65153631134666
149,2019-02-19,5419.94,,1220.0,64.0,1366.98,0.0,0.0,0.0,718.0,0.0,1655.0,280924.0,391.2590529247911,4565.9486719999995,0.5328919888795569,541004.0,821928.0,403.8353591569153
150,2019-02-20,4895.17,,818.0,64.0,1664.66,0.0,0.0,0.0,833.0,0.0,2339.0,281757.0,338.2436974789916,5090.718671999999,0.6372254576793502,543343.0,825100.0,336.8348155357377
151,2019-02-21,4710.62,,794.0,64.0,2127.49,0.0,0.0,0.0,1098.0,0.0,2556.0,282855.0,257.60928961748635,5275.268671999999,0.707813062967081,545899.0,828754.0,303.0031168252217
152,2019-02-22,4672.05,,800.0,64.0,2133.41,0.0,0.0,0.0,1256.0,0.0,2292.0,284111.0,226.203025477707,5313.838671999999,0.6821830627096973,548191.0,832302.0,314.3372211046674
153,2019-02-23,4666.23,,800.0,64.0,2165.57,0.0,0.0,0.0,1199.0,0.0,2380.0,285310.0,237.95663052543787,5319.658672,0.6873743222765745,550571.0,835881.0,311.95584299507124
154,2019-02-24,4597.59,,776.0,64.0,2189.42,0.0,0.0,0.0,1131.0,0.0,2423.0,286441.0,253.263483642794,5388.298671999999,0.6736917130611649,552994.0,839435.0,318.20374937517164
155,2019-02-25,4579.92,,772.0,64.0,2180.88,0.0,0.0,0.0,1126.0,0.0,2389.0,287567.0,255.3880994671403,5405.968671999999,0.6640746030666456,555383.0,842950.0,322.7893897238577
156,2019-02-26,4578.06,,776.0,64.0,2157.9,0.0,0.0,0.0,1107.0,0.0,2346.0,288674.0,260.7714543812105,5407.828671999999,0.6521320354904871,557729.0,846403.0,328.6982570748218
157,2019-02-27,4517.13,,748.75,64.0,2110.57,0.0,0.0,0.0,1138.0,746.25,2241.0,289812.0,254.66783831282953,5468.758671999999,0.6308965676911501,559970.0,849782.0,339.6812873866114
158,2019-02-28,4579.2,,758.75,64.0,1847.16,0.0,0.0,0.0,998.0,756.25,2044.0,290810.0,291.39278557114227,5406.688671999999,0.5746344780686841,562014.0,852824.0,373.0295261273373
159,2019-03-01,4485.38,,748.13,64.0,2128.56,0.0,0.0,0.0,1234.0,745.63,2111.0,292044.0,236.6645056726094,5500.508671999999,0.6208678414587517,564125.0,856169.0,345.126086720287
160,2019-03-02,4462.77,,736.25,64.0,2110.67,0.0,0.0,0.0,1208.0,735.0,2104.0,293252.0,242.75827814569536,5523.118671999999,0.6121736044493488,566229.0,859481.0,349.9976288886956
161,2019-03-03,4475.24,,738.75,64.0,2024.36,0.0,0.0,0.0,1087.0,735.63,2109.0,294339.0,270.7810487580497,5510.648671999999,0.5920974626511738,568338.0,862677.0,361.88202230267837
162,2019-03-04,4437.89,,731.25,64.0,2115.72,0.0,0.0,0.0,901.0,728.13,2379.0,295240.0,327.6803551609323,5547.998671999999,0.6034836461451563,570717.0,865957.0,355.0042564876097
163,2019-03-05,4510.28,,738.75,64.0,1672.65,0.0,0.0,0.0,827.0,735.63,1864.0,296067.0,358.0012091898428,5475.608671999999,0.5017975952501715,572581.0,868648.0,427.0608502710368
164,2019-03-06,4461.6,,715.63,64.0,1677.07,0.0,0.0,0.0,818.0,713.13,1880.0,296885.0,362.940097799511,5524.288671999999,0.49857707802047535,574461.0,871346.0,429.73969847270564
165,2019-03-07,4336.14,,706.25,64.0,2303.01,0.0,0.0,0.0,954.0,703.75,2502.0,297839.0,312.2002096436059,5649.748671999999,0.6241804921923256,576963.0,874802.0,343.1045287266666
166,2019-03-08,4310.5,,698.75,64.0,2201.83,0.0,0.0,0.0,941.0,696.88,2344.0,298780.0,317.51328374070135,5675.388671999999,0.590561797752809,579307.0,878087.0,362.60291460558904
167,2019-03-09,4275.2,,691.25,64.0,2270.63,0.0,0.0,0.0,966.0,688.75,2385.0,299746.0,310.296066252588,5710.688671999999,0.5986280324413162,581692.0,881438.0,357.67213920601614
168,2019-03-10,4246.71,,681.88,64.0,2179.02,0.0,0.0,0.0,980.0,680.0,2221.0,300726.0,306.86326530612246,5739.178671999999,0.5689361906336147,583913.0,884639.0,376.30078715381444
169,2019-03-11,4328.06,,686.88,64.0,1908.3,0.0,0.0,0.0,960.0,684.38,1974.0,301686.0,314.25625,5657.828671999999,0.5291310636363965,585887.0,887573.0,404.72565837742326
170,2019-03-12,4233.38,,678.75,64.0,2235.95,0.0,0.0,0.0,1106.0,676.25,2171.0,302792.0,273.7721518987342,5752.508671999999,0.5810675187335317,588058.0,890850.0,368.4273787242478
171,2019-03-13,4220.76,,672.5,64.0,2162.23,0.0,0.0,0.0,1059.0,669.38,2120.0,303851.0,286.9225684608121,5765.128671999999,0.5624318854118013,590178.0,894029.0,380.61818360470585
172,2019-03-14,4185.28,,665.0,64.0,2204.25,0.0,0.0,0.0,1115.0,662.5,2088.0,304966.0,273.5121076233184,5800.608671999999,0.5631430520489756,592266.0,897232.0,380.09108588178583
173,2019-03-15,4239.05,,665.63,64.0,1964.98,0.0,0.0,0.0,903.0,663.13,2041.0,305869.0,338.72535991140643,5746.838671999999,0.522546348476646,594307.0,900176.0,409.6965015215217
174,2019-03-16,4218.68,,654.38,64.0,2001.91,0.0,0.0,0.0,1081.0,657.5,1910.0,306950.0,283.950046253469,5767.208671999999,0.5289760749303188,596217.0,903167.0,404.68798264104305
175,2019-03-17,4198.02,,656.25,64.0,2082.86,0.0,0.0,0.0,1064.0,653.75,2026.0,308014.0,289.4868421052632,5787.868671999999,0.5444953109966908,598243.0,906257.0,393.12552649817474
176,2019-03-18,4196.38,,655.63,64.0,1990.81,0.0,0.0,0.0,985.0,653.13,1967.0,308999.0,313.7045685279188,5789.508671999999,0.5200277629998132,600210.0,909209.0,411.6199458263414
177,2019-03-19,4249.0,,655.0,64.0,1804.4,0.0,0.0,0.0,977.0,652.5,1788.0,309976.0,317.2732855680655,5736.888671999999,0.4916429587482219,601998.0,911974.0,435.46408480266183
178,2019-03-20,3982.03,,572.5,64.0,1997.42,0.0,0.0,0.0,1129.0,570.0,1828.0,311105.0,275.5580159433127,6003.8586719999985,0.5019546865796296,603826.0,914931.0,426.13792968527554
179,2019-03-21,4211.13,,650.0,64.0,1911.13,0.0,0.0,0.0,858.0,647.5,2023.0,311963.0,363.59324009324007,5774.758671999999,0.5088424849033977,605849.0,917812.0,420.68946549092675
180,2019-03-22,4134.75,,643.75,64.0,2105.19,0.0,0.0,0.0,1036.0,641.25,2024.0,312999.0,302.12258687258685,5851.138671999999,0.5332636256698471,607873.0,920872.0,401.31927597364705
181,2019-03-23,4116.78,,638.13,64.0,2088.9,0.0,0.0,0.0,1045.0,635.63,1984.0,314044.0,300.52057416267945,5869.108671999999,0.5262133830882072,609857.0,923901.0,406.67168308991745
182,2019-03-24,4102.49,,632.5,64.0,2073.25,0.0,0.0,0.0,1036.0,630.62,1966.0,315080.0,304.13127413127415,5883.398671999999,0.5202313140432995,611823.0,926903.0,411.3283521916589
183,2019-03-25,4088.66,,628.75,64.0,2053.71,0.0,0.0,0.0,1087.0,625.63,1886.0,316167.0,290.8620055197792,5897.228671999999,0.5139739365251697,613709.0,929876.0,416.316970628779
184,2019-03-26,4085.4,,625.0,64.0,2041.44,0.0,0.0,0.0,1024.0,622.5,1937.0,317191.0,309.7568359375,5900.4886719999995,0.511611030478955,615646.0,932837.0,418.2352456870517
185,2019-03-27,4069.45,,620.0,64.0,2030.92,0.0,0.0,0.0,896.0,618.13,2043.0,318087.0,355.0078125,5916.438671999999,0.5064141775292709,617689.0,935776.0,422.50498417126914
186,2019-03-28,4037.67,,612.5,64.0,2015.33,0.0,0.0,0.0,1140.0,610.0,1758.0,319227.0,280.0236842105263,5948.218671999999,0.4966300106420717,619447.0,938674.0,430.7840355001242
187,2019-03-29,4054.03,,611.88,64.0,1994.77,0.0,0.0,0.0,1070.0,610.0,1825.0,320297.0,299.3429906542056,5931.8586719999985,0.4975107278435875,621272.0,941569.0,430.044386210487
188,2019-03-30,5184.66,,1221.88,0.0,1992.04,0.0,0.0,0.0,1079.0,1222.5,1803.0,321376.0,297.84615384615387,4801.228671999999,0.6147165094681699,623075.0,944451.0,349.6467292433588
189,2019-03-31,4118.09,,609.38,0.0,1520.36,0.0,0.0,0.0,796.0,606.88,1499.0,322172.0,404.7386934673367,5867.798671999999,0.39878990288292954,624574.0,946746.0,536.615941298196
190,2019-04-01,4040.7,,605.63,0.0,1985.59,0.0,0.0,0.0,1065.0,605.0,1815.0,323237.0,303.5089201877934,5945.188671999999,0.493801759168767,626389.0,949626.0,433.255624472
191,2019-04-02,4017.04,,606.25,0.0,1986.47,0.0,0.0,0.0,1057.0,603.75,1792.0,324294.0,306.80605487228,5968.848671999999,0.486512886016981,628181.0,952475.0,439.71286741992276
192,2019-04-03,4019.79,,610.63,64.0,1989.68,0.0,0.0,0.0,1086.0,608.13,1751.0,325380.0,299.6132596685083,5966.098671999999,0.4846913061379995,629932.0,955312.0,441.36933002444835
193,2019-04-04,3965.88,,607.5,64.0,2037.79,0.0,0.0,0.0,1039.0,605.0,1790.0,326419.0,314.1665062560154,6020.008671999999,0.4789135822532808,631722.0,958141.0,446.6169742238812
194,2019-04-05,3951.21,,611.25,64.0,2054.04,0.0,0.0,0.0,1042.0,608.75,1770.0,327461.0,314.2619961612284,6034.678671999999,0.47485642010270546,633492.0,960953.0,450.41193445211945
195,2019-04-06,3940.13,,611.88,64.0,1958.21,0.0,0.0,0.0,1068.0,610.0,1591.0,328529.0,307.6114232209738,6045.758671999999,0.44818106582480316,635083.0,963612.0,477.2033960433847
196,2019-04-07,3877.63,,598.13,64.0,2080.11,0.0,0.0,0.0,1015.0,595.63,1773.0,329544.0,324.67389162561574,6108.258671999999,0.46502551135292736,636856.0,966400.0,459.8283106453945
197,2019-04-08,3865.22,,599.38,64.0,2064.34,0.0,0.0,0.0,1018.0,596.88,1724.0,330562.0,324.7170923379175,6120.668672,0.45640819071270916,638580.0,969142.0,468.49231979553616
198,2019-04-09,3848.83,,594.38,64.0,2044.25,0.0,0.0,0.0,1170.0,592.5,1538.0,331732.0,283.5316239316239,6137.058671999999,0.4495225068349665,640118.0,971850.0,475.6447097781979
199,2019-04-10,3831.62,,586.88,64.0,2018.95,0.0,0.0,0.0,1027.0,584.38,1656.0,332759.0,324.01071080817917,6154.268671999999,0.4441038305817545,641774.0,974533.0,481.42299995503544
200,2019-04-11,3816.76,,580.63,64.0,1992.06,0.0,0.0,0.0,1052.0,577.5,1601.0,333811.0,317.3108365019011,6169.128671999999,0.4380605788409971,643375.0,977186.0,488.0424898904485
201,2019-04-12,3795.44,,573.13,64.0,1974.19,0.0,0.0,0.0,1007.0,571.25,1616.0,334818.0,332.49056603773585,6190.448671999999,0.4315876766333858,644991.0,979809.0,495.33029633219974
202,2019-04-13,3796.73,,569.38,64.0,1951.9,0.0,0.0,0.0,992.0,571.25,1605.0,335810.0,338.5181451612903,6189.158672,0.42740036239337614,646596.0,982406.0,500.18506818612246
203,2019-04-14,3754.79,,559.38,64.0,1930.01,0.0,0.0,0.0,1017.0,557.5,1547.0,336827.0,331.196656833825,6231.098671999999,0.419076821488638,648143.0,984970.0,510.0557680496724
204,2019-04-15,3741.99,,553.75,64.0,1873.57,0.0,0.0,0.0,1056.0,551.25,1439.0,337883.0,319.9649621212121,6243.898671999999,0.4069476317931303,649582.0,987465.0,525.2382578273988
205,2019-04-16,4565.43,,969.38,0.0,1904.55,0.0,0.0,0.0,1005.0,909.38,1523.0,338888.0,337.20199004975126,5420.458671999999,0.47630083070030166,651105.0,989993.0,450.0181432275949
206,2019-04-17,5216.47,,969.38,0.0,90.04,0.0,0.0,0.0,109.0,909.38,61.0,338997.0,3110.064220183486,4769.418671999999,0.03650787174140401,651166.0,990163.0,5888.268181643293
207,2019-04-18,0.0,,969.38,0.0,0.0,0.0,0.0,0.0,0.0,909.38,0.0,338997.0,inf,9985.888672,0.0,651166.0,990163.0,inf
208,2019-04-19,0.0,,969.38,0.0,0.0,0.0,0.0,0.0,0.0,909.38,0.0,338997.0,inf,9985.888672,0.0,651166.0,990163.0,inf
209,2019-04-20,0.0,,969.38,0.0,0.0,0.0,0.0,0.0,0.0,909.38,0.0,338997.0,inf,9985.888672,0.0,651166.0,990163.0,inf
210,2019-04-21,0.0,,969.38,0.0,0.0,0.0,0.0,0.0,0.0,909.38,0.0,338997.0,inf,9985.888672,0.0,651166.0,990163.0,inf
211,2019-04-22,0.0,,969.38,0.0,0.0,0.0,0.0,0.0,0.0,909.38,0.0,338997.0,inf,9985.888672,0.0,651166.0,990163.0,inf
212,2019-04-23,0.0,,969.38,0.0,0.0,0.0,0.0,0.0,0.0,909.38,0.0,338997.0,inf,9985.888672,0.0,651166.0,990163.0,inf
213,2019-04-24,0.0,,969.38,0.0,0.0,0.0,0.0,0.0,0.0,909.38,0.0,338997.0,inf,9985.888672,0.0,651166.0,990163.0,inf
214,2019-04-25,0.0,,969.38,0.0,0.0,0.0,0.0,0.0,0.0,909.38,0.0,338997.0,inf,9985.888672,0.0,651166.0,990163.0,inf
215,2019-04-26,0.0,,969.38,0.0,0.0,0.0,0.0,0.0,0.0,909.38,0.0,338997.0,inf,9985.888672,0.0,651166.0,990163.0,inf
216,2019-04-27,0.0,,969.38,0.0,0.0,0.0,0.0,0.0,0.0,909.38,0.0,338997.0,inf,9985.888672,0.0,651166.0,990163.0,inf
217,2019-04-28,0.0,,969.38,0.0,0.0,0.0,0.0,0.0,0.0,909.38,0.0,338997.0,inf,9985.888672,0.0,651166.0,990163.0,inf
218,2019-04-29,0.0,,969.38,0.0,0.0,0.0,0.0,0.0,0.0,909.38,0.0,338997.0,inf,9985.888672,0.0,651166.0,990163.0,inf
219,2019-04-30,0.0,,0.63,0.0,0.0,0.0,0.0,0.0,0.0,909.38,0.0,338997.0,inf,9985.888672,0.0,651166.0,990163.0,inf
220,2019-05-01,0.0,,8.13,0.0,0.0,0.0,2182.18,69.04,0.0,909.38,0.0,338997.0,inf,9985.888672,0.0,651166.0,990163.0,inf
221,2019-05-02,3605.55,3102.35,9.38,30.0,870.77,0.0,4922.81,173.74,472.0,343.13,848.0,339469.0,719.2139830508474,6380.338671999999,0.21061197137591844,652014.0,991483.0,1014.4738488479999
222,2019-05-03,4149.75,3644.4,431.88,64.0,2067.18,0.0,3757.26,179.49,991.0,317.5,1963.0,340460.0,343.5519677093845,5836.138671999999,0.5161403048966933,653977.0,994437.0,414.65429400113743
223,2019-05-04,5237.51,4737.45,402.5,64.0,2033.15,0.0,3590.8,179.29,993.0,1091.25,1740.0,341453.0,343.86002014098693,4748.378671999999,0.5895816839212252,655717.0,997170.0,364.6504631099012
224,2019-05-05,4344.66,3855.78,837.5,64.0,1781.49,0.0,3412.08,179.34,866.0,621.88,1470.0,342319.0,395.28752886836025,5641.228671999999,0.42254998788062964,657187.0,999506.0,506.8412130476712
225,2019-05-06,3581.22,3102.68,1005.63,64.0,1655.78,0.0,3562.51,179.23,773.0,301.88,1316.0,343092.0,443.8447606727037,6404.668672,0.3320205092994351,658503.0,1001595.0,643.471450875711
226,2019-05-07,3697.91,3225.09,1015.0,64.0,2172.66,0.0,3271.4,179.29,982.0,305.0,1531.0,344074.0,350.38085539714865,6287.978671999999,0.406957631386749,660034.0,1004108.0,525.157566127879
227,2019-05-08,3616.43,3151.61,1014.38,64.0,2162.28,0.0,3189.43,179.23,962.0,296.25,1478.0,345036.0,358.66528066528065,6369.458671999999,0.38999004246735836,661512.0,1006548.0,547.8778631472786
228,2019-05-09,3531.89,3066.94,994.38,64.0,1856.4,0.0,3135.36,179.17,864.0,301.25,1316.0,345900.0,400.34722222222223,6453.998672,0.34378839036067815,662828.0,1008728.0,621.3602024217248
229,2019-05-10,3577.21,3111.05,993.75,64.0,2059.88,0.0,3091.64,179.13,940.0,279.38,1442.0,346840.0,368.97872340425533,6408.678671999999,0.37834807069486115,664270.0,1011110.0,564.6740049031738
230,2019-05-11,3497.12,3036.43,941.88,64.0,2011.44,0.0,3049.76,179.09,920.0,265.0,1386.0,347760.0,378.0,6488.768671999999,0.36167556478478263,665656.0,1013416.0,590.573620502758
231,2019-05-12,3578.23,3105.25,890.0,64.0,1898.78,0.0,3007.72,179.05,916.0,280.63,1377.0,348676.0,380.65065502183404,6407.658672,0.36427065643383316,667033.0,1015709.0,586.4977767463411
232,2019-05-13,3363.29,2902.98,994.36,64.0,1518.03,0.0,3022.49,179.0,737.0,279.37,1114.0,349413.0,474.10176390773404,6622.598671999999,0.284344463885488,668147.0,1017560.0,750.918967736013
233,2019-05-14,3483.68,3022.41,973.75,64.0,1974.88,6.67,3098.0,178.96,898.0,258.75,1385.0,350311.0,390.10133630289533,6502.208671999999,0.3573150194386883,669532.0,1019843.0,597.7588944719054
234,2019-05-15,3472.63,3012.31,998.75,64.0,1934.33,0.0,2937.78,178.97,896.0,266.88,1341.0,351207.0,391.9720982142857,6513.258671999999,0.34951104389277493,670873.0,1022080.0,611.0874966827715
235,2019-05-16,3446.86,2989.92,974.38,64.0,1941.11,0.0,2911.19,178.92,887.0,271.88,1317.0,352094.0,396.94926719278465,6539.028671999999,0.34297416489525595,672190.0,1024284.0,622.6911695459889
236,2019-05-17,3463.73,2998.08,972.5,64.0,1816.52,31.93,2892.63,178.89,875.0,258.13,1306.0,352969.0,403.39314285714283,6522.158672,0.34028836357338665,673496.0,1026465.0,627.6344163591747
237,2019-05-18,3450.32,2985.53,914.38,64.0,1801.19,0.0,2879.75,178.87,865.0,258.13,1292.0,353834.0,409.05664739884395,6535.568671999999,0.33584111305560915,674788.0,1028622.0,635.9226485300696
238,2019-05-19,3430.01,2967.73,881.25,64.0,1784.01,0.0,2864.68,178.86,854.0,255.0,1280.0,354688.0,415.3255269320843,6555.878671999999,0.3312126823105422,676068.0,1030756.0,644.774046710103
239,2019-05-20,3442.92,2980.37,863.75,64.0,1768.0,0.0,2849.22,178.84,847.0,265.63,1269.0,355535.0,419.75796930342386,6542.968671999999,0.32907833184035035,677337.0,1032872.0,648.9783860488469
240,2019-05-21,3316.96,2861.85,986.25,64.0,1654.71,9.53,2835.44,178.83,775.0,255.0,1172.0,356310.0,459.7548387096774,6668.928671999999,0.29697805382517495,678509.0,1034819.0,718.8879043037288
241,2019-05-22,3431.68,2972.69,988.13,45.0,1351.68,17.61,2823.8,178.82,635.0,363.75,988.0,356945.0,562.1181102362204,6554.208671999999,0.25196698813286716,679497.0,1036442.0,847.5645816878373
242,2019-05-23,3380.57,2922.38,994.38,45.0,1757.59,7.55,2896.07,178.39,800.0,255.63,1264.0,357745.0,447.18125,6605.318671999999,0.3179087029047675,680761.0,1038506.0,671.6687417051163
243,2019-05-24,3360.94,2906.74,983.75,45.0,1834.11,46.18,3127.84,177.85,838.0,255.63,1259.0,358583.0,427.9033412887828,6624.948671999999,0.32201791752532993,682020.0,1040603.0,663.06353232206
244,2019-05-25,3372.21,2917.14,987.5,45.0,1744.43,60.74,2876.74,178.84,797.0,276.88,1216.0,359380.0,450.9159347553325,6613.678671999999,0.3096546727397747,683236.0,1042616.0,689.557317277377
245,2019-05-26,3435.82,2975.6,1002.5,45.0,1733.28,77.32,2832.33,178.53,815.0,288.13,1233.0,360195.0,441.95705521472394,6550.068671999999,0.3181517372514051,684469.0,1044664.0,671.25410785125
246,2019-05-27,3362.04,2902.53,959.38,45.0,1695.34,140.82,2796.2,178.78,811.0,253.13,1220.0,361006.0,445.13686806411835,6623.848671999999,0.3119355671053117,685689.0,1046695.0,684.49697650387
247,2019-05-28,3393.57,2932.74,985.0,64.0,1666.63,206.11,2781.24,178.76,802.0,275.0,1204.0,361808.0,451.1321695760598,6592.318671999999,0.30959513413988576,686893.0,1048701.0,689.728735233978
248,2019-05-29,3364.98,2905.11,982.5,64.0,1650.97,260.77,2765.9,178.75,794.0,266.25,1194.0,362602.0,456.67758186397987,6620.908672,0.305469251784721,688087.0,1050689.0,698.992108691831
249,2019-05-30,3394.49,2931.29,996.25,64.0,1605.41,353.02,2756.4,178.74,781.0,276.88,1191.0,363383.0,465.27912932138287,6591.398671999999,0.30439097878987603,689278.0,1052661.0,701.5226943607303
250,2019-05-31,3355.38,2893.58,971.25,64.0,1593.54,343.26,2746.56,178.73,774.0,261.25,1182.0,364157.0,470.4870801033592,6630.508671999999,0.3001095491912692,690460.0,1054617.0,711.4576483023312
251,2019-06-01,3418.93,2955.55,995.0,64.0,1499.7,275.31,2759.25,178.66,684.0,315.0,1156.0,364841.0,533.3932748538011,6566.958671999999,0.2850914229315765,691616.0,1056457.0,749.0615685213913
252,2019-06-02,3351.02,2888.16,970.63,64.0,1547.94,300.77,2776.19,178.72,752.0,260.63,1169.0,365593.0,486.16090425531917,6634.868671999999,0.29454245489866576,692785.0,1058378.0,724.8965314312129
253,2019-06-03,3322.32,2863.09,968.75,64.0,1586.76,258.91,2733.98,178.72,764.0,255.0,1164.0,366357.0,479.52486910994764,6663.568671999999,0.29432058961817703,693949.0,1060306.0,725.3888967216598
254,2019-06-04,3302.49,2844.44,966.88,64.0,1573.52,248.83,2724.33,178.71,759.0,251.88,1148.0,367116.0,483.6837944664032,6683.398671999999,0.29023622215018313,695097.0,1062213.0,735.5593672151862
255,2019-06-05,3286.7,2831.02,979.38,64.0,1572.89,211.34,2720.41,178.7,744.0,255.63,1137.0,367860.0,494.43548387096774,6699.188671999999,0.28559282146273324,696234.0,1064094.0,747.4884202442105
256,2019-06-06,3269.14,2814.41,978.75,64.0,1566.1,182.73,2709.46,178.7,732.0,250.0,1136.0,368592.0,503.5409836065574,6716.748672,0.2828648699397019,697370.0,1065962.0,754.663389335846
257,2019-06-07,3259.19,2804.39,991.25,64.0,1545.97,247.81,2703.04,178.69,726.0,248.75,1126.0,369318.0,508.702479338843,6726.698671999999,0.28002013967743256,698496.0,1067814.0,762.3107544704967
258,2019-06-08,3281.24,2824.46,988.13,64.0,1519.24,345.21,2696.88,178.69,722.0,260.0,1117.0,370040.0,512.5207756232687,6704.648671999999,0.2789846717720305,699613.0,1069653.0,765.1830686674061
259,2019-06-09,3263.04,2807.19,997.5,64.0,1510.77,369.87,2690.48,178.69,718.0,255.63,1108.0,370758.0,516.3760445682451,6722.848671999999,0.2762497806340734,700721.0,1071479.0,772.7226063961447
260,2019-06-10,3250.21,2794.71,997.5,64.0,1497.66,400.49,2685.87,178.69,714.0,252.5,1099.0,371472.0,520.2689075630252,6735.678671999999,0.27375169679243944,701820.0,1073292.0,779.7486153774738
261,2019-06-11,3275.67,2819.28,1004.38,64.0,1487.22,417.61,2679.89,178.69,704.0,267.5,1097.0,372176.0,528.6590909090909,6710.218671999999,0.2729892244286704,702917.0,1075093.0,781.977065452171
262,2019-06-12,3272.44,2816.1,1003.13,64.0,1483.43,424.8,2674.9,178.69,673.0,265.63,1120.0,372849.0,554.0104011887073,6713.448671999999,0.2716436181172507,704037.0,1076886.0,785.8441758390184
263,2019-06-13,3270.39,2815.04,1005.0,64.0,1471.73,423.37,2668.35,178.7,693.0,274.38,1080.0,373542.0,539.021645021645,6715.498672,0.26853017215919156,705117.0,1078659.0,794.9514164012182
264,2019-06-14,3253.01,2797.08,991.25,64.0,1467.06,420.28,2663.88,178.7,650.0,257.5,1126.0,374192.0,575.68,6732.878671999999,0.2682783508736418,706243.0,1080435.0,795.662486305946
265,2019-06-15,3222.86,2769.38,988.13,64.0,1442.17,367.16,2659.63,178.71,671.0,258.13,1066.0,374863.0,558.6631892697467,6763.028671999999,0.26119750862387864,707309.0,1082172.0,817.170096533886
266,2019-06-16,3194.25,2742.57,961.25,64.0,1455.51,391.5,2653.7,178.73,685.0,246.88,1059.0,375548.0,548.2452554744525,6791.638671999999,0.2611267078420363,708368.0,1083916.0,817.3332135776146
267,2019-06-17,3185.35,2736.01,994.38,64.0,1461.31,290.95,2649.09,178.75,687.0,252.5,1040.0,376235.0,547.6491994177584,6800.538671999999,0.25823719841797943,709408.0,1085643.0,826.460368546242
268,2019-06-18,3204.74,2752.74,996.88,64.0,1437.05,400.0,2644.3,178.77,677.0,256.88,1046.0,376912.0,556.738552437223,6781.148671999999,0.25838824520939496,710454.0,1087366.0,826.0171115956821
269,2019-06-19,3197.93,2746.97,995.0,64.0,1427.97,424.99,2639.45,178.72,673.0,261.25,1031.0,377585.0,561.0475482912333,6787.958671999999,0.25527822180141935,711485.0,1089070.0,836.0661772766198
270,2019-06-20,3154.87,2705.46,993.13,64.0,1420.78,425.0,2632.57,178.42,655.0,241.88,1040.0,378240.0,577.4656488549618,6831.018671999999,0.252302351993784,712525.0,1090765.0,845.8372854745486
271,2019-06-21,3088.68,2648.05,958.75,64.0,1479.58,225.35,2631.54,178.29,670.0,233.13,1018.0,378910.0,565.5373134328358,6897.208671999999,0.24880901844252631,713543.0,1092453.0,857.5747370138388
272,2019-06-22,2934.26,2471.67,909.38,64.0,951.93,49.39,2912.92,176.95,453.0,236.25,692.0,379363.0,837.4459161147903,7051.628671999999,0.16501555037369897,714235.0,1093598.0,1292.5727735190915
273,2019-06-23,3244.9,2788.21,995.0,64.0,1415.42,171.85,2694.55,178.57,656.0,253.75,1079.0,380019.0,579.297256097561,6740.9886719999995,0.2617643065131787,715314.0,1095333.0,815.4459380284496
274,2019-06-24,3130.7,2684.47,876.25,64.0,1454.34,80.96,2660.3,178.55,653.0,228.75,1051.0,380672.0,582.95865237366,6855.188671999999,0.25273274698545006,716365.0,1097037.0,844.3468300935212
275,2019-06-25,3176.68,2727.15,992.5,64.0,1411.53,330.97,2642.6,178.52,668.0,257.5,1011.0,381340.0,570.8682634730538,6809.208671999999,0.25073473191245343,717376.0,1098716.0,851.1713615719832
276,2019-06-26,3130.24,2682.03,963.13,64.0,1397.37,478.32,2630.68,178.56,664.0,238.75,1005.0,382004.0,575.3072289156627,6855.648671999999,0.24752475247524752,718381.0,1100385.0,862.1111703291551
277,2019-06-27,3134.49,2690.36,963.13,64.0,1465.41,278.69,2621.75,178.59,547.0,242.5,1129.0,382551.0,699.3619744058501,6851.398671999999,0.24871967244984425,719510.0,1102061.0,857.9782537466349
278,2019-06-28,3106.37,2667.43,985.0,64.0,1468.91,248.95,2614.95,178.59,650.0,258.75,998.0,383201.0,589.54,6879.518671999999,0.2435481177484213,720508.0,1103709.0,876.1367590287379
279,2019-06-29,3046.32,2606.55,916.25,64.0,1417.5,217.0,2612.98,178.59,648.0,221.88,985.0,383849.0,592.3595679012345,6939.568671999999,0.2392085171708649,721493.0,1105342.0,891.9024328716228
280,2019-06-30,3125.74,2680.16,984.38,64.0,1384.11,265.88,2616.81,178.55,647.0,251.25,979.0,384496.0,594.275115919629,6860.148671999999,0.24098671164294838,722472.0,1106968.0,885.4907769245756
281,2019-07-01,3113.18,2668.42,965.0,64.0,1401.66,367.43,2598.1,178.58,562.0,241.25,1068.0,385058.0,685.1565836298932,6872.708671999999,0.24113068099446436,723540.0,1108598.0,884.9350282695459
282,2019-07-02,3044.36,2612.11,981.88,64.0,1476.72,45.69,2597.77,178.57,615.0,246.88,993.0,385673.0,627.1105691056911,6941.528671999999,0.23547880690737835,724533.0,1110206.0,906.0248990543282
283,2019-07-03,3293.67,2843.27,931.25,64.0,1301.61,339.03,2588.19,178.56,569.0,345.63,946.0,386242.0,678.8084358523726,6692.218671999999,0.23026660769409651,725479.0,1111721.0,927.1041946398415
284,2019-07-04,3004.83,2564.39,967.5,64.0,1269.51,298.46,2582.76,178.55,577.0,236.25,920.0,386819.0,670.3968804159446,6981.058671999999,0.2179619898750322,726399.0,1113218.0,978.7472238339079
285,2019-07-05,3022.38,2582.57,966.25,64.0,1370.01,443.72,2571.06,178.56,632.0,233.75,962.0,387451.0,613.0553797468355,6963.508671999999,0.2326796698692965,727361.0,1114812.0,916.8765370635884
286,2019-07-06,3052.33,2612.16,964.38,64.0,1373.92,408.79,2566.21,178.56,631.0,236.88,957.0,388082.0,615.026941362916,6933.558671999999,0.2328217022667861,728318.0,1116400.0,916.3824270021158
287,2019-07-07,3020.88,2582.47,986.25,64.0,1340.46,441.48,2562.07,178.55,619.0,248.75,929.0,388701.0,627.9499192245557,6965.008671999999,0.22591548309136442,729247.0,1117948.0,944.3255943665116
288,2019-07-08,2949.93,2505.25,966.88,64.0,1144.89,380.88,2559.54,178.55,542.0,227.5,844.0,389243.0,718.1605166051661,7035.958671999999,0.2002002002002002,730091.0,1119334.0,1065.4451703314285
289,2019-07-09,2997.24,2560.93,963.13,64.0,1373.91,414.43,2553.22,178.55,623.0,233.75,949.0,389866.0,625.7881219903692,6988.648671999999,0.22862927152780202,731040.0,1120906.0,933.0646204067175
290,2019-07-10,2970.94,2538.1,961.25,64.0,1386.62,389.0,2546.31,178.54,621.0,230.63,940.0,390487.0,628.8035426731079,7014.948671999999,0.22616436252365238,731980.0,1122467.0,943.1758022289301
291,2019-07-11,2950.09,2518.16,961.25,64.0,1374.48,425.01,2541.93,178.54,616.0,223.75,933.0,391103.0,634.9074675324675,7035.798671999999,0.22374983930168094,732913.0,1124016.0,953.3075695799613
292,2019-07-12,2954.63,2522.34,958.75,64.0,1368.04,424.98,2537.66,178.53,616.0,226.88,928.0,391719.0,635.9074675324675,7031.258671999999,0.22317395571500223,733841.0,1125560.0,955.7775712949223
293,2019-07-13,2667.18,2251.09,900.63,64.0,1233.64,379.32,2533.7,178.53,555.0,135.0,836.0,392274.0,706.8,7318.708671999999,0.19303840506701528,734677.0,1126951.0,1104.2779123503665
294,2019-07-14,2977.7,2536.88,955.0,64.0,1151.78,363.84,2676.42,178.08,517.0,245.0,862.0,392791.0,759.7504835589942,7008.188671999999,0.19999129842066335,735539.0,1128330.0,1066.6270039734302
295,2019-07-15,2971.94,2535.97,954.37,64.0,1335.44,424.97,2549.2,178.53,606.0,226.25,933.0,393397.0,649.1699669966997,7013.948671999999,0.22300921887362232,736472.0,1129869.0,956.522122988538
296,2019-07-16,2950.25,2517.46,953.13,64.0,1341.69,425.0,2537.08,178.54,603.0,226.88,920.0,394000.0,653.3996683250415,7035.638671999999,0.21999927774367123,737392.0,1131392.0,969.5599766771898
297,2019-07-17,2937.79,2505.87,945.63,64.0,1341.23,367.76,2529.41,178.54,586.0,220.0,932.0,394586.0,673.3549488054607,7048.098671999999,0.21888306194044593,738324.0,1132910.0,974.476251172174
298,2019-07-18,2877.53,2420.56,958.13,64.0,1064.41,259.85,2606.94,178.2,456.0,227.5,781.0,395042.0,866.3201754385965,7108.3586719999985,0.1768287191568258,739105.0,1134147.0,1206.0649297327082
299,2019-07-19,2992.45,2552.1,951.88,64.0,1303.16,424.96,2558.13,178.54,590.0,223.13,949.0,395632.0,670.5627118644068,6993.438671999999,0.22367397955105334,740054.0,1135686.0,953.7250867312281
300,2019-07-20,2938.01,2504.83,960.0,64.0,1310.96,423.86,2533.99,178.56,593.0,223.13,907.0,396225.0,668.1703204047218,7047.878671999999,0.21629447194588602,740961.0,1137186.0,986.13918378624
301,2019-07-21,2911.63,2481.49,963.13,64.0,1319.22,391.61,2519.36,178.54,594.0,218.13,897.0,396819.0,668.0454545454545,7074.258671999999,0.21418197854732618,741858.0,1138677.0,995.8051040103018
302,2019-07-22,2880.52,2453.62,959.38,64.0,1323.18,302.22,2515.8,178.53,591.0,210.0,887.0,397410.0,672.4365482233502,7105.368671999999,0.21136992883783723,742745.0,1140155.0,1008.9815811091745
303,2019-07-23,2904.57,2475.98,958.13,64.0,1314.82,357.55,2506.41,178.52,588.0,221.88,886.0,397998.0,676.8673469387755,7081.318671999999,0.21152540816224027,743631.0,1141629.0,1008.2952258340299
304,2019-07-24,2909.34,2480.23,964.38,64.0,1305.23,383.4,2499.69,178.51,587.0,225.63,880.0,398585.0,679.0204429301533,7076.548671999999,0.21066508129345776,744511.0,1143096.0,1012.4240185953374
305,2019-07-25,2914.99,2485.84,961.88,64.0,1295.03,418.21,2494.27,178.51,584.0,233.13,870.0,399169.0,683.5085616438356,7070.898671999999,0.20896779395258128,745381.0,1144550.0,1020.6603942774141
306,2019-07-26,2872.59,2445.67,953.75,64.0,1290.69,396.11,2489.15,178.5,581.0,214.38,867.0,399750.0,688.0378657487091,7113.298671999999,0.20684502764838059,746248.0,1145998.0,1031.03530751337
307,2019-07-27,2859.03,2433.36,953.13,64.0,1294.23,337.25,2487.67,178.5,579.0,208.75,867.0,400329.0,691.4145077720207,7126.8586719999985,0.20615999212999203,747115.0,1147444.0,1034.4295284089626
308,2019-07-28,2864.62,2439.06,962.5,64.0,1288.42,337.04,2483.59,178.49,576.0,215.0,860.0,400905.0,696.015625,7121.268671999999,0.20489756548588975,747975.0,1148880.0,1040.81606467922
309,2019-07-29,2870.11,2443.61,962.5,64.0,1270.72,421.18,2480.04,178.49,574.0,220.63,850.0,401479.0,699.4407665505227,7115.778671999999,0.20334461915009377,748825.0,1150304.0,1048.7778284265169
310,2019-07-30,4645.61,4170.53,950.63,21.0,1057.07,346.41,2484.13,178.49,433.0,1015.63,785.0,401912.0,928.203233256351,5340.2786719999995,0.2330034682700162,749610.0,1151522.0,920.2115662392118
