,Date,BHP,BHP at gauge,Casing Pressure,Choke,Gas Rate,Injection Rate,Oil Rate,Tubing Pressure,Water Rate,Cum Oil,Mat Bal Time,Delta P,Rate N
0,2018-10-09,0.0,,0.0,0.0,0.0,0.0,0.0,0.0,0.0,0.0,,9873.0,0.0
1,2018-10-10,7699.71,,3638.0,23.0,2544.11,0.0,666.0,0.0,2364.0,666.0,1.0,2173.29,0.30644782794748976
2,2018-10-11,7855.62,,3483.0,34.0,3390.06,0.0,1277.0,0.0,4440.0,1943.0,1.5215348472983554,2017.38,0.6329992366336535
3,2018-10-12,7794.77,,3475.0,44.0,5716.86,0.0,2196.0,0.0,6520.0,4139.0,1.8847905282331512,2078.2299999999996,1.05666841494926
4,2018-10-13,7466.51,,3146.0,52.0,6172.1,0.0,2292.0,0.0,7020.0,6431.0,2.805846422338569,2406.49,0.9524244854539184
5,2018-10-14,7300.97,,2976.0,49.0,7719.63,0.0,2803.0,0.0,8326.0,9234.0,3.294327506243311,2572.0299999999997,1.0898006632893085
6,2018-10-15,7419.27,,3056.0,58.0,7935.91,0.0,2929.0,0.0,8776.0,12163.0,4.152611812905429,2453.7299999999996,1.1936928675934193
7,2018-10-16,7083.06,,2710.0,58.0,9537.64,0.0,3475.0,0.0,9947.0,15638.0,4.500143884892086,2789.9399999999996,1.2455464992078684
8,2018-10-17,5810.46,,1361.0,58.0,582.71,0.0,217.0,0.0,712.0,15855.0,73.06451612903226,4062.54,0.05341485868446834
9,2018-10-18,0.0,,3252.0,0.0,0.0,0.0,0.0,0.0,0.0,15855.0,inf,9873.0,0.0
10,2018-10-19,7041.94,,2743.0,52.0,6462.78,0.0,2358.0,0.0,7183.0,18213.0,7.723918575063613,2831.0600000000004,0.8329035767521704
11,2018-10-20,6845.25,,2594.0,55.0,10604.82,0.0,3908.0,0.0,9372.0,22121.0,5.6604401228249746,3027.75,1.2907274378664024
12,2018-10-21,7110.99,,2871.0,57.0,9916.17,0.0,3646.0,0.0,8885.0,25767.0,7.067196928140428,2762.01,1.320053149698951
13,2018-10-22,6654.4,,2418.0,58.0,9761.91,0.0,3629.0,0.0,8888.0,29396.0,8.100303113805456,3218.6000000000004,1.127508854781582
14,2018-10-23,6681.58,,2418.0,58.0,10984.01,0.0,4099.0,0.0,9689.0,33495.0,8.171505245181752,3191.42,1.2843812472191063
15,2018-10-24,6715.94,,2418.0,58.0,10915.22,0.0,4126.0,0.0,9942.0,37621.0,9.118031992244305,3157.0600000000004,1.3069121271055981
16,2018-10-25,6701.86,,2418.0,58.0,11030.42,0.0,4089.0,0.0,9910.0,41710.0,10.200538028857911,3171.1400000000003,1.2894416518980554
17,2018-10-26,6695.31,,2418.0,58.0,11051.34,0.0,4122.0,0.0,9843.0,45832.0,11.118874332848131,3177.6899999999996,1.2971686980164838
18,2018-10-27,6681.29,,2418.0,58.0,10834.38,0.0,4049.0,0.0,9618.0,49881.0,12.319338108174858,3191.71,1.268598964191609
19,2018-10-28,5289.91,,1240.0,58.0,10656.99,0.0,3976.0,0.0,9407.0,53857.0,13.545523138832998,4583.09,0.8675369674171792
20,2018-10-29,6176.18,,1974.0,58.0,10566.22,0.0,3941.0,0.0,9276.0,57798.0,14.665820857650342,3696.8199999999997,1.0660513630633897
21,2018-10-30,6111.38,,1924.0,58.0,10452.84,0.0,3900.0,0.0,9149.0,61698.0,15.82,3761.62,1.0367873416240876
22,2018-10-31,6068.91,,1923.0,58.0,8953.98,0.0,3342.0,0.0,8057.0,65040.0,19.461400359066428,3804.09,0.8785281105336624
23,2018-11-01,6037.08,,1880.0,58.0,10210.85,0.0,3755.0,0.0,8869.0,68795.0,18.320905459387482,3835.92,0.9789046695447245
24,2018-11-02,5981.48,,1843.0,58.0,10069.61,0.0,3730.0,0.0,8673.0,72525.0,19.443699731903486,3891.5200000000004,0.9584943672395361
25,2018-11-03,5974.54,,1843.0,58.0,9911.46,0.0,3711.0,0.0,8514.0,76236.0,20.54324979789814,3898.46,0.9519143456646983
26,2018-11-04,5901.0,,1786.0,58.0,9730.04,0.0,3637.0,0.0,8370.0,79873.0,21.961231784437725,3972.0,0.9156596173212488
27,2018-11-05,5856.15,,1751.0,58.0,9689.35,0.0,3467.0,0.0,8423.0,83340.0,24.038073262186327,4016.8500000000004,0.8631141317201289
28,2018-11-06,5813.23,,1728.0,58.0,9590.65,0.0,3559.0,0.0,8165.0,86899.0,24.416690081483562,4059.7700000000004,0.8766506476967906
29,2018-11-07,5768.06,,1696.0,58.0,9482.49,0.0,3554.0,0.0,8030.0,90453.0,25.451041080472706,4104.94,0.8657861016238971
30,2018-11-08,5731.81,,1700.0,58.0,7855.64,0.0,2885.0,0.0,6873.0,93338.0,32.3528596187175,4141.19,0.69665965579942
31,2018-11-09,5930.25,,1850.0,44.0,9361.66,0.0,3494.0,0.0,7835.0,96832.0,27.71379507727533,3942.75,0.8861835013632616
32,2018-11-10,5793.34,,1776.0,58.0,6197.98,0.0,2188.0,0.0,5634.0,99020.0,45.25594149908592,4079.66,0.5363192030708441
33,2018-11-11,5739.61,,1658.0,58.0,8554.57,0.0,3116.0,0.0,7730.0,102136.0,32.777920410783054,4133.39,0.7538606325558439
34,2018-11-12,5674.99,,1617.0,58.0,8916.09,0.0,3401.0,0.0,7717.0,105537.0,31.031167303734197,4198.01,0.8101457595384479
35,2018-11-13,5626.75,,1588.0,58.0,8717.8,0.0,3454.0,0.0,7431.0,108991.0,31.555008685581935,4246.25,0.8134236090668236
36,2018-11-14,5609.77,,1583.0,58.0,8627.9,0.0,3370.0,0.0,7335.0,112361.0,33.34154302670623,4263.23,0.7904804573058456
37,2018-11-15,5515.03,,1541.0,58.0,8631.02,0.0,3278.0,0.0,7097.0,115639.0,35.27730323367907,4357.97,0.7521850769968585
38,2018-11-16,5502.9,,1553.0,58.0,7379.19,0.0,2758.0,0.0,6228.0,118397.0,42.92857142857143,4370.1,0.6311068396604196
39,2018-11-17,5457.9,,1505.0,58.0,8536.68,0.0,3209.0,0.0,6991.0,121606.0,37.89529448426301,4415.1,0.7268238544993317
40,2018-11-18,5429.57,,1502.0,57.0,8579.59,0.0,3215.0,0.0,6850.0,124821.0,38.82457231726283,4443.43,0.7235401480387899
41,2018-11-19,5388.17,,1510.0,58.0,5915.34,0.0,2223.0,0.0,4911.0,127044.0,57.149797570850204,4484.83,0.49567096188707266
42,2018-11-20,5377.57,,1455.0,58.0,8359.73,0.0,3119.0,0.0,6804.0,130163.0,41.73228598909907,4495.43,0.693815719519601
43,2018-11-21,5332.57,,1424.0,58.0,8091.41,0.0,3086.0,0.0,6582.0,133249.0,43.17854828256643,4540.43,0.6796713086645978
44,2018-11-22,5296.34,,1399.0,58.0,7987.71,0.0,3089.0,0.0,6476.0,136338.0,44.13661379087083,4576.66,0.6749463582612648
45,2018-11-23,5256.44,,1382.0,58.0,7947.02,0.0,3019.0,0.0,6383.0,139357.0,46.15998675057966,4616.56,0.6539501273675636
46,2018-11-24,5213.51,,1363.0,58.0,7925.45,0.0,2968.0,0.0,6294.0,142325.0,47.953167115902964,4659.49,0.6369795836024973
47,2018-11-25,5200.02,,1363.0,58.0,7836.51,0.0,2963.0,0.0,6140.0,145288.0,49.03408707391158,4672.98,0.6340707642660572
48,2018-11-26,5132.68,,1324.0,58.0,7779.21,0.0,2927.0,0.0,6037.0,148215.0,50.637171165015374,4740.32,0.617468862861579
49,2018-11-27,5091.72,,1301.0,58.0,7677.93,0.0,2888.0,0.0,5933.0,151103.0,52.320983379501385,4781.28,0.6040223538466687
50,2018-11-28,5061.8,,1285.0,58.0,7601.86,0.0,2852.0,0.0,5854.0,153955.0,53.98141654978962,4811.2,0.5927835051546392
51,2018-11-29,5063.96,,1279.0,58.0,7462.5,0.0,2817.0,0.0,5826.0,156772.0,55.652112176073835,4809.04,0.5857717964500191
52,2018-11-30,5064.56,,1281.0,58.0,7486.03,0.0,2698.0,0.0,5919.0,159470.0,59.106745737583395,4808.44,0.5610967382352697
53,2018-12-01,5025.15,,1279.0,58.0,7546.25,0.0,2849.0,0.0,5649.0,162319.0,56.97402597402598,4847.85,0.5876831997689697
54,2018-12-02,4950.01,,1238.0,58.0,7473.17,0.0,2808.0,0.0,5534.0,165127.0,58.805911680911684,4922.99,0.5703850708614074
55,2018-12-03,4917.34,,1213.0,58.0,7304.72,0.0,2774.0,0.0,5447.0,167901.0,60.52667627974045,4955.66,0.5597639870370446
56,2018-12-04,4899.28,,1201.0,58.0,7202.41,0.0,2681.0,0.0,5431.0,170582.0,63.626258858634834,4973.72,0.5390331582799193
57,2018-12-05,4866.16,,1166.0,58.0,6959.19,0.0,2681.0,0.0,5335.0,173263.0,64.62625885863484,5006.84,0.5354674804866942
58,2018-12-06,4607.93,,1023.0,58.0,4893.59,0.0,1865.0,0.0,3923.0,175128.0,93.90241286863271,5265.07,0.3542213113975693
59,2018-12-07,4610.99,,1023.0,58.0,5095.36,0.0,1798.0,0.0,4191.0,176926.0,98.4015572858732,5262.01,0.3416945235755918
60,2018-12-08,6036.77,,1930.0,58.0,2734.25,0.0,773.0,0.0,2968.0,177699.0,229.88227684346703,3836.2299999999996,0.20149991006795737
61,2018-12-09,4835.97,,1140.0,58.0,5546.6,0.0,2042.0,0.0,4573.0,179741.0,88.02203721841332,5037.03,0.4053976251878587
62,2018-12-10,4797.06,,1140.0,58.0,4248.93,0.0,1535.0,0.0,3497.0,181276.0,118.09511400651466,5075.94,0.30240704184840644
63,2018-12-11,5022.15,,1237.0,58.0,3410.04,0.0,1107.0,0.0,3162.0,182383.0,164.7542908762421,4850.85,0.2282074275642413
64,2018-12-12,4871.53,,1193.0,58.0,5997.39,0.0,2195.0,0.0,4659.0,184578.0,84.09020501138953,5001.47,0.4388709719342513
65,2018-12-13,4835.83,,1150.0,58.0,4653.76,0.0,1880.0,0.0,3735.0,186458.0,99.17978723404255,5037.17,0.37322544206369845
66,2018-12-14,4795.16,,1150.0,58.0,4781.89,0.0,1711.0,0.0,3832.0,188169.0,109.9760374050263,5077.84,0.33695429552723205
67,2018-12-15,4726.04,,1178.0,58.0,6444.2,0.0,2377.0,0.0,4345.0,190546.0,80.16238956668069,5146.96,0.4618260099165333
68,2018-12-16,4575.08,,1116.0,58.0,7359.39,0.0,2754.0,0.0,4550.0,193300.0,70.18881626724765,5297.92,0.5198266489490215
69,2018-12-17,4447.49,,1034.0,64.0,6579.69,0.0,2364.0,0.0,4313.0,195664.0,82.76818950930625,5425.51,0.43571940702348716
70,2018-12-18,7680.24,,3823.0,64.0,7971.61,0.0,3030.0,0.0,4864.0,198694.0,65.57557755775578,2192.76,1.381820171838231
71,2018-12-19,4235.47,,936.0,64.0,6896.28,0.0,2723.0,0.0,4156.0,201417.0,73.96878442893868,5637.53,0.48301295070713596
72,2018-12-20,4566.72,,1120.0,35.0,7503.19,0.0,2679.0,0.0,4647.0,204096.0,76.18365061590146,5306.28,0.5048734706800244
73,2018-12-21,4271.14,,935.0,64.0,4819.86,0.0,1866.0,0.0,3239.0,205962.0,110.37620578778134,5601.86,0.3331036477170083
74,2018-12-22,4193.19,,905.0,64.0,6406.77,0.0,2551.0,0.0,3980.0,208513.0,81.73774990199922,5679.81,0.4491347421832772
75,2018-12-23,4132.67,,888.0,64.0,6286.55,0.0,2561.0,0.0,3775.0,211074.0,82.41858648965248,5740.33,0.4461415981311179
76,2018-12-24,4204.17,,888.0,57.0,5006.62,0.0,1699.0,0.0,3660.0,212773.0,125.23425544437904,5668.83,0.299709111051134
77,2018-12-25,4150.38,,886.0,57.0,5521.84,0.0,2250.0,0.0,3469.0,215023.0,95.56577777777778,5722.62,0.3931765519989096
78,2018-12-26,4151.41,,883.0,64.0,4235.3,0.0,1757.0,0.0,2741.0,216780.0,123.38076266363119,5721.59,0.3070824718303828
79,2018-12-27,3989.87,,823.0,64.0,6055.51,0.0,2511.0,0.0,3606.0,219291.0,87.3321385902031,5883.13,0.42681361792107264
80,2018-12-28,3893.54,,781.0,64.0,6217.79,0.0,2554.0,0.0,3697.0,221845.0,86.86178543461237,5979.46,0.4271288711689684
81,2018-12-29,3829.11,,761.0,64.0,6171.63,0.0,2516.0,0.0,3633.0,224361.0,89.17368839427662,6043.889999999999,0.41628818525816985
82,2018-12-30,3781.33,,743.0,64.0,5997.62,0.0,2453.0,0.0,3531.0,226814.0,92.46392172849572,6091.67,0.40268103820463025
83,2018-12-31,3741.13,,723.0,64.0,5848.7,0.0,2398.0,0.0,3482.0,229212.0,95.58465387823186,6131.87,0.39107156544414673
84,2019-01-01,3721.78,,713.0,64.0,5637.05,0.0,2323.0,0.0,3387.0,231535.0,99.67068445975032,6151.219999999999,0.3776486615663235
85,2019-01-02,3621.45,,681.0,64.0,5576.58,0.0,2229.0,0.0,3368.0,233764.0,104.87393449977569,6251.55,0.35655157520934805
86,2019-01-03,3635.46,,686.0,64.0,5492.75,0.0,2232.0,0.0,3297.0,235996.0,105.73297491039426,6237.54,0.3578333766196289
87,2019-01-04,3582.7,,668.0,64.0,5406.16,0.0,2195.0,0.0,3237.0,238191.0,108.51526195899773,6290.3,0.348949970589638
88,2019-01-05,3564.07,,660.0,64.0,5284.88,0.0,2135.0,0.0,3197.0,240326.0,112.56487119437939,6308.93,0.33840920726652535
89,2019-01-06,3560.77,,655.0,64.0,5093.99,0.0,2073.0,0.0,3116.0,242399.0,116.93150024119633,6312.23,0.3284100864512225
90,2019-01-07,3528.47,,646.0,64.0,5128.45,0.0,1994.0,0.0,3197.0,244393.0,122.5641925777332,6344.530000000001,0.3142864798495712
91,2019-01-08,3490.52,,634.0,64.0,5069.62,0.0,2065.0,0.0,3062.0,246458.0,119.3501210653753,6382.48,0.32354194607738684
92,2019-01-09,3470.67,,629.0,64.0,4975.32,0.0,2031.0,0.0,2994.0,248489.0,122.34810438207779,6402.33,0.31722825908692615
93,2019-01-10,3419.65,,616.0,64.0,4960.77,0.0,2001.0,0.0,2968.0,250490.0,125.1824087956022,6453.35,0.31007151324505877
94,2019-01-11,3416.51,,614.0,64.0,4908.11,0.0,1977.0,0.0,2951.0,252467.0,127.70207384926657,6456.49,0.3062035254449399
95,2019-01-12,3390.42,,606.0,64.0,4846.32,0.0,1977.0,0.0,2885.0,254444.0,128.70207384926655,6482.58,0.30497116888646186
96,2019-01-13,3377.5,,601.0,64.0,4756.67,0.0,1948.0,0.0,2836.0,256392.0,131.61806981519507,6495.5,0.2998999307212686
97,2019-01-14,3347.11,,593.0,64.0,4751.68,0.0,1888.0,0.0,2868.0,258280.0,136.80084745762713,6525.889999999999,0.2893091976726546
98,2019-01-15,3324.86,,588.0,64.0,4702.46,0.0,1872.0,0.0,2819.0,260152.0,138.97008547008548,6548.139999999999,0.2858827086775787
99,2019-01-16,3349.43,,599.0,64.0,4670.6,0.0,1843.0,0.0,2806.0,261995.0,142.1568095496473,6523.57,0.28251402223015926
100,2019-01-17,3326.48,,596.0,64.0,4706.55,0.0,1908.0,0.0,2739.0,263903.0,138.31394129979034,6546.52,0.291452558000281
101,2019-01-18,3292.5,,573.0,64.0,4605.81,0.0,1870.0,0.0,2760.0,265773.0,142.12459893048128,6580.5,0.2841729351872958
102,2019-01-19,3357.95,,557.0,64.0,4221.57,0.0,1696.0,0.0,2840.0,267469.0,157.7057783018868,6515.05,0.2603203352238279
103,2019-01-20,3474.48,,553.0,64.0,3578.21,0.0,1395.0,0.0,2779.0,268864.0,192.73405017921147,6398.52,0.2180191669323531
104,2019-01-21,3490.36,,496.0,64.0,2985.96,0.0,1194.0,0.0,2697.0,270058.0,226.179229480737,6382.639999999999,0.1870699271774689
105,2019-01-22,3633.94,,498.0,64.0,2816.16,0.0,1139.0,0.0,2823.0,271197.0,238.1009657594381,6239.0599999999995,0.18255955224024134
106,2019-01-23,3681.98,,474.0,64.0,2606.0,0.0,1036.0,0.0,2893.0,272233.0,262.773166023166,6191.02,0.16733914605347744
107,2019-01-24,3768.85,,488.0,64.0,2532.65,0.0,1042.0,0.0,2870.0,273275.0,262.26007677543186,6104.15,0.17070353775709968
108,2019-01-25,3869.36,,501.0,64.0,2338.33,0.0,936.0,0.0,2817.0,274211.0,292.9604700854701,6003.639999999999,0.15590541738012273
109,2019-01-26,3906.21,,504.0,64.0,2252.75,0.0,911.0,0.0,2765.0,275122.0,302.0,5966.79,0.15267840832340338
110,2019-01-27,3819.3,,508.0,64.0,2687.22,0.0,1089.0,0.0,3033.0,276211.0,253.6372819100092,6053.7,0.17988998463749442
111,2019-01-28,3821.4,,513.0,64.0,2728.91,0.0,1110.0,0.0,3042.0,277321.0,249.83873873873873,6051.6,0.1834225659329764
112,2019-01-29,4311.24,,658.0,64.0,743.62,0.0,300.0,0.0,691.0,277621.0,925.4033333333333,5561.76,0.05393976007594718
113,2019-01-30,4464.39,,681.0,64.0,1768.68,0.0,721.0,675.0,2415.0,278342.0,386.0499306518724,5408.61,0.13330596955594876
114,2019-01-31,4133.35,,648.0,64.0,2350.84,0.0,931.0,644.0,2581.0,279273.0,299.97099892588614,5739.65,0.16220501250076225
115,2019-02-01,4259.79,,2720.0,64.0,2103.65,0.0,824.0,644.0,2583.0,280097.0,339.9235436893204,5613.21,0.1467965745090599
116,2019-02-02,4373.14,,590.0,64.0,1934.43,0.0,755.0,644.0,2621.0,280852.0,371.9894039735099,5499.86,0.13727622157654923
117,2019-02-03,4322.77,,560.0,64.0,1714.11,0.0,719.0,0.0,2591.0,281571.0,391.61474269819195,5550.23,0.12954418105195642
118,2019-02-04,4411.77,,576.0,64.0,1675.29,0.0,688.0,0.0,2659.0,282259.0,410.26017441860466,5461.23,0.1259789461348451
119,2019-02-05,4443.02,,626.0,64.0,1796.19,0.0,734.0,0.0,2654.0,282993.0,385.5490463215259,5429.98,0.1351754518432849
120,2019-02-06,4355.29,,668.0,64.0,2136.06,0.0,855.0,0.0,2696.0,283848.0,331.9859649122807,5517.71,0.1549555884597052
121,2019-02-07,4254.62,,705.0,64.0,2447.39,0.0,974.0,0.0,2624.0,284822.0,292.42505133470223,5618.38,0.17335958051965156
122,2019-02-08,4674.44,,980.0,64.0,2626.96,0.0,1096.0,0.0,2446.0,285918.0,260.8740875912409,5198.56,0.2108276138007448
123,2019-02-09,3892.85,,655.0,64.0,2727.85,0.0,1094.0,0.0,2372.0,287012.0,262.3510054844607,5980.15,0.1829385550529669
124,2019-02-10,3845.04,,655.0,64.0,1219.96,0.0,500.0,0.0,980.0,287512.0,575.024,6027.96,0.082946801239557
125,2019-02-11,0.0,,655.0,64.0,0.0,0.0,0.0,0.0,0.0,287512.0,inf,9873.0,0.0
126,2019-02-12,0.0,,655.0,64.0,0.0,0.0,0.0,0.0,0.0,287512.0,inf,9873.0,0.0
127,2019-02-13,0.0,,655.0,64.0,0.0,0.0,0.0,0.0,0.0,287512.0,inf,9873.0,0.0
128,2019-02-14,0.0,,655.0,64.0,0.0,0.0,0.0,0.0,0.0,287512.0,inf,9873.0,0.0
129,2019-02-15,0.0,,655.0,64.0,0.0,0.0,0.0,0.0,0.0,287512.0,inf,9873.0,0.0
130,2019-02-16,0.0,,655.0,64.0,0.0,0.0,0.0,0.0,0.0,287512.0,inf,9873.0,0.0
131,2019-02-17,0.0,,655.0,64.0,0.0,0.0,0.0,0.0,0.0,287512.0,inf,9873.0,0.0
132,2019-02-18,0.0,,655.0,64.0,0.0,0.0,0.0,0.0,0.0,287512.0,inf,9873.0,0.0
133,2019-02-19,0.0,,655.0,64.0,0.0,0.0,0.0,0.0,0.0,287512.0,inf,9873.0,0.0
134,2019-02-20,0.0,,655.0,64.0,0.0,0.0,0.0,0.0,0.0,287512.0,inf,9873.0,0.0
135,2019-02-21,0.0,,655.0,64.0,0.0,0.0,0.0,0.0,0.0,287512.0,inf,9873.0,0.0
136,2019-02-22,0.0,,655.0,64.0,0.0,0.0,0.0,0.0,0.0,287512.0,inf,9873.0,0.0
137,2019-02-23,0.0,,655.0,64.0,0.0,0.0,0.0,0.0,0.0,287512.0,inf,9873.0,0.0
138,2019-02-24,0.0,,655.0,64.0,0.0,0.0,0.0,0.0,0.0,287512.0,inf,9873.0,0.0
139,2019-02-25,0.0,,655.0,64.0,0.0,0.0,0.0,0.0,0.0,287512.0,inf,9873.0,0.0
140,2019-02-26,0.0,,655.0,64.0,92.42,0.0,0.0,0.0,0.0,287512.0,inf,9873.0,0.0
141,2019-02-27,4633.74,4240.96,655.0,64.0,2414.08,0.0,984.0,646.25,2121.0,288496.0,293.1869918699187,5239.26,0.18781278272122398
142,2019-02-28,4598.76,4211.37,655.0,64.0,2712.48,0.0,1119.0,628.75,2138.0,289615.0,258.81590705987486,5274.24,0.21216326902074992
143,2019-03-01,4499.77,4116.85,655.0,64.0,2683.08,0.0,1112.0,620.63,2014.0,290727.0,261.4451438848921,5373.23,0.20695187066252516
144,2019-03-02,4416.74,4036.61,655.0,64.0,2664.72,0.0,1111.0,604.38,1932.0,291838.0,262.68046804680466,5456.26,0.2036193289909205
145,2019-03-03,4371.89,3994.01,655.0,64.0,2645.97,0.0,1115.0,602.5,1867.0,292953.0,262.73811659192825,5501.11,0.20268636693321895
146,2019-03-04,4331.92,3954.56,655.0,64.0,2618.42,0.0,1077.0,595.0,1845.0,294030.0,273.008356545961,5541.08,0.1943664411991886
147,2019-03-05,4293.22,3918.0,655.0,64.0,2615.59,0.0,1099.0,589.38,1790.0,295129.0,268.5432211101001,5579.78,0.19696117051209905
148,2019-03-06,4242.97,3868.96,655.0,64.0,2543.24,0.0,1069.0,586.88,1729.0,296198.0,277.0795135640786,5630.03,0.18987465430912448
149,2019-03-07,4237.18,3864.29,655.0,64.0,2608.09,0.0,1091.0,584.38,1735.0,297289.0,272.49220898258477,5635.82,0.1935831875397014
150,2019-03-08,4205.97,3833.98,655.0,64.0,2599.53,0.0,1084.0,577.5,1712.0,298373.0,275.2518450184502,5667.03,0.1912818531047127
151,2019-03-09,4193.69,3820.99,655.0,64.0,2584.93,0.0,1037.0,574.38,1733.0,299410.0,288.7270973963356,5679.31,0.18259260367896804
152,2019-03-10,4152.91,3782.63,655.0,64.0,2572.83,0.0,1083.0,566.88,1661.0,300493.0,277.4635272391505,5720.09,0.18933268532488123
153,2019-03-11,4141.76,3771.63,655.0,64.0,2552.91,0.0,1071.0,566.25,1650.0,301564.0,281.5723622782446,5731.24,0.18687055506312772
154,2019-03-12,4122.67,3753.42,655.0,64.0,2536.33,0.0,1082.0,562.5,1620.0,302646.0,279.7097966728281,5750.33,0.18816311411692893
155,2019-03-13,4099.24,3730.27,655.0,64.0,2479.68,0.0,1067.0,559.38,1587.0,303713.0,284.6419868791003,5773.76,0.18480158510225572
156,2019-03-14,4089.89,3721.36,655.0,64.0,2500.37,0.0,1061.0,556.25,1594.0,304774.0,287.2516493873704,5783.110000000001,0.1834652980835571
157,2019-03-15,4085.23,3716.44,655.0,64.0,2497.74,0.0,1057.0,551.88,1599.0,305831.0,289.3386944181646,5787.77,0.18262646926190915
158,2019-03-16,4052.34,3684.66,655.0,64.0,2429.92,0.0,1053.0,550.0,1540.0,306884.0,291.4377967711301,5820.66,0.1809073197884776
159,2019-03-17,4051.92,3683.62,655.0,64.0,2492.89,0.0,1050.0,547.5,1574.0,307934.0,293.2704761904762,5821.08,0.18037889876105465
160,2019-03-18,4031.46,3664.62,655.0,64.0,2484.51,0.0,1047.0,542.5,1559.0,308981.0,295.11079274116526,5841.54,0.1792335582740168
161,2019-03-19,4018.74,3652.55,655.0,64.0,2474.06,0.0,1046.0,542.5,1541.0,310027.0,296.3929254302103,5854.26,0.17867330798427128
162,2019-03-20,4011.3,3645.29,94.37,64.0,2450.82,13.74,1051.0,540.63,1523.0,311078.0,295.9828734538535,5861.7,0.1792995206168859
163,2019-03-21,4011.49,3644.44,170.0,64.0,2418.51,37.5,1037.0,536.25,1529.0,312115.0,300.9787849566056,5861.51,0.17691686954385474
164,2019-03-22,3988.83,3622.46,308.13,64.0,2442.92,1.12,1037.0,534.38,1516.0,313152.0,301.9787849566056,5884.17,0.176235560835258
165,2019-03-23,3981.25,3615.01,398.13,64.0,2431.33,10.0,1029.0,533.75,1510.0,314181.0,305.3265306122449,5891.75,0.1746509950354309
166,2019-03-24,3962.26,3596.93,401.88,64.0,2436.06,0.0,1027.0,532.5,1497.0,315208.0,306.921129503408,5910.74,0.1737515099632195
167,2019-03-25,4741.21,4331.77,400.63,64.0,2420.07,4.41,1029.0,526.88,2509.0,316237.0,307.3245869776482,5131.79,0.200514830108013
168,2019-03-26,3995.23,3626.68,400.0,64.0,2280.68,129.71,1022.0,528.13,1479.0,317259.0,310.42954990215264,5877.77,0.1738754663758534
169,2019-03-27,3933.65,3568.17,400.0,64.0,2400.74,3.37,1011.0,526.25,1474.0,318270.0,314.80712166172106,5939.35,0.17022064704050105
170,2019-03-28,3918.88,3553.99,398.75,64.0,2389.49,6.92,1015.0,523.13,1456.0,319285.0,314.5665024630542,5954.12,0.17047019542770384
171,2019-03-29,3947.06,3578.77,398.75,64.0,2293.6,93.29,978.0,516.25,1486.0,320263.0,327.4672801635992,5925.9400000000005,0.16503710803686839
172,2019-03-30,4018.57,3648.26,1037.5,64.0,2244.44,132.4,952.0,543.75,1512.0,321215.0,337.4107142857143,5854.43,0.16261190243969095
173,2019-03-31,3942.71,3571.62,1070.0,64.0,1992.72,350.33,905.0,528.75,1377.0,322120.0,355.9337016574586,5930.29,0.15260636495011204
174,2019-04-01,4075.93,3695.8,1017.5,64.0,1908.92,592.4,944.0,516.25,1482.0,323064.0,342.228813559322,5797.07,0.1628408834117925
175,2019-04-02,4327.45,3923.93,1062.5,64.0,1358.51,960.46,888.0,526.25,1434.0,323952.0,364.81081081081084,5545.55,0.1601283912326099
176,2019-04-03,3929.91,3562.55,1052.5,64.0,2188.58,290.01,1001.0,517.5,1408.0,324953.0,324.6283716283716,5943.09,0.16843090042385359
177,2019-04-04,3910.85,3545.39,1053.75,64.0,2210.71,250.21,1014.0,519.38,1383.0,325967.0,321.4664694280079,5962.15,0.17007287639526011
178,2019-04-05,3899.96,3532.23,1053.13,64.0,2205.89,226.68,954.0,510.63,1432.0,326921.0,342.6844863731656,5973.04,0.159717664706749
179,2019-04-06,3865.61,3500.09,1024.38,64.0,2218.81,152.91,978.0,503.75,1394.0,327899.0,335.2750511247444,6007.389999999999,0.16279948530060476
180,2019-04-07,3859.42,3492.2,999.38,64.0,2216.46,132.68,947.0,501.25,1413.0,328846.0,347.2502639915523,6013.58,0.1574769105923593
181,2019-04-08,3847.64,3481.87,1028.75,64.0,2193.37,112.28,910.0,505.63,1411.0,329756.0,362.3692307692308,6025.360000000001,0.15102832029953395
182,2019-04-09,3837.42,3474.0,1045.63,64.0,2288.4,74.54,987.0,509.38,1376.0,330743.0,335.09929078014187,6035.58,0.16353026552543418
183,2019-04-10,3738.73,3380.15,1023.75,64.0,2474.16,40.15,984.0,424.38,1514.0,331727.0,337.1209349593496,6134.27,0.16041028516840633
184,2019-04-11,3731.16,3373.41,1033.13,64.0,2745.98,219.05,1130.0,380.63,1569.0,332857.0,294.5637168141593,6141.84,0.1839839526917015
185,2019-04-12,3694.66,3338.37,1064.38,64.0,2838.77,348.29,1214.0,348.75,1547.0,334071.0,275.1820428336079,6178.34,0.19649290909856046
186,2019-04-13,3685.89,3329.91,1090.63,64.0,2883.06,364.83,1172.0,337.5,1603.0,335243.0,286.0435153583618,6187.110000000001,0.1894260809974285
187,2019-04-14,3700.82,3343.54,1079.38,64.0,2828.17,366.41,1182.0,345.0,1582.0,336425.0,284.6235194585448,6172.18,0.19150446033654234
188,2019-04-15,3576.33,3224.54,1083.75,64.0,2627.96,233.73,1062.0,343.75,1488.0,337487.0,317.78436911487756,6296.67,0.16866057773394508
189,2019-04-16,3674.57,3320.81,1111.88,64.0,2964.24,73.19,1250.0,338.75,1552.0,338737.0,270.9896,6198.43,0.2016639697471779
190,2019-04-17,3698.7,3341.55,1073.13,64.0,2939.08,137.85,1037.0,325.63,1758.0,339774.0,327.6509161041466,6174.3,0.16795426202160568
191,2019-04-18,3691.31,3335.76,1056.88,64.0,2919.26,74.94,1192.0,341.25,1599.0,340966.0,286.0453020134228,6181.6900000000005,0.1928275277472665
192,2019-04-19,3670.94,3313.87,1046.25,64.0,2837.68,222.64,1184.0,323.13,1593.0,342150.0,288.9780405405405,6202.0599999999995,0.19090431243812542
193,2019-04-20,3694.06,3334.91,1091.88,64.0,2770.42,286.88,1075.0,331.88,1667.0,343225.0,319.27906976744185,6178.9400000000005,0.17397806096191254
194,2019-04-21,3682.31,3319.53,1089.38,64.0,2633.03,386.96,1173.0,324.38,1549.0,344398.0,293.60443307757885,6190.6900000000005,0.18947807110354417
195,2019-04-22,3688.82,3326.43,1071.88,64.0,2624.81,391.26,1070.0,320.0,1642.0,345468.0,322.86728971962617,6184.18,0.1730221306624322
196,2019-04-23,3610.86,3251.51,1078.13,64.0,2445.54,376.66,1042.0,328.13,1509.0,346510.0,332.54318618042225,6262.139999999999,0.1663967908734075
197,2019-04-24,3696.62,3335.41,1059.38,64.0,2629.67,399.98,1099.0,338.13,1597.0,347609.0,316.2957233848954,6176.38,0.17793594306049823
198,2019-04-25,3636.9,3277.99,1080.63,64.0,2623.84,394.04,1132.0,317.5,1544.0,348741.0,308.0750883392226,6236.1,0.18152370872821152
199,2019-04-26,3546.16,3191.33,1093.13,64.0,2335.55,356.64,994.0,345.0,1408.0,349735.0,351.8460764587525,6326.84,0.15710844592245102
200,2019-04-27,3596.29,3238.82,1088.13,64.0,2666.92,399.96,1123.0,291.88,1567.0,350858.0,312.42920747996436,6276.71,0.17891538720125671
201,2019-04-28,3598.36,3241.5,1082.5,64.0,2651.99,399.95,1125.0,301.88,1543.0,351983.0,312.8737777777778,6274.639999999999,0.17929315466704068
202,2019-04-29,3638.29,3280.91,1079.38,64.0,2642.18,394.0,1128.0,331.25,1529.0,353111.0,313.0416666666667,6234.71,0.18092260907083088
203,2019-04-30,3593.5,3240.18,1080.0,64.0,2630.66,399.94,1045.0,340.63,1525.0,354156.0,338.90526315789475,6279.5,0.1664145234493192
204,2019-05-01,3587.96,3234.55,1073.13,64.0,2615.08,400.05,1037.0,338.13,1525.0,355193.0,342.519768563163,6285.04,0.1649949721879256
205,2019-05-02,3528.25,3176.29,1065.63,64.0,2597.78,399.98,1031.0,307.5,1515.0,356224.0,345.51309408341416,6344.75,0.16249655226762283
206,2019-05-03,3542.31,3189.59,1060.0,64.0,2548.15,399.96,1011.0,321.25,1506.0,357235.0,353.34817012858554,6330.6900000000005,0.15969823194628072
207,2019-05-04,3544.69,3189.74,1060.63,64.0,2396.04,385.32,886.0,330.0,1539.0,358121.0,404.1997742663657,6328.3099999999995,0.1400057835346246
208,2019-05-05,3482.03,3132.46,1053.75,64.0,2542.4,399.93,1002.0,306.25,1476.0,359123.0,358.4061876247505,6390.969999999999,0.15678371201867636
209,2019-05-06,3495.42,3145.55,1048.75,64.0,2501.5,398.73,982.0,322.5,1464.0,360105.0,366.70570264765786,6377.58,0.1539769003289649
210,2019-05-07,3461.8,3112.92,1042.5,64.0,2497.66,374.19,979.0,305.63,1460.0,361084.0,368.829417773238,6411.2,0.15270152233591217
211,2019-05-08,3457.43,3108.74,1046.88,64.0,2413.12,324.76,949.0,321.25,1424.0,362033.0,381.4889357218124,6415.57,0.14792138500554122
212,2019-05-09,3432.38,3085.28,1011.25,64.0,2475.63,304.84,961.0,303.75,1440.0,362994.0,377.72528616024977,6440.62,0.1492092376199807
213,2019-05-10,3395.8,3052.97,1025.63,64.0,2548.45,295.47,961.0,301.88,1429.0,363955.0,378.72528616024977,6477.2,0.14836657815105292
214,2019-05-11,3383.4,3038.94,1026.88,64.0,2478.95,332.72,950.0,289.38,1426.0,364905.0,384.11052631578946,6489.6,0.146388067061144
215,2019-05-12,3405.99,3059.09,1010.0,64.0,2414.94,347.8,945.0,297.5,1419.0,365850.0,387.14285714285717,6467.01,0.14612626236854434
216,2019-05-13,3379.99,3036.18,1028.13,64.0,2461.81,243.51,943.0,296.88,1410.0,366793.0,388.9639448568399,6493.01,0.14523310452317184
217,2019-05-14,3396.89,3051.98,1032.5,64.0,2420.88,316.48,934.0,308.13,1401.0,367727.0,393.7119914346895,6476.110000000001,0.14422238041046245
218,2019-05-15,3417.35,3070.16,1031.25,64.0,2363.04,349.95,921.0,313.13,1402.0,368648.0,400.2692725298588,6455.65,0.14266572692137897
219,2019-05-16,3377.79,3032.09,1031.25,64.0,2358.08,349.96,921.0,297.5,1390.0,369569.0,401.2692725298588,6495.21,0.1417968010272185
220,2019-05-17,3324.24,2980.74,1036.25,64.0,2361.07,368.54,913.0,277.5,1385.0,370482.0,405.7853231106243,6548.76,0.13941570617949045
221,2019-05-18,3323.57,2983.25,1035.63,64.0,2422.33,303.02,909.0,294.38,1376.0,371391.0,408.57095709570956,6549.43,0.1387907039238529
222,2019-05-19,3337.9,2994.21,1030.63,64.0,2337.71,351.93,900.0,290.63,1376.0,372291.0,413.6566666666667,6535.1,0.13771786200670227
223,2019-05-20,3312.29,2969.03,1028.75,64.0,2310.95,399.85,898.0,280.63,1363.0,373189.0,415.57795100222717,6560.71,0.13687542964099922
224,2019-05-21,3297.81,2956.64,1023.75,64.0,2343.61,325.32,896.0,281.25,1359.0,374085.0,417.50558035714283,6575.1900000000005,0.13626982642326685
225,2019-05-22,3295.57,2957.41,1036.25,64.0,2397.83,284.95,889.0,296.25,1352.0,374974.0,421.793025871766,6577.43,0.1351591731116865
226,2019-05-23,3295.37,2957.18,1048.13,64.0,2339.74,125.85,864.0,306.25,1333.0,375838.0,434.99768518518516,6577.63,0.13135430238550969
227,2019-05-24,3290.51,2952.65,1006.25,64.0,2387.44,381.45,888.0,294.38,1343.0,376726.0,424.240990990991,6582.49,0.1349033572401933
228,2019-05-25,3256.27,2917.27,1003.75,64.0,2237.91,249.6,817.0,288.13,1332.0,377543.0,462.10893512851897,6616.73,0.12347488865345874
229,2019-05-26,3241.24,2903.08,1003.13,64.0,2311.4,288.18,863.0,269.38,1340.0,378406.0,438.4774044032445,6631.76,0.1301313678420208
230,2019-05-27,3240.81,2903.91,1033.75,64.0,2321.99,311.17,865.0,278.75,1325.0,379271.0,438.4635838150289,6632.1900000000005,0.13042449025133476
231,2019-05-28,3245.11,2908.4,1008.75,64.0,2314.0,350.15,854.0,285.63,1323.0,380125.0,445.1112412177986,6627.889999999999,0.12884945284245816
232,2019-05-29,3221.08,2886.21,1009.38,64.0,2331.58,263.11,856.0,278.75,1315.0,380981.0,445.071261682243,6651.92,0.12868465044678828
233,2019-05-30,3276.37,2937.01,1007.5,64.0,2349.22,187.34,775.0,274.38,1442.0,381756.0,492.58838709677417,6596.63,0.11748423058440446
234,2019-05-31,3256.64,2921.11,1036.25,64.0,2333.52,262.68,852.0,301.88,1313.0,382608.0,449.07042253521126,6616.360000000001,0.12877171133372428
235,2019-06-01,3173.88,2840.32,1035.63,64.0,2098.08,352.85,766.0,298.75,1225.0,383374.0,500.4882506527415,6699.12,0.11434337644347317
236,2019-06-02,3232.58,2896.0,1042.5,64.0,2285.72,397.71,865.0,283.13,1298.0,384239.0,444.206936416185,6640.42,0.13026284482005657
237,2019-06-03,3099.81,2769.7,1003.13,64.0,2050.21,366.63,762.0,279.38,1177.0,385001.0,505.250656167979,6773.1900000000005,0.112502380709828
238,2019-06-04,3213.91,2878.89,1000.0,64.0,2291.83,272.96,842.0,279.38,1305.0,385843.0,458.2458432304038,6659.09,0.12644370326876495
239,2019-06-05,4564.34,4219.33,940.63,64.0,2284.97,186.75,987.0,1075.0,1105.0,386830.0,391.92502532928063,5308.66,0.18592262454178646
240,2019-06-06,2891.67,2565.2,1040.0,64.0,1402.79,222.94,500.0,277.5,926.0,387330.0,774.66,6981.33,0.07161959110943043
241,2019-06-07,3157.26,2827.3,1042.5,64.0,2325.38,225.13,968.0,277.5,1169.0,388298.0,401.13429752066116,6715.74,0.14413899287345847
242,2019-06-08,2941.2,2621.68,1034.38,64.0,1986.45,335.32,1071.0,280.63,786.0,389369.0,363.5564892623716,6931.8,0.15450532329265126
243,2019-06-09,3187.57,2853.48,1039.38,64.0,2249.81,374.13,828.0,275.63,1285.0,390197.0,471.2524154589372,6685.43,0.12385142017790927
244,2019-06-10,3181.03,2848.45,1036.25,64.0,2250.75,384.08,825.0,283.75,1267.0,391022.0,473.9660606060606,6691.969999999999,0.12328208285452566
245,2019-06-11,3154.43,2822.25,1039.38,64.0,2220.04,398.69,816.0,271.25,1260.0,391838.0,480.1936274509804,6718.57,0.12145441663925509
246,2019-06-12,3148.04,2817.29,1036.88,64.0,2228.64,399.97,813.0,276.88,1249.0,392651.0,482.96555965559656,6724.96,0.1208929123742
247,2019-06-13,3137.64,2808.4,1039.38,64.0,2243.5,391.88,807.0,278.13,1246.0,393458.0,487.5563816604709,6735.360000000001,0.11981542189281641
248,2019-06-14,3103.79,2775.84,1040.0,64.0,2232.89,399.9,801.0,263.75,1241.0,394259.0,492.2084893882647,6769.21,0.11832990851221929
249,2019-06-15,3106.05,2778.28,1041.25,64.0,2222.74,399.95,796.0,269.38,1234.0,395055.0,496.3002512562814,6766.95,0.11763054256348872
250,2019-06-16,3095.14,2767.67,1030.0,64.0,2211.25,399.93,790.0,265.0,1232.0,395845.0,501.06962025316454,6777.860000000001,0.11655596309159527
251,2019-06-17,3094.87,2767.91,1031.88,64.0,2208.24,370.68,789.0,270.0,1223.0,396634.0,502.7046894803549,6778.13,0.11640378688517335
252,2019-06-18,3068.67,2742.69,1033.13,64.0,2197.53,398.79,781.0,258.13,1221.0,397415.0,508.85403329065304,6804.33,0.11477985341686837
253,2019-06-19,3071.85,2748.36,1028.75,64.0,2230.1,378.97,772.0,276.25,1211.0,398187.0,515.7862694300518,6801.15,0.1135102151841968
254,2019-06-20,3043.25,2720.21,1029.38,64.0,2208.71,301.61,758.0,259.38,1217.0,398945.0,526.3126649076518,6829.75,0.11098502873458033
255,2019-06-21,3031.06,2708.48,1025.0,64.0,2196.49,278.64,757.0,255.63,1209.0,399702.0,528.007926023778,6841.9400000000005,0.11064113394738918
256,2019-06-22,3072.83,2749.36,1028.13,64.0,2198.93,328.61,755.0,283.13,1203.0,400457.0,530.4066225165562,6800.17,0.11102663609880341
257,2019-06-23,3034.09,2711.48,1024.38,64.0,2171.18,390.6,743.0,262.5,1202.0,401200.0,539.9730820995962,6838.91,0.10864304399385283
258,2019-06-24,3028.51,2706.58,1008.13,64.0,2176.31,289.06,748.0,263.13,1194.0,401948.0,537.3636363636364,6844.49,0.1092849869018729
259,2019-06-25,2986.32,2668.8,1003.13,64.0,2238.78,68.05,748.0,251.88,1194.0,402696.0,538.3636363636364,6886.68,0.1086154721868883
260,2019-06-26,2980.89,2663.34,1000.63,64.0,2223.89,82.98,745.0,250.0,1190.0,403441.0,541.531543624161,6892.110000000001,0.10809461833894118
261,2019-06-27,2984.21,2667.53,999.38,64.0,2238.04,32.41,741.0,256.88,1188.0,404182.0,545.4547908232119,6888.79,0.10756606022247739
262,2019-06-28,2984.5,2665.84,1020.63,64.0,2175.42,187.83,736.0,253.75,1179.0,404918.0,550.1603260869565,6888.5,0.10684474123539232
263,2019-06-29,3016.0,2694.64,1021.25,64.0,2120.71,437.84,727.0,268.13,1171.0,405645.0,557.971114167813,6857.0,0.10602304214671139
264,2019-06-30,3017.37,2696.36,1020.0,64.0,2119.52,460.8,726.0,272.5,1165.0,406371.0,559.7396694214876,6855.63,0.10589836382651922
265,2019-07-01,3102.17,2765.96,1020.0,64.0,1873.1,437.98,722.0,266.88,1164.0,407093.0,563.8407202216066,6770.83,0.10663389865053473
266,2019-07-02,3162.69,2818.97,991.88,64.0,1773.86,274.39,722.0,270.0,1165.0,407815.0,564.8407202216066,6710.3099999999995,0.10759562523937047
267,2019-07-03,3064.59,2726.42,903.13,64.0,1812.61,148.86,721.0,231.88,1163.0,408536.0,566.624133148405,6808.41,0.10589844031132085
268,2019-07-04,3103.22,2767.45,1023.75,64.0,1896.95,203.38,735.0,265.0,1165.0,409271.0,556.8312925170068,6769.780000000001,0.10857073641979502
269,2019-07-05,3097.22,2758.47,1011.25,64.0,1810.26,343.41,718.0,254.38,1156.0,409989.0,571.0153203342618,6775.780000000001,0.10596566004209108
270,2019-07-06,3122.52,2781.0,1024.38,64.0,1762.3,407.07,708.0,261.88,1153.0,410697.0,580.0805084745763,6750.48,0.10488143065382018
271,2019-07-07,3113.25,2772.98,1030.0,64.0,1771.02,415.28,706.0,263.13,1148.0,411403.0,582.7237960339943,6759.75,0.10444173231258552
272,2019-07-08,3090.88,2751.82,1028.13,64.0,1773.71,400.01,705.0,255.0,1144.0,412108.0,584.5503546099291,6782.12,0.10394979740847994
273,2019-07-09,3083.72,2745.82,1026.88,64.0,1782.19,399.99,701.0,256.88,1141.0,412809.0,588.885877318117,6789.280000000001,0.1032510074706007
274,2019-07-10,3100.85,2762.94,1023.13,64.0,1782.01,400.0,696.0,270.0,1137.0,413505.0,594.1163793103449,6772.15,0.10277386059080204
275,2019-07-11,3059.66,2723.2,1023.75,64.0,1777.79,399.99,693.0,251.25,1135.0,414198.0,597.6883116883117,6813.34,0.10171222924439409
276,2019-07-12,3059.5,2723.11,1022.5,64.0,1771.92,400.01,693.0,253.13,1129.0,414891.0,598.6883116883117,6813.5,0.10170984075732002
277,2019-07-13,2777.65,2453.36,983.75,64.0,1617.57,362.92,625.0,164.38,1038.0,415516.0,664.8256,7095.35,0.08808585904853178
278,2019-07-14,2902.55,2574.41,1001.88,64.0,1576.79,302.1,613.0,243.75,996.0,416129.0,678.8401305057097,6970.45,0.0879426722808427
279,2019-07-15,3031.74,2698.0,1003.75,64.0,1819.07,399.4,711.0,243.13,1128.0,416840.0,586.2728551336146,6841.26,0.1039282237482569
280,2019-07-16,3054.58,2717.02,1016.25,64.0,1729.66,414.81,690.0,249.38,1115.0,417530.0,605.1159420289855,6818.42,0.10119646487016054
281,2019-07-17,3036.63,2700.54,1016.88,64.0,1730.87,425.24,685.0,246.88,1108.0,418215.0,610.5328467153284,6836.37,0.10019937481441174
282,2019-07-18,2935.03,2603.54,1008.13,64.0,1431.09,309.35,559.0,275.63,940.0,418774.0,749.1484794275492,6937.969999999999,0.08057111806479418
283,2019-07-19,3017.81,2684.31,1011.25,64.0,1769.36,369.03,671.0,243.75,1125.0,419445.0,625.1043219076006,6855.1900000000005,0.0978820426567316
284,2019-07-20,3054.4,2717.05,1012.5,64.0,1710.44,425.04,671.0,254.38,1112.0,420116.0,626.1043219076006,6818.6,0.09840729768574194
285,2019-07-21,3031.51,2695.85,1010.63,64.0,1716.4,425.0,669.0,248.75,1106.0,420785.0,628.9760837070254,6841.49,0.09778571626940916
286,2019-07-22,3006.98,2673.32,1019.38,64.0,1727.24,385.12,669.0,243.75,1099.0,421454.0,629.9760837070254,6866.02,0.097436360511621
287,2019-07-23,2975.61,2643.77,1020.63,64.0,1725.35,425.01,663.0,241.88,1093.0,422117.0,636.6772247360483,6897.389999999999,0.09612331621091458
288,2019-07-24,2962.8,2631.82,1022.5,64.0,1726.02,424.95,662.0,238.13,1089.0,422779.0,638.6389728096676,6910.2,0.09580041098665741
289,2019-07-25,2945.41,2615.66,1008.75,64.0,1665.09,420.3,638.0,247.5,1050.0,423417.0,663.6630094043887,6927.59,0.09209551950967075
290,2019-07-26,2979.58,2648.59,1012.5,64.0,1719.1,424.99,657.0,245.0,1079.0,424074.0,645.4703196347032,6893.42,0.09530827948971628
291,2019-07-27,2952.24,2622.11,1012.5,64.0,1709.83,424.92,655.0,240.0,1075.0,424729.0,648.4412213740458,6920.76,0.09464278489645646
292,2019-07-28,2967.6,2637.67,1010.0,64.0,1716.03,425.03,651.0,244.38,1073.0,425380.0,653.4254992319509,6905.4,0.09427404639847077
293,2019-07-29,2993.37,2662.22,1011.88,64.0,1704.73,425.02,649.0,257.5,1069.0,426029.0,656.4391371340524,6879.63,0.09433646867636777
294,2019-07-30,2969.94,2637.48,1001.88,64.0,1652.0,425.02,651.0,241.25,1052.0,426680.0,655.4224270353303,6903.0599999999995,0.09430600342456824
