Well Name,WINS,Completion,API #10,Operating Company,Budgeting Area,Production Method,Foreman Name,Route Description,Pad Name,State,County,Formation,Member,Interval,Target,True Vertical Depth,Measured Depth,First Date,Last Date,First Oil Date,First Gas Sales Date,Base or Wedge,Surface Latitude,Surface Longitude,Bottom Hole Latitude,Bottom Hole Longitude,Lateral Length,Stimulated Lateral Length,Total Proppant,Water Volume Pumped,Proppant Intensity,Fluid Intensity,Number of Stages,Number of Perforation Clusters,Stage Length,Cluster Spacing,Clusters/Stage,Primary Fluid,Primary Treatment Type,Proppant/cluster,Fluid/ cluster,Frac Company,Avg Injection Rate,Avg Injection Pressure,Max Injection Rate,Max Injection Pressure,Oil Gravity API,Gas Gravity,Solution Gas Oil Ratio,Initial Reservoir Pressure,Reservoir Temperature,Formation Compressibility,Water Saturation,N2 PCT,CO2 PCT,H2S PCT,PVT Lab Report,Result,Period Start,Period End,Slope,Variance,Average Oil Rate,Average Gas Rate,Average Water Rate,Average Oil Gravity,Average Gas Gravity,Average Separator Pressure,Average Separator Temperature,Average Separator Gas Oil Ratio,Stock Tank Gas Oil Ratio,Calculated Solution Gas Oil Ratio,Saturation Pressure,Stock Tank Gas Specific Gravity,Oil Specific Gravity,Water Specific Gravity,Corrected Gas Specific Gravity,Gas Pseudo Critical Pressure,Gas Pseudo Critical Temperature,Saturation Pressure,Bob,Boi,Bgi,Bwi,Coi,Cgi,Cwi,Cti,Pressure Gradient,Temperature Gradient,Initial Reservoir Pressure,Reservoir Temperature,Solution Gas Oil Ratio,Oil Gravity,Gas Gravity,Water Saturation,VLime,VClay,VSand,TOC,Isopach,Porosity,Structure ,Maturity,Recombined GOR,Solution GOR at Standard Conditions,Solution GOR at Separator Conditions,Initial Reservoir Pressure,Reservoir Temperature,Saturation Pressure,Fluid Type,Lab Company,Oil Gravity,Gas Gravity,N2 PCT,CO2 PCT,H2S PCT,Casing True Vertical Depth,Casing Measured Depth,Tubing Depth,Casing ID,Tubing ID,Tubing Flow Date,Lift Correlation,Gauge Depth,BHP Gauge Available,BHP All Inputs Available,Gas Lift Valves Data Source,Gas Lift Valve 1 Depth,Gas Lift Valve 2 Depth,Gas Lift Valve 3 Depth,Gas Lift Valve 4 Depth,Gas Lift Valve 5 Depth,Gas Lift Valve 6 Depth,Gas Lift Valve 7 Depth,Gas Lift Valve 8 Depth,Gas Lift Valve 9 Depth,Gas Lift Valve 10 Depth,BHP Last Calculated Value,Last Calculated Date,BHP Results Count,Well Status,Initial Value,Di,De,b,Manual Fit,Initial Value (Manual),Di (Manual),De (Manual),b (Manual),Initial Value (Auto),Di (Auto),De (Auto),b (Auto),Excluded Data,Excluded After Date,Notes,User Name,DateTime Last Processed,MBT Filter,MBT Filter Value,Outlier Filter,Outlier Filter Value,Bourdet Smoothing,Cubic Spline Smoothing,Cumulative Oil Production (Current),Cumulative Gas Production (Current),Cumulative Water Production (Current),Cumulative Liquid Production (Current),Cumulative BOE Production (Current),Cumulative Total Equivalent Rate Production (Current),Liq. Productivity Index Forecast - Initial Value,Liq. Productivity Index Forecast - Di,Liq. Productivity Index Forecast - b,Avg. Pressure Forecast - Initial Value,Avg. Pressure Forecast - Di,Avg. Pressure Forecast - b,Liq. Rate Prediction Forecast - Initial Value,Liq. Rate Prediction Forecast - Di,Liq. Rate Prediction Forecast - b
SILVERTIP 76-10 UNIT G 1H,J7516,1,4230132911,ANADARKO E&P ONSHORE LLC,DELAWARE BASIN PERMIAN OP BUDGET CC,GAS LIFT,JAMES WEAVER,DC1 SILVERTIP EAST,SILVERTIP 76-10 G/ 76-16 R/ 76-15 S 1H PAD,TX,LOVING,WOLFCAMP,WC_A,ALPHA,W1_ALPHA,12226.87648,12712,9/23/2017,5/27/2019,9/25/2017,10/10/2017,base,31.9709901,-103.5462606,31.9998755,-103.5462749,9665,9675,33333369,641184.07,3445.309457,66.2722553,45,360,215,26.94986072,8,SLICKWATER FRAC,PNP,92592.69167,1781.066861,PUMPCO,60,9410,72,11360,45.7,0.788,2409,10229.34473,183.3675537,0.000004,0.550790787,0.796,0.102,0,TRUE,TRUE,10/1/2017,10/2/2017,8.275892827,167.04,909.8181818,1673.803636,5022.545455,44.5,0.78,369.9090909,132.4545455,1840.017391,205.8249562,2045.842348,4233.373043,1.46654794,0.798532731,1.0547512,0.785808843,651.6360576,398.1455209,4771.953754,2.495026638,2.322765818,0.000466025,1.004238183,1.31201E-05,3.25428E-05,2.14083E-06,1.10728E-05,0.836627781,0.014997089,10229.34473,183.3675537,1848.646362,46.15315628,0.796495616,0.550790787,0.068001032,0.24522686,0.604070604,0.330816478,194.0964355,0.069715418,1.043144226,-8933.425781,1612,2409,1960,10035,183,4000,Bubble Point (Oil),Corelab,45.7,0.788,0.796,0.102,0,12219.6,12712,11712,3.826,2.441,9/23/2017,PetroleumExperts2,11368,TRUE,TRUE,DEFAULT,1064.727273,2129.454545,3194.181818,4258.909091,5323.636364,6388.363636,7453.090909,8517.818182,9582.545454,10647.27273,4412.947,5/27/2019,583,include,2.576,0.087187,87.45751548,2.14,FALSE,,,,,6.784186692,0.05,87.45751548,1.658135941,FALSE,,,SYSTEM.SCHEDULER,5/28/2019,TRUE,5,TRUE,1,0.2,0.2,410909.4698,917141.4706,1542616,1953525.474,563766.382,2517917.147,7.010393684,0.05,1.699817284,10263.96682,2.73E-07,12.06843514,7845.679594,0.05,5.018988701
SILVERTIP 76-10 UNIT H 1H,J7517,1,4230132922,ANADARKO E&P ONSHORE LLC,DELAWARE BASIN PERMIAN OP BUDGET CC,GAS LIFT,JAMES WEAVER,DC1 SILVERTIP EAST,SILVERTIP 76-10 H/ 76-11 I/ 76-15 T/ 76-14 U 1H PA PAD,TX,LOVING,WOLFCAMP,WC_A,BETA,MIDDLE_BETA,12680.44944,12960,12/10/2017,5/27/2019,12/11/2017,12/18/2017,base,31.9707138,-103.5314693,31.9998956,-103.5318658,9863,9893,33958166,724227.17,3432.54483,73.20602143,94,373,106,26.59408602,3.968085106,SLICKWATER FRAC,PNP,91040.65952,1941.627802,PUMPCO,54,10598,71,11830,46.9,0.78,2034.552941,10627.49121,188.3053741,0.000004,0.46594432,0.796,0.102,0,FALSE,TRUE,1/2/2018,1/2/2018,49.32506043,1589.76,1086.545455,1969.941818,4302.545455,46.9,0.78,346.3636364,131.9090909,1815.56479,218.9881508,2034.552941,4011.443407,1.47714957,0.793161435,1.0547512,0.777736352,652.738992,396.2581915,4408.94045,2.242066771,2.094319682,0.000461848,1.004840368,1.09672E-05,3.09447E-05,2.13691E-06,1.08528E-05,0.838100493,0.014850056,10627.49121,188.3053741,1800.39978,46.09835815,0.796741247,0.46594432,0.254161596,0.237725601,0.463736475,,282.1712646,0.076932885,1.039854407,-9293.710938,,,,,,,,,,,,,,12657.4,12960,11960,3.826,2.441,12/11/2017,PetroleumExperts2,11780.72,TRUE,TRUE,DEFAULT,1087.272727,2174.545454,3261.818182,4349.090909,5436.363636,6523.636363,7610.90909,8698.181818,9785.454545,10872.72727,3893.5024,5/27/2019,518,include,2.576,0.087187,87.76134859,2.14,FALSE,,,,,5.852599406,0.05,87.76134859,1.631245853,FALSE,,,SYSTEM.SCHEDULER,5/28/2019,TRUE,5,TRUE,1,0.2,0.2,431833.4096,873646.8202,1310048,1741881.41,577441.213,2237539.294,6.694122995,0.05,1.665094417,10671.58091,5.33E-07,9.748237344,10823.22208,0.05,3.063461301
SILVERTIP 76-11 UNIT I 1H,J7518,1,4230132923,ANADARKO E&P ONSHORE LLC,DELAWARE BASIN PERMIAN OP BUDGET CC,FLOWING,JAMES WEAVER,DC1 SILVERTIP EAST,SILVERTIP 76-10 H/ 76-11 I/ 76-15 T/ 76-14 U 1H PA PAD,TX,LOVING,WOLFCAMP,WC_A,ALPHA,W1_ALPHA,12356.10841,12829,12/4/2017,5/27/2019,12/6/2017,12/15/2017,base,31.9707144,-103.5313726,31.9999793,-103.5295971,9430,9479,19381390,409281.67,2044.666104,43.17772655,47,188,202,50.68983957,4,SLICKWATER FRAC,PNP,103092.5,2177.03016,PUMPCO,60,9306,72,11210,47.8,0.78,2165.699249,10355.66016,183.4889069,0.000004,0.618062794,0.796,0.102,0,FALSE,TRUE,12/8/2017,12/9/2017,52.6241925,5235.84,818.1818182,1600.254545,5506.909091,47.8,0.78,303.2727273,134.4545455,1968.080279,197.6189703,2165.699249,3996.616172,1.459350711,0.789180145,1.0547512,0.777736352,652.738992,396.2581915,4459.620174,2.329856868,2.173073408,0.000463106,1.003957641,1.18174E-05,3.20653E-05,2.13278E-06,9.83169E-06,0.838100493,0.014850056,10355.66016,183.4889069,1773.168701,46.26663971,0.795987189,0.618062794,0.076040417,0.238319084,0.605587065,0.404163241,197.4501038,0.068191476,1.039985061,-9020.951172,,,,,,,,,,,,,,12356.1,12829,11829,3.826,2.441,12/5/2017,PetroleumExperts2,11465.94,TRUE,TRUE,DEFAULT,1075.363636,2150.727273,3226.090909,4301.454545,5376.818182,6452.181818,7527.545454,8602.90909,9678.272727,10753.63636,4264.6306,5/27/2019,523,include,2.576,0.087187,87.9567256,2.14,FALSE,,,,,5.13241192,0.05,87.9567256,1.613981015,FALSE,,,SYSTEM.SCHEDULER,5/28/2019,TRUE,5,TRUE,1,0.2,0.2,257192.4599,629973.8212,1315274,1572466.46,362188.0971,1918182.672,5.464471563,0.05,1.595922354,10379.82515,3.68E-07,18.24511643,10462.16016,0.05,2.744549807
SILVERTIP 76-11 UNIT J 1H,J6662,1,4230132943,ANADARKO E&P ONSHORE LLC,DELAWARE BASIN PERMIAN OP BUDGET CC,GAS LIFT,JAMES WEAVER,DC1 SILVERTIP EAST,SILVERTIP 76-11 J/ 76-12 K/ 76-14 V/ 76-13 W 1H PA PAD,TX,LOVING,WOLFCAMP,WC_A,BETA,MIDDLE_BETA,12804.11524,13101,4/26/2018,5/27/2019,4/26/2018,4/26/2018,base,31.9707095,-103.5146155,31.9998999,-103.5150674,9839,9888,20921075,403166.02,2115.804511,40.77326254,25,200,396,49.68844221,8,SLICKWATER FRAC,PNP,104605.375,2015.8301,PUMPCO,60,9369,71,11833,46.21919632,0.796196938,1736.226318,10767.47168,187.5180054,0.000004,0.447691023,0.796,0.102,0,FALSE,,,,,,,,,,,,,,,,,,0.796199864,1.0547512,0.794080056,650.5054853,400.0693077,4011.875904,2.054113778,1.927772596,0.000461553,1.004243354,9.4004E-06,2.99063E-05,2.12409E-06,1.01429E-05,0.84093833,0.014645136,10767.47168,187.5180054,1736.226318,46.21919632,0.796196938,0.447691023,0.230495453,0.238655865,0.486977905,,272.3673096,0.080112427,1.040474057,-9369.152344,,,,,,,,,,,,,,12804.1,13101,12101,3.826,2.441,4/26/2018,PetroleumExperts2,11560,TRUE,TRUE,DEFAULT,1100.090909,2200.181818,3300.272727,4400.363636,5500.454545,6600.545454,7700.636363,8800.727272,9900.818181,11000.90909,3926.8376,5/27/2019,363,include,2.576,0.087187,89.79028257,2.14,FALSE,,,,,3.793839085,0.051879463,89.79028257,1.474508646,FALSE,,,SYSTEM.SCHEDULER,5/28/2019,TRUE,5,TRUE,1,0.2,0.2,231709.5903,417769.1299,711670,943379.5905,301337.7783,1177955.363,6.045127669,0.128476268,1.786351715,10881.22929,1.14882E-06,7.125017996,11306.61302,0.05,1.77028585
SILVERTIP 76-12 UNIT K 1H,J7520,1,4230132945,ANADARKO E&P ONSHORE LLC,DELAWARE BASIN PERMIAN OP BUDGET CC,FLOWING,JAMES WEAVER,DC1 SILVERTIP EAST,SILVERTIP 76-11 J/ 76-12 K/ 76-14 V/ 76-13 W 1H PA PAD,TX,LOVING,WOLFCAMP,WC_A,ALPHA,W1_ALPHA,12496.43405,13144,4/27/2018,5/27/2019,4/28/2018,4/27/2018,base,31.9707121,-103.5144221,31.9998775,-103.512358,9290,9340,19596800,627268.63,2098.158458,67.15938223,47,188,199,49.94652406,4,SLICKWATER FRAC,PNP,104238.2979,3336.535266,PUMPCO,60,9080,71,11300,46.21919632,0.796196938,1707.914063,10508.73047,183.0119781,0.000004,0.618062794,0.796,0.102,0,FALSE,,,,,,,,,,,,,,,,,,0.796199864,1.0547512,0.794080056,650.5054853,400.0693077,3948.916336,2.031865144,1.910125567,0.000462797,1.003438766,9.42453E-06,3.09187E-05,2.12076E-06,8.91034E-06,0.84093833,0.014645136,10508.73047,183.0119781,1707.914063,46.21919632,0.796196938,0.618062794,0.090160206,0.234282911,0.606606662,0.389100671,197.2427521,0.066977978,1.040177822,-9146.213867,,,,,,,,,,,,,,12496.5,13144,12144,3.92,2.441,4/28/2018,PetroleumExperts2,11700,TRUE,TRUE,DEFAULT,1104,2208,3312,4416,5520,6624,7728,8832,9936,11040,4579.319,5/27/2019,334,include,2.576,0.087187,88.61557448,2.14,FALSE,,,,,4.700533979,0.05,88.61557448,1.555885939,FALSE,,,SYSTEM.SCHEDULER,5/28/2019,TRUE,5,TRUE,1,0.2,0.2,197460.16,314556.4407,928631,1126091.161,249886.2334,1318510.963,6.15334638,0.075844798,1.619800255,10527.169,3.71E-07,14.56520367,11379.15209,0.05,2.444005204
SILVERTIP 76-12 UNIT L 1H,J6663,1,4230132954,ANADARKO E&P ONSHORE LLC,DELAWARE BASIN PERMIAN OP BUDGET CC,FLOWING,JAMES WEAVER,DC1 SILVERTIP EAST,SILVERTIP 76-12 UNIT L/ 76-13 X 1H PAD,TX,LOVING,WOLFCAMP,WC_A,ALPHA,SHALE_ALPHA,12553.61343,12851,11/22/2017,5/27/2019,11/24/2017,12/1/2017,base,31.9707052,-103.5043339,31.9998605,-103.5042581,9954,9993,25014020,545174.24,2503.154208,54.55561293,50,300,200,33.42140468,6,SLICKWATER FRAC,PNP,83380.06667,1817.247467,FTSI INC,56,10829,67,11584,45,0.78,1936.190663,10556.81445,183.8493805,0.000004,0.618062794,2.2,8.83,0,FALSE,TRUE,11/30/2017,11/30/2017,30.19162296,138.24,759.2727273,1315.44,6949.090909,45,0.78,357.8181818,133.3636364,1732.630132,203.5605314,1936.190663,4073.900747,1.451753545,0.801699717,1.0547512,0.701933236,663.0729891,378.0651061,4388.235717,2.166004224,2.029410565,0.000451818,1.003582465,1.05634E-05,3.25784E-05,2.12118E-06,9.34557E-06,0.84093833,0.014645136,10556.81445,183.8493805,1690.820801,46.21919632,0.796196938,0.618062794,0.090160206,0.232699558,0.607083797,0.389100671,197.2427521,0.066571742,1.039103866,-9185.451172,,,,,,,,,,,,,,12553.6,12851,11851,3.92,2.441,11/23/2017,PetroleumExperts2,,FALSE,TRUE,DEFAULT,1077.363636,2154.727273,3232.090909,4309.454545,5386.818182,6464.181818,7541.545454,8618.90909,9696.272727,10773.63636,4575.5939,5/27/2019,530,include,2.576,0.087187,86.78791689,2.14,FALSE,,,,,4.616370939,0.05,86.78791689,1.717605627,FALSE,,,SYSTEM.SCHEDULER,5/28/2019,TRUE,5,TRUE,1,0.2,0.2,233023.7001,492429.2914,1328756,1561779.701,315095.2483,1833748.136,5.231284977,0.05,1.659236902,10597.0165,4.13E-07,22.37582509,8909.465258,0.05,3.308892101
SILVERTIP 76-13 UNIT W 1H,J7521,1,4230132946,ANADARKO E&P ONSHORE LLC,DELAWARE BASIN PERMIAN OP BUDGET CC,GAS LIFT,JAMES WEAVER,DC1 SILVERTIP EAST,SILVERTIP 76-11 J/ 76-12 K/ 76-14 V/ 76-13 W 1H PA PAD,TX,LOVING,WOLFCAMP,WC_A,BETA,MIDDLE_BETA,12789.16416,13173,4/16/2018,5/27/2019,4/17/2018,4/27/2018,base,31.9707132,-103.5143256,31.9417406,-103.512552,9614,9648,24231670,543230.24,2511.57442,56.30495854,49,292,197,33.15463918,5.959183673,SLICKWATER FRAC,PNP,82985.17123,1860.377534,PUMPCO,66,10380,71,11730,45.8,0.78,1909.386357,10791.37891,188.3082886,0.000004,0.418051541,0.796,0.102,0,FALSE,TRUE,4/25/2018,4/26/2018,62.12804747,351.36,1001.454545,1786.996364,4396.363636,45.8,0.78,209.6363636,133.2727273,1784.706644,124.6797128,1909.386357,4000.360627,1.363537405,0.798082346,1.0547512,0.777736352,652.738992,396.2581915,4336.545773,2.154931558,2.017529068,0.000459458,1.004424988,1.02019E-05,3.01399E-05,2.12581E-06,1.08257E-05,0.84379077,0.01472405,10791.37891,188.3082886,1825.839355,44.1996727,0.80535686,0.418051541,0.12732029,0.293548793,0.544244945,,242.2301941,0.081861295,1.054496408,-9059.304688,,,,,,,,,,,,,,12582.4,13173,12173,3.92,2.441,4/17/2018,PetroleumExperts2,12100,TRUE,TRUE,DEFAULT,1106.636364,2213.272727,3319.909091,4426.545454,5533.181818,6639.818182,7746.454545,8853.090909,9959.727272,11066.36364,3815.8068,5/27/2019,372,include,2.576,0.087187,89.83720025,2.14,FALSE,,,,,3.91169501,0.05,89.83720025,1.448451437,FALSE,,,SYSTEM.SCHEDULER,5/28/2019,TRUE,5,TRUE,1,0.2,0.2,247294.84,368537.9202,714390,961684.8396,308717.8268,1225924.003,4.629431978,0.05,1.563032112,13617.36727,7.16005E-06,6.769326865,10455.71167,0.05,1.961180321
SILVERTIP 76-13 X 1H,J6667,1,4230132955,ANADARKO E&P ONSHORE LLC,DELAWARE BASIN PERMIAN OP BUDGET CC,FLOWING,JAMES WEAVER,DC1 SILVERTIP EAST,SILVERTIP 76-12 UNIT L/ 76-13 X 1H PAD,TX,LOVING,WOLFCAMP,WC_A,BETA,MIDDLE_BETA,12806.8849,13156,11/14/2017,5/27/2019,11/15/2017,11/22/2017,base,31.9707063,-103.5044307,31.941047,-103.503874,9761,9800,24470350,539820.88,2496.97449,55.08376327,49,294,200,33.44709898,6,SLICKWATER FRAC,PNP,83232.48299,1836.125442,FTSI INC,54,10840,68,11842,45,0.78,2138.342863,10806.33105,188.5692139,0.000004,0.404552042,2.2,8.83,0,FALSE,TRUE,11/20/2017,11/21/2017,8.275892827,259.2,1117.090909,2183.585455,6379.636364,45,0.78,326.1818182,136.5454545,1955.109624,183.2332392,2138.342863,4313.73692,1.433125983,0.801699717,1.0547512,0.701933236,663.0729891,378.0651061,4641.044852,2.304315987,2.148891748,0.000451109,1.004484884,1.13296E-05,3.14434E-05,2.12638E-06,1.16064E-05,0.84379077,0.01472405,10806.33105,188.5692139,1783.290649,44.1996727,0.80535686,0.404552042,0.109311186,0.303888857,0.552807987,,235.0376129,0.085042708,1.055907845,-9092.049805,,,,,,,,,,,,,,12583.8,13156,12156,3.826,2.441,11/14/2017,PetroleumExperts2,,FALSE,TRUE,DEFAULT,1105.090909,2210.181818,3315.272727,4420.363636,5525.454545,6630.545454,7735.636363,8840.727272,9945.818181,11050.90909,3848.9147,5/27/2019,535,include,2.576,0.087187,88.32369505,2.14,FALSE,,,,,4.866396842,0.05,88.32369505,1.581601726,FALSE,,,SYSTEM.SCHEDULER,5/28/2019,TRUE,5,TRUE,1,0.2,0.2,309928.0196,663147.4402,1242973,1552901.021,420452.5947,1927038.641,6.056079439,0.05,1.710699718,10840.85653,6.75E-07,6.478648654,10462.56697,0.05,2.688231528
SILVERTIP 76-14 UNIT U 1H,J7519,1,4230132924,ANADARKO E&P ONSHORE LLC,DELAWARE BASIN PERMIAN OP BUDGET CC,GAS LIFT,JAMES WEAVER,DC1 SILVERTIP EAST,SILVERTIP 76-10 H/ 76-11 I/ 76-15 T/ 76-14 U 1H PA PAD,TX,LOVING,WOLFCAMP,WC_A,ALPHA,W1_ALPHA,12333.05236,13015,1/10/2018,5/27/2019,1/11/2018,1/20/2018,base,31.9707141,-103.5312755,31.9410667,-103.5299211,9537,9566,12268440,411351.57,1282.504704,43.00141857,47,376,204,25.50933333,8,SLICKWATER FRAC,PNP,32628.82979,1094.020133,PUMPCO,60,9071,72,10890,46.3,0.78,1869.673514,10355.31152,183.958847,0.000004,0.593291104,0.796,0.102,0,FALSE,TRUE,1/15/2018,1/15/2018,49.32506043,1751.04,702.5454545,1160.683636,4850.181818,46.3,0.78,346.7272727,130.9090909,1656.242859,213.4306552,1869.673514,3874.22864,1.463967174,0.79583802,1.0547512,0.777736352,652.738992,396.2581915,4230.044328,2.126935699,1.995957302,0.000463368,1.00410727,1.03775E-05,3.20881E-05,2.13487E-06,9.48721E-06,0.839638948,0.014915922,10355.31152,183.958847,1894.407715,44.41090775,0.8043589,0.593291104,0.06851878,0.24537015,0.601964176,0.310416698,175.4576263,0.081294559,1.048142314,-8760.047852,,,,,,,,,,,,,,12186.7,13015,12015,3.92,2.441,1/11/2018,PetroleumExperts2,11445.71,TRUE,TRUE,DEFAULT,1092.272727,2184.545454,3276.818182,4369.090909,5461.363636,6553.636363,7645.90909,8738.181818,9830.454545,10922.72727,2425.8947,5/27/2019,485,include,2.576,0.087187,88.72459797,2.14,FALSE,,,,,5.022710825,0.05,88.72459797,1.546287596,FALSE,,,SYSTEM.SCHEDULER,5/28/2019,TRUE,5,TRUE,1,0.2,0.2,233391.8798,537161.4401,1206716,1440107.877,322918.7871,1725506.964,5.162141393,0.05,1.647045904,10373.64366,4.12E-07,13.4195305,11466.37988,0.05,2.475621958
SILVERTIP 76-14 V 1H,J6666,1,4230132944,ANADARKO E&P ONSHORE LLC,DELAWARE BASIN PERMIAN OP BUDGET CC,FLOWING,JAMES WEAVER,DC1 SILVERTIP EAST,SILVERTIP 76-11 J/ 76-12 K/ 76-14 V/ 76-13 W 1H PA PAD,TX,LOVING,WOLFCAMP,WC_A,ALPHA,W1_ALPHA,12466.64232,13200,4/28/2018,5/27/2019,4/28/2018,4/28/2018,base,31.9707112,-103.5145191,31.9410261,-103.5149022,9161,9193,22972800,504425.02,2498.944849,54.87055586,46,184,200,50.23497268,4,SLICKWATER FRAC,PNP,124852.1739,2741.440326,PUMPCO,60,9012,71,11900,44.1996727,0.80535686,1826.78894,10519.2373,183.5594635,0.000004,0.593291104,0.796,0.102,0,FALSE,,,,,,,,,,,,,,,,,,0.805351529,1.0547512,0.803322981,649.2415094,402.2071237,4174.110802,2.110573479,1.981467649,0.000464202,1.003588131,9.95521E-06,3.06837E-05,2.12253E-06,9.30815E-06,0.84379077,0.01472405,10519.2373,183.5594635,1826.78894,44.1996727,0.80535686,0.593291104,0.075633056,0.253156513,0.601395369,0.336095542,175.6894836,0.080357365,1.044313669,-8854.779297,,,,,,,,,,,,,,12286.3,13200,12200,3.92,2.441,4/28/2018,PetroleumExperts2,11760,TRUE,TRUE,DEFAULT,1109.090909,2218.181818,3327.272727,4436.363636,5545.454545,6654.545454,7763.636363,8872.727272,9981.818181,11090.90909,4481.5881,5/27/2019,362,include,2.576,0.087187,86.70244118,2.14,FALSE,,,,,4.278930124,0.05,86.70244118,1.725220325,FALSE,,,SYSTEM.SCHEDULER,5/28/2019,TRUE,5,TRUE,1,0.2,0.2,211831.62,427652.6993,1041012,1252843.621,283107.07,1488275.632,4.463428546,0.05,1.79437358,10577.64796,5.91E-07,20.20661963,12609.01953,0.05,2.346149938
SILVERTIP 76-15 T 1H,J6665,1,4230132921,ANADARKO E&P ONSHORE LLC,DELAWARE BASIN PERMIAN OP BUDGET CC,GAS LIFT,JAMES WEAVER,DC1 SILVERTIP EAST,SILVERTIP 76-10 H/ 76-11 I/ 76-15 T/ 76-14 U 1H PA PAD,TX,LOVING,WOLFCAMP,WC_A,BETA,MIDDLE_BETA,12646.02964,13065,1/6/2018,5/27/2019,1/7/2018,1/20/2018,base,31.9707146,-103.5315646,31.9411295,-103.5316328,9680,9729,33699350,656125.33,3463.804091,67.44016137,24,192,405,50.93717277,8,SLICKWATER FRAC,PNP,175517.4479,3417.319427,PUMPCO,60,9542,71,11470,45.9,0.78,1748.059324,10618.09863,188.627182,0.000004,0.418051541,0.796,0.102,0,FALSE,TRUE,1/8/2018,1/8/2018,52.6241925,1664.64,652.3636364,995.0836364,3401.454545,45.9,0.78,347.3636364,119.4545455,1526.298195,221.7611294,1748.059324,3817.423723,1.504127137,0.797632469,1.0547512,0.777736352,652.738992,396.2581915,4137.012781,2.050039966,1.926173352,0.00046217,1.004969054,9.62133E-06,3.10069E-05,2.13906E-06,1.04934E-05,0.839638948,0.014915922,10618.09863,188.627182,1920.328369,42.21265793,0.814625859,0.418051541,0.12732029,0.293548793,0.544244945,,242.2301941,0.081861295,1.052955508,-8964.725586,,,,,,,,,,,,,,12455.4,13065,12065,3.826,2.441,1/6/2018,PetroleumExperts2,11632.96,TRUE,TRUE,DEFAULT,1096.818182,2193.636364,3290.454545,4387.272727,5484.090909,6580.909091,7677.727273,8774.545454,9871.363636,10968.18182,3465.4611,5/27/2019,484,include,2.576,0.087187,89.75410943,2.14,FALSE,,,,,4.640628445,0.05,89.75410943,1.455755903,FALSE,,,SYSTEM.SCHEDULER,5/28/2019,TRUE,5,TRUE,1,0.2,0.2,311870.1098,631167.9001,933204,1245074.111,417064.7601,1583436.991,7.741432624,0.081633651,1.611720285,8686.159062,1.00E-07,0.01,9695.956499,0.05,2.497165698
SILVERTIP 76-15 UNIT S 1H,J1064,1,4230132764,ANADARKO E&P ONSHORE LLC,DELAWARE BASIN PERMIAN OP BUDGET CC,GAS LIFT,JAMES WEAVER,DC1 SILVERTIP EAST,SILVERTIP 76-10 G/ 76-16 R/ 76-15 S 1H PAD,TX,LOVING,WOLFCAMP,WC_A,BETA,MIDDLE_BETA,12503.22885,12830,10/3/2017,5/27/2019,10/4/2017,10/14/2017,base,31.9709903,-103.5463583,31.941186,-103.546706,9651,9690,11969836,386940.81,1235.277193,39.93197214,51,204,190,47.73399015,4,SLICKWATER FRAC,PNP,58675.66667,1896.768676,PUMPCO,60,9841,72,11400,45.56,0.78,2685.77457,10458.02344,188.0588531,0.000004,0.442545086,0.796,0.102,0,FALSE,TRUE,10/12/2017,10/12/2017,16.2201937,322.56,1634.181818,4077.163636,5223.272727,45.56,0.78,332.1818182,138.4545455,2495.528924,190.2456462,2685.77457,4690.522162,1.467552897,0.799164125,1.0547512,0.777736352,652.738992,396.2581915,5101.463139,2.681900179,2.485059553,0.000464179,1.005178083,1.42398E-05,3.17719E-05,2.14688E-06,1.28881E-05,0.836425781,0.015040823,10458.02344,188.0588531,1962.720947,40.74334717,0.821508944,0.442545086,0.132505506,0.29480949,0.54063797,,251.2271881,0.078287572,1.053651571,-8948.248047,,,,,,,,,,,,,,12368.8,12830,11830,3.92,2.441,10/3/2017,PetroleumExperts2,11682,TRUE,TRUE,DEFAULT,1075.454545,2150.909091,3226.363636,4301.818182,5377.272727,6452.727272,7528.181818,8603.636363,9679.090909,10754.54545,3536.0471,5/27/2019,522,include,2.576,0.087187,91.81451549,2.14,FALSE,,,,,6.65900807,0.069989475,91.81451549,1.455248504,FALSE,,,SYSTEM.SCHEDULER,5/28/2019,TRUE,5,TRUE,1,0.2,0.2,426314.24,818472.4896,868479,1294793.24,562726.3216,1928298.863,6.552168057,0.069965528,1.542528173,10493.59535,8.33E-07,6.320423021,12401.38677,0.05,1.795750849
SILVERTIP 76-16 UNIT Q 1H,J7515,1,4230132908,ANADARKO E&P ONSHORE LLC,DELAWARE BASIN PERMIAN OP BUDGET CC,GAS LIFT,JAMES WEAVER,DC1 SILVERTIP EAST,SILVERTIP 76-8 D/ 76-9 E/ 76-17 P/ 76-16 Q 1H PAD,TX,LOVING,WOLFCAMP,WC_A,BETA,MIDDLE_BETA,12375.85801,12780,4/28/2017,5/27/2019,4/29/2017,10/1/2017,base,31.9685193,-103.5651887,31.9410398,-103.5632468,9116,9155,11489220,369567.13,1254.966685,40.36779137,43,344,213,26.6909621,8,SLICKWATER FRAC,PNP,33398.89535,1074.323052,PUMPCO,57,8267,72,8870,46.9,0.78,1704.152679,10321.11328,186.1430969,0.000004,0.478347391,1.224,2.224,0,FALSE,TRUE,5/6/2017,5/6/2017,41.11209044,322.56,1780.363636,2660.661818,3722.181818,46.9,0.78,332.5454545,132.3636364,1494.592898,209.5597808,1704.152679,3653.449304,1.443862677,0.793161435,1.0547512,0.760584058,655.0809312,392.2160083,4004.225452,2.022683849,1.902769011,0.000462955,1.004880062,9.66938E-06,3.2725E-05,2.14663E-06,1.00709E-05,0.83397156,0.015040823,10321.11328,186.1430969,1993.600098,42.77799606,0.811978102,0.478347391,0.13427797,0.303126872,0.536288857,,263.6081238,0.074528039,1.067804337,-8910.101563,,,,,,,,,,,,,,12197,12780,11780,3.92,2.441,4/28/2017,PetroleumExperts2,,FALSE,TRUE,DEFAULT,1070.909091,2141.818182,3212.727273,4283.636364,5354.545455,6425.454545,7496.363636,8567.272727,9638.181818,10709.09091,2841.6704,5/27/2019,589,include,2.576,0.087187,89.23671078,2.14,FALSE,,,,,4.585111753,0.05,89.23671078,1.501238874,FALSE,,,SYSTEM.SCHEDULER,5/28/2019,TRUE,5,TRUE,1,0.2,0.2,531704.8199,1095381.059,806180.6001,1337885.42,714268.33,1913557.665,100,13.58742094,1.721346615,10550.42494,1.12781E-06,7.766889485,10689.24161,0.05,2.04059307
SILVERTIP 76-16 UNIT R 1H,J3515,1,4230132910,ANADARKO E&P ONSHORE LLC,DELAWARE BASIN PERMIAN OP BUDGET CC,FLOWING,JAMES WEAVER,DC1 SILVERTIP EAST,SILVERTIP 76-10 G/ 76-16 R/ 76-15 S 1H PAD,TX,LOVING,WOLFCAMP,WC_A,ALPHA,W1_ALPHA,12175.81263,12664,10/13/2017,5/27/2019,10/14/2017,10/14/2017,base,31.9709913,-103.5464601,31.9409754,-103.5485585,9321,9360,19173630,620378.79,2048.464744,66.27978526,24,192,390,49.0052356,8,SLICKWATER FRAC,PNP,99862.65625,3231.139531,PUMPCO,60,8885,72,11200,46.73,0.78,1480.860321,10184.16406,183.1342468,0.000004,0.553625703,0.796,0.102,0,FALSE,TRUE,10/26/2017,10/26/2017,57.99461679,743.04,722.1818182,921.9054545,2949.818182,46.73,0.78,299.1818182,115.3636364,1278.383645,202.4766763,1480.860321,3379.244307,1.47928733,0.793917971,1.0547512,0.777736352,652.738992,396.2581915,3695.493202,1.876889524,1.774631317,0.000465473,1.004262265,8.63329E-06,3.29343E-05,2.14245E-06,9.03979E-06,0.836425781,0.015040823,10184.16406,183.1342468,1957.759399,40.74334717,0.821508944,0.553625703,0.0635368,0.223217592,0.603454769,0.293477058,175.2737885,0.081528112,1.052812219,-8733.90625,,,,,,,,,,,,,,12080.2,12664,11664,3.92,2.441,10/13/2017,PetroleumExperts2,,FALSE,TRUE,DEFAULT,1060.363636,2120.727273,3181.090909,4241.454545,5301.818182,6362.181818,7422.545454,8482.90909,9543.272727,10603.63636,3998.5166,5/27/2019,556,include,5.25,0.0463,99.99999542,1.68,TRUE,5.25,0.0463,99.99999542,1.68,5.254188654,0.05,85.36283723,1.84539191,FALSE,,Used manual fit to match the tail.,SYSTEM.SCHEDULER,5/28/2019,TRUE,5,TRUE,1,0.2,0.2,510836.6503,1063671.37,1306385,1817221.648,688115.2124,2366035.309,5.612820668,0.05,1.875586685,10192.94462,3.66E-07,10.58337808,8978.635086,0.05,3.953056261
SILVERTIP 76-17 P 1H,J6806,1,4230132904,ANADARKO E&P ONSHORE LLC,DELAWARE BASIN PERMIAN OP BUDGET CC,GAS LIFT,JAMES WEAVER,DC1 SILVERTIP EAST,SILVERTIP 76-8 D/ 76-9 E/ 76-17 P/ 76-16 Q 1H PAD,TX,LOVING,WOLFCAMP,WC_A,ALPHA,W1_ALPHA,12064.36406,12668,1/25/2017,5/27/2019,1/25/2017,10/1/2017,base,31.9685197,-103.5654779,31.9410702,-103.5655198,8816,8855,18027966,363858.07,2035.908075,41.09069113,77,308,115,28.84364821,4,SLICKWATER FRAC,PNP,58532.35714,1181.35737,PUMPCO,59,8222,71,10340,46.5,0.78,3103.705927,10061.33691,181.457962,0.000004,0.577072382,1.224,2.224,0,FALSE,TRUE,6/6/2017,6/6/2017,45.51616423,120.96,1830.545455,5347.549091,3903.272727,46.5,0.78,300.9090909,136.1818182,2921.364102,182.341825,3103.705927,4771.892332,1.49662919,0.79494382,1.0547512,0.760584058,655.0809312,392.2160083,5297.835085,2.978481436,2.749427856,0.000464268,1.004025543,1.67869E-05,3.39098E-05,2.14312E-06,1.23364E-05,0.83397156,0.015040823,10061.33691,181.457962,1992.259521,42.77799606,0.811978102,0.577072382,0.063777849,0.206874758,0.605293751,0.284883559,178.9127045,0.080711946,1.066778421,-8705.943359,,,,,,,,,,,,,,11925.6,12668,11668,3.826,2.441,5/28/2017,PetroleumExperts2,,FALSE,TRUE,DEFAULT,1060.727273,2121.454545,3182.181818,4242.909091,5303.636364,6364.363636,7425.090909,8485.818182,9546.545454,10607.27273,3857.496,5/27/2019,591,include,2.576,0.087187,88.99737661,2.14,FALSE,,,,,9.370005257,0.05,88.99737661,1.522285844,FALSE,,,SYSTEM.SCHEDULER,5/28/2019,TRUE,5,TRUE,1,0.2,0.2,672542.2702,1241597.899,1386794,2059336.27,879475.2526,3238533.828,12.17347239,0.129007986,1.672267931,10108.03949,2.21E-07,10.17552245,9921.122607,0.05,3.624750441
SILVERTIP 76-17 UNIT O 1H,J4861,1,4230132900,ANADARKO E&P ONSHORE LLC,DELAWARE BASIN PERMIAN OP BUDGET CC,GAS LIFT,JAMES WEAVER,DC1 SILVERTIP EAST,SILVERTIP 76-7 UNIT B/ 76-8 UNIT C/ 76-18 N/ 76-17 PAD,TX,LOVING,WOLFCAMP,WC_A,ALPHA,W2_ALPHA,12102.05436,12483,12/25/2016,5/27/2019,12/26/2016,8/1/2017,base,31.9685179,-103.5804405,31.9410689,-103.5803629,8894,8935,22476800,499601.26,2515.590375,55.91508226,45,270,199,33.21561338,6,SLICKWATER FRAC,PNP,83247.40741,1850.375037,PUMPCO,60,7699,71,8890,48.3,0.78,2433.500938,10092.76953,181.6338501,0.000004,0.577072382,0.65,0.135,0,FALSE,TRUE,1/2/2017,1/3/2017,49.32506043,714.24,925.0909091,2114.269091,2576.727273,48.3,0.78,207.3636364,118.7272727,2287.58912,145.9118185,2433.500938,4139.06874,1.480722044,0.786985539,1.0547512,0.777767979,652.7346719,396.2656044,4673.190094,2.514129058,2.337669882,0.000466023,1.004007446,1.34228E-05,3.334E-05,2.14189E-06,1.09129E-05,0.83397156,0.015008514,10092.76953,181.6338501,1993.024048,46.1363945,0.79663533,0.577072382,0.070349991,0.19549875,0.609299183,0.296612591,182.8801422,0.078911513,1.087644815,-8658.711914,,,,,,,,,,,,,,11983.3,12483,11483,3.826,2.441,8/1/2017,PetroleumExperts2,,FALSE,TRUE,DEFAULT,1043.909091,2087.818182,3131.727273,4175.636364,5219.545455,6263.454545,7307.363636,8351.272727,9395.181818,10439.09091,4294.2922,5/27/2019,661,include,2.576,0.087187,84.66007668,2.14,FALSE,,,,,7.037663794,0.05,84.66007668,1.909160834,FALSE,,,SYSTEM.SCHEDULER,5/28/2019,TRUE,5,TRUE,1,0.2,0.2,800207.8506,1766420.931,1480513,2280720.849,1094611.337,3369737.6,7.086736611,0.05,1.776809299,10129.40929,2.83E-07,19.69196854,10218.52993,0.05,4.484441597
SILVERTIP 76-18 N 1H,J6660,1,4230132897,ANADARKO E&P ONSHORE LLC,DELAWARE BASIN PERMIAN OP BUDGET CC,GAS LIFT,JAMES WEAVER,DC1 SILVERTIP EAST,SILVERTIP 76-7 UNIT B/ 76-8 UNIT C/ 76-18 N/ 76-17 PAD,TX,LOVING,BONE SPRING,BSPG2,SAND_BSPG2,SAND_BSPG2,10717.90726,11292,5/20/2017,5/27/2019,5/21/2017,6/22/2017,base,31.9685181,-103.5807314,31.940989,-103.5825957,8647,8686,21441244,486774.43,2468.483076,56.04126525,43,258,202,33.79766537,6,SLICKWATER FRAC,PNP,83105.5969,1886.722597,PUMPCO,61,7096,71,8730,45.5,0.78,2064.956012,6924.369629,154.1256866,0.000004,0.63967216,0.65,0.135,0,FALSE,TRUE,5/29/2017,5/29/2017,62.12804747,144,1186.909091,2213.934545,2550.545455,45.5,0.78,301.8181818,108.1818182,1865.4,199.5560118,2064.956012,3889.293405,1.542356069,0.799435028,1.0547512,0.777767979,652.7346719,396.2656044,4291.031673,2.228169763,2.135260019,0.000516819,1.003445091,1.61722E-05,5.77961E-05,2.2634E-06,1.12751E-05,,,6924.369629,154.1256866,2135.801025,44.61587524,0.801177204,0.63967216,0.202692583,0.146056831,0.656418145,,190.6210327,0.063854687,0.97780472,-7310.688965,,,,,,,,,,,,,,10659,11292,10292,3.826,2.441,5/20/2017,PetroleumExperts2,,FALSE,TRUE,DEFAULT,935.636364,1871.272727,2806.909091,3742.545454,4678.181818,5613.818182,6549.454545,7485.090909,8420.727272,9356.363636,2199.8115,5/27/2019,675,include,5.532301982,0.04,99.99995436,1.415,TRUE,5.532301982,0.04,99.99995436,1.415,5.513283556,0.05,87.19759561,1.68118406,FALSE,,Used the Manual Fit to catch the tail.,SYSTEM.SCHEDULER,5/28/2019,TRUE,5,FALSE,1,0.2,0.2,456651.901,966361.2188,672469,1129120.901,617712.1045,1696088.022,4.525028054,0.05,1.869102931,6903.119076,3.46E-07,4.548962823,4387.56656,0.05,4.892946913
SILVERTIP 76-18 UNIT M 1H,J7527,1,4230133104,ANADARKO E&P ONSHORE LLC,DELAWARE BASIN PERMIAN OP BUDGET CC,GAS LIFT,JAMES WEAVER,DC1 SILVERTIP EAST,SILVERTIP 76-18 M 1H / 76-7 UNIT A 1H/2H/3H  PAD,TX,LOVING,BONE SPRING,BSPG1,AVALON,UPPER_AVALON,9030.710417,9245,8/7/2018,5/27/2019,8/11/2018,10/13/2018,base,31.9685137,-103.5974283,31.9410817,-103.5974309,9592,9200,22878970,516114.61,2486.844565,56.09941413,46,276,200,33.45454545,6,SLICKWATER FRAC,PNP,82894.81884,1869.980471,PUMPCO,89,6871,92,11260,47.2,0.78,4934.3,5000,127.5,0.000004,0.37,1.13,5.5,0,FALSE,TRUE,8/12/2018,8/13/2018,60.19088579,1382.4,453.8181818,2160.785455,4490.181818,47.2,0.78,203.1818182,105.2727273,4789.323296,144.9734758,4934.296772,4698.872698,1.70496789,0.791829882,1.0547512,0.734146835,658.6864669,385.9004223,5631.19253,4.316461933,2.75021466,0.000566926,1.000663622,1.00E-10,9.52585E-05,2.35581E-06,4.87171E-06,,,,127.5021973,5154.102051,,,0.368300945,0.074803263,0.132667676,0.664251387,1.127476811,288.8764038,0.120473392,0.88335222,-5711.427246,,,,,,,,,,,,,,8967.4,9245,8245,4.67,2.44,,PetroleumExperts2,,FALSE,TRUE,DEFAULT,749.545455,1499.090909,2248.636364,2998.181818,3747.727273,4497.272727,5246.818182,5996.363636,6745.909091,7495.454545,1437.9182,5/27/2019,231,include,2.576,0.087187,90.23595441,2.14,FALSE,,,,,8.755296816,0.05,90.23595441,1.413384921,FALSE,,,SYSTEM.SCHEDULER,5/28/2019,TRUE,5,TRUE,1,0.2,0.2,205593.65,493015.8709,340880,546473.6501,287762.9618,907713.5311,7.720250782,0.05,1.159027489,5016.096896,3.26E-07,8.272381704,4377.426298,0.05,5.747278728
SILVERTIP 76-24 9HN,H2720,1,4230132065,ANADARKO E&P ONSHORE LLC,DELAWARE BASIN PERMIAN OP BUDGET CC,GAS LIFT,JAMES WEAVER,DC1 SILVERTIP EAST,SILVERTIP 76-24 9HN PAD,TX,LOVING,BONE SPRING,BSPG1,AVALON,UPPER_AVALON,9487.194074,9683,2/21/2014,5/27/2019,2/28/2014,3/30/2014,base,31.9425436,-103.4987573,31.9549754,-103.4989887,3912,3950,6288600,141496,1592.050633,35.82177215,22,110,180,36.23853211,5,SLICKWATER FRAC,PNP,57169.09091,1286.327273,WEATHERFORD,98.81,6103,104.9,7922,40,0.972,2311,,131.6199493,0.000004,0.369988918,2.2,8.83,0,TRUE,TRUE,3/14/2014,3/14/2014,45.51616423,167.04,74.18181818,112.9963636,1012.363636,45,0.8,50.18181818,70.72727273,1569.090909,35.33375796,1604.424667,3186.210308,1.202520898,0.825072886,1.0547512,0.917736316,633.5444789,427.6230864,3771.457215,2.530269422,,,,,,,,,,,131.6199493,4798.524902,,,0.369988918,0.152692422,0.139558658,0.576307654,1.826135635,255.8771973,0.093968824,0.834873974,-6045.728516,2113,2311,,4824,135,4308,Bubble Point (Oil),Schlumberger,40,0.972,2.2,8.83,0,9481.1,9683,8683,4.778,2.441,2/21/2014,PetroleumExperts2,,FALSE,FALSE,OPENWELL,3083.006166,3583.007166,4084.008168,4585.00917,5086.010172,5586.011172,6087.012174,6588.013176,7089.014178,7589.015178,814.2221,2/8/2019,1183,include,2.576,0.087187,,2.14,FALSE,,,,,,,,,FALSE,,,SYSTEM.SCHEDULER,5/28/2019,TRUE,5,TRUE,1,0.2,0.2,108343.5699,437180.2998,519179.63,627523.2001,181206.9537,,,,,,,,,,
SILVERTIP 76-7 UNIT A 10H,K0518,1,4230133701,ANADARKO E&P ONSHORE LLC,DELAWARE BASIN PERMIAN OP BUDGET CC,GAS LIFT,JAMES WEAVER,DC1 SILVERTIP EAST,SILVERTIP 76-7 UNIT A 10H/ SILVERTIP 76-7 UNIT B 2 PAD,TX,LOVING,WOLFCAMP,WC_A,BETA,UPPER_BETA,12124.88283,12474,11/30/2018,5/27/2019,11/30/2018,11/30/2018,base,31.9680227,-103.5909203,31.9999519,-103.5907331,9611,9650,24006146,522063.6,2487.683523,54.09985492,48,288,201,33.62369338,6,SLICKWATER FRAC,PNP,83354.67361,1812.720833,PUMPCO,70,11080,73,12180,46.79294968,0.793637633,2009.067017,10123.43262,183.0190277,0.000004,0.550525069,1.125,5.502,0,FALSE,,,,,,,,,,,,,,,,,,0.793637664,1.0547512,0.748748014,656.6957652,389.4012854,4277.012375,2.231861314,2.088837138,0.000462841,1.00437318,1.13256E-05,3.39244E-05,2.14591E-06,1.02719E-05,0.83493036,0.015094499,10123.43262,183.0190277,2009.067017,46.79294968,0.793637633,0.550525069,0.132087231,0.338344008,0.517626226,,293.6679382,0.065737061,1.074090838,-9075.833984,,,,,,,,,,,,,,12124.8828,12474,11474,3.92,2.441,,PetroleumExperts2,,FALSE,TRUE,DEFAULT,1043.090909,2086.181818,3129.272727,4172.363636,5215.454545,6258.545454,7301.636363,8344.727272,9387.818181,10430.90909,2623.5305,5/27/2019,104,include,2.576,0.087187,86.09035092,2.14,FALSE,,,,,3.059182744,0.05,86.09035092,1.779924339,FALSE,,,SYSTEM.SCHEDULER,5/28/2019,TRUE,5,TRUE,1,0.2,0.2,279483,621997.6108,427143,706626,383149.2689,1041594.603,2.429484016,0.05,1.924691625,8626.388467,1.00E-07,100,11452,0.05,1.698874563
SILVERTIP 76-7 UNIT A 1H,J7528,1,4230133106,ANADARKO E&P ONSHORE LLC,DELAWARE BASIN PERMIAN OP BUDGET CC,GAS LIFT,JAMES WEAVER,DC1 SILVERTIP EAST,SILVERTIP 76-18 M 1H / 76-7 UNIT A 1H/2H/3H  PAD,TX,LOVING,WOLFCAMP,WC_A,DELTA,UPPER_DELTA,12459.3808,12769,10/24/2018,5/27/2019,10/24/2018,10/24/2018,base,31.9685133,-103.5973318,31.9997567,-103.5969971,10596,10634,25993540,644487.97,2444.38029,60.60635415,53,320,201,33.3354232,6.037735849,SLICKWATER FRAC,PNP,81229.8125,2014.024906,PUMPCO,61,11443,72,13500,46,0.78,3101,9873,178,0.000004,0.5,0.65,0.14,0,FALSE,,,,,,,,,,,,,,,,,,0.797183099,1.0547512,0.777730572,652.7397817,396.2568364,5296.459653,2.970243904,2.747722812,0.000467449,1.003404898,1.70091E-05,3.43647E-05,2.14121E-06,1.35751E-05,0.83493036,0.015179176,10402.71484,189.1231384,2205.113525,46.79294968,0.793637633,0.616111457,,0.298736185,,,150.0610352,0.083534308,,-9206.299805,,,,,,,,,,,,,,12459.38,12769,11769,5,2.44,12/24/2018,PetroleumExperts2,1,TRUE,TRUE,DEFAULT,1069.909091,2139.818182,3209.727273,4279.636364,5349.545455,6419.454545,7489.363636,8559.272727,9629.181818,10699.09091,3291.3388,5/27/2019,136,include,2.576,0.087187,84.21109007,2.14,FALSE,,,,,2.67776856,0.05,84.21109007,1.950204131,FALSE,,,SYSTEM.SCHEDULER,5/28/2019,TRUE,5,TRUE,1,0.2,0.2,161099,475526.7706,414792,575891,240353.4616,860992.062,2.717613797,0.099632982,2.211328371,10829.16787,3.19611E-05,23.52553893,12603.84248,0.073918226,1.610711889
SILVERTIP 76-7 UNIT A 2H,J7537,1,4230133583,ANADARKO E&P ONSHORE LLC,DELAWARE BASIN PERMIAN OP BUDGET CC,GAS LIFT,JAMES WEAVER,DC1 SILVERTIP EAST,SILVERTIP 76-18 M 1H / 76-7 UNIT A 1H/2H/3H  PAD,TX,LOVING,WOLFCAMP,WC_A,BETA,MIDDLE_BETA,12255.89495,12658,8/29/2018,5/27/2019,8/29/2018,8/29/2018,base,31.9685165,-103.597524,31.9999507,-103.5955545,10612,10651,26395340,580552.15,2478.202986,54.50682096,53,318,201,33.59936909,6,SLICKWATER FRAC,PNP,83004.21384,1825.635692,PUMPCO,65,11137,72,12840,46,0.78,2689,9873,178,0.000004,0,0.65,0.14,0,FALSE,,,,,,,,,,,,,,,,,,0.797183099,1.0547512,0.777730572,652.7397817,396.2568364,4998.301071,2.677586005,2.489658426,0.000467449,1.003404898,1.49229E-05,3.43647E-05,2.14121E-06,1.89229E-05,0.83493036,0.015094499,10232.81836,184.9965973,2022.337891,46.79294968,0.793637633,0.555894494,0.132847711,0.341153175,0.516267776,,297.2806091,0.065712109,1.074090838,-9069.362305,,,,,,,,,,,,,,12255.9,12658,12000,5,2.44,12/31/2018,PetroleumExperts2,1,TRUE,TRUE,DEFAULT,1090.909091,2181.818182,3272.727273,4363.636364,5454.545455,6545.454545,7636.363636,8727.272727,9818.181818,10909.09091,3471.5996,5/27/2019,196,include,2.576,0.087187,92.96966837,2.14,FALSE,,,,,13.64746906,0.05,92.96966837,1.170360435,FALSE,,,SYSTEM.SCHEDULER,5/28/2019,TRUE,5,TRUE,1,0.2,0.2,444675.52,1135661.816,1074858.98,1519534.5,633952.4895,2186850.15,,,,,,,,,
SILVERTIP 76-7 UNIT A 3H,J7538,1,4230133576,ANADARKO E&P ONSHORE LLC,DELAWARE BASIN PERMIAN OP BUDGET CC,GAS LIFT,JAMES WEAVER,DC1 SILVERTIP EAST,SILVERTIP 76-18 M 1H / 76-7 UNIT A 1H/2H/3H  PAD,TX,LOVING,WOLFCAMP,WC_A,BETA,UPPER_BETA,12108.77083,12563,9/25/2018,5/27/2019,9/25/2018,9/25/2018,base,31.9685163,-103.5976215,32.000076,-103.597585,10418,10547,26568920,592146.65,2519.097374,56.14360956,53,316,199,33.48253968,5.962264151,SLICKWATER FRAC,PNP,84078.86076,1873.881804,PUMPCO,68,10455,72,12485,46,0.78,2689,9873,178,0.000004,0,0.65,0.14,0,FALSE,,,,,,,,,,,,,,,,,,0.797183099,1.0547512,0.777730572,652.7397817,396.2568364,4998.301071,2.677586005,2.489658426,0.000467449,1.003404898,1.49229E-05,3.43647E-05,2.14121E-06,1.89229E-05,0.83493036,0.015179176,10109.98047,183.8011627,2027.615234,46.79294968,0.793637633,0.555894494,0.132847711,0.341153175,0.516267776,,297.2806091,0.065712109,1.080771923,-9061.889648,,,,,,,,,,,,,,12108.77,12563,11563,5,2.44,12/10/2018,PetroleumExperts2,1,TRUE,TRUE,DEFAULT,1051.181818,2102.363636,3153.545454,4204.727272,5255.909091,6307.090909,7358.272727,8409.454545,9460.636363,10511.81818,3385.559,5/27/2019,151,include,2.576,0.087187,90.26723348,2.14,FALSE,,,,,7.22420112,0.05,90.26723348,1.410632939,FALSE,,,SYSTEM.SCHEDULER,5/28/2019,TRUE,5,TRUE,1,0.2,0.2,360195,827547.9577,684469,1044664,498119.6585,1581991.064,100,0.05,6,10218.02462,2.53124E-06,0.637302093,20000,0.05,1.301573505
SILVERTIP 76-7 UNIT A 4H,K0512,1,4230133698,ANADARKO E&P ONSHORE LLC,DELAWARE BASIN PERMIAN OP BUDGET CC,FLOWING,JAMES WEAVER,DC1 SILVERTIP EAST,SILVERTIP 76-7 UNIT A 4H/ 5H/ 6H PAD,TX,LOVING,WOLFCAMP,WC_A,ALPHA,W1_ALPHA,11948.11007,12431,12/6/2018,5/27/2019,12/6/2018,12/6/2018,base,31.9685165,-103.5954611,31.9999507,-103.5955546,10605,10644,26555960,585804.29,2494.922961,55.03610391,53,318,201,33.57728707,6,SLICKWATER FRAC,PNP,83509.30818,1842.151855,PUMPCO,68,11478,74,12320,46,0.78,2689,9873,178,0.000004,0,0.65,0.14,0,FALSE,,,,,,,,,,,,,,,,,,0.797183099,1.0547512,0.777730572,652.7397817,396.2568364,4998.301071,2.677586005,2.489658426,0.000467449,1.003404898,1.49229E-05,3.43647E-05,2.14121E-06,1.89229E-05,0.83493036,0.015094499,9975.839844,180.3507385,2023.087402,46.79294968,0.793637633,0.6662637,0.06490735,0.254561692,0.572051406,0.192456886,191.0089417,0.071197301,1.062760115,-8868.30957,,,,,,,,,,,,,,11948.11,12431,11431,3.4,2.44,,PetroleumExperts2,,FALSE,TRUE,DEFAULT,1039.181818,2078.363636,3117.545454,4156.727272,5195.909091,6235.090909,7274.272727,8313.454545,9352.636363,10391.81818,3593.3315,5/27/2019,89,include,2.576,0.087187,74.53964543,2.14,FALSE,,,,,2.281399816,0.05,74.53964543,2.919651954,FALSE,,,SYSTEM.SCHEDULER,5/28/2019,TRUE,5,TRUE,1,0.2,0.2,145112,330016.0706,443634,588746,200114.6792,805332.8449,4.617198906,0.05,2.54824146,10282.89573,2.75598E-05,9.648857871,6808.535641,0.061674645,4.862351922
SILVERTIP 76-7 UNIT A 5H,K0513,1,4230133699,ANADARKO E&P ONSHORE LLC,DELAWARE BASIN PERMIAN OP BUDGET CC,GAS LIFT,JAMES WEAVER,DC1 SILVERTIP EAST,SILVERTIP 76-7 UNIT A 4H/ 5H/ 6H PAD,TX,LOVING,WOLFCAMP,WC_A,BETA,UPPER_BETA,12121.78764,12445,10/11/2018,5/27/2019,10/11/2018,10/11/2018,base,31.9685168,-103.5953656,31.9999509,-103.593958,10641,10680,26600960,590381.74,2490.726592,55.27918914,53,318,202,33.69085174,6,SLICKWATER FRAC,PNP,83650.81761,1856.546352,PUMPCO,68,11127,72,12190,46,0.78,2689,9873,178,0.000004,0,0.65,0.14,0,FALSE,,,,,,,,,,,,,,,,,,0.797183099,1.0547512,0.777730572,652.7397817,396.2568364,4998.301071,2.677586005,2.489658426,0.000467449,1.003404898,1.49229E-05,3.43647E-05,2.14121E-06,1.89229E-05,0.83493036,0.015094499,10120.84863,182.9723053,2009.067017,46.79294968,0.793637633,0.555894494,0.132847711,0.341153175,0.516267776,,297.2806091,0.065712109,1.074090838,-9069.362305,,,,,,,,,,,,,,12121.79,12445,11445,5,2.44,12/10/2018,PetroleumExperts2,,FALSE,TRUE,DEFAULT,1040.454545,2080.909091,3121.363636,4161.818182,5202.272727,6242.727272,7283.181818,8323.636363,9364.090909,10404.54545,3239.9636,5/27/2019,152,include,2.576,0.087187,92.31189978,2.14,FALSE,,,,,8.914157383,0.05,92.31189978,1.229554126,FALSE,,,SYSTEM.SCHEDULER,5/28/2019,TRUE,5,TRUE,1,0.2,0.2,378406,976231.3184,755643,1134049,541111.2203,1701189.664,,,,,,,,,
SILVERTIP 76-7 UNIT A 6H,K0514,1,4230133700,ANADARKO E&P ONSHORE LLC,DELAWARE BASIN PERMIAN OP BUDGET CC,GAS LIFT,JAMES WEAVER,DC1 SILVERTIP EAST,SILVERTIP 76-7 UNIT A 4H/ 5H/ 6H PAD,TX,LOVING,WOLFCAMP,WC_A,DELTA,UPPER_DELTA,12512.03663,12835,12/15/2018,5/27/2019,12/15/2018,12/15/2018,base,31.9685169,-103.5952694,31.9999509,-103.5939257,9614,10631,24218910,554864.56,2278.140344,52.19307309,34,316,313,33.74920635,9.294117647,SLICKWATER FRAC,,76642.12025,1755.900506,PUMPCO,66,10926,71,12490,46.79294968,0.793637633,2177.663818,10446.67969,188.8629303,0.000004,0.621797144,1.125,5.502,0,FALSE,,,,,,,,,,,,,,,,,,0.793637664,1.0547512,0.748748014,656.6957652,389.4012854,4491.973797,2.351240899,2.190683241,0.000461369,1.005463198,1.18819E-05,3.24559E-05,2.15126E-06,9.83142E-06,0.83493036,0.015094499,10446.67969,188.8629303,2177.663818,46.79294968,0.793637633,0.621797144,,0.316087723,,,150.0610352,0.08265537,,-9287.498047,,,,,,,,,,,,,,12512.0366,12835,11835,3.92,2.441,,PetroleumExperts2,,FALSE,TRUE,DEFAULT,1075.909091,2151.818182,3227.727273,4303.636364,5379.545455,6455.454545,7531.363636,8607.272727,9683.181818,10759.09091,3068.5859,5/27/2019,92,include,2.576,0.087187,79.71036826,2.14,FALSE,,,,,1.265513957,0.05,79.71036826,2.378128859,FALSE,,,SYSTEM.SCHEDULER,5/28/2019,TRUE,5,TRUE,1,0.2,0.2,82987,259898.6698,294420,377407,126303.4452,513681.2013,1.087780967,0.05,2.328892737,9746.122168,1.00E-07,28.61134854,6048,0.051283083,2.211341447
SILVERTIP 76-7 UNIT A 7H,K0515,1,4230133668,ANADARKO E&P ONSHORE LLC,DELAWARE BASIN PERMIAN OP BUDGET CC,GAS LIFT,JAMES WEAVER,DC1 SILVERTIP EAST,SILVERTIP 76-7 UNIT A 7H/ 8H/ 9H PAD,TX,LOVING,BONE SPRING,BSPG3,SAND_BSPG3,D_BSPG3,11873.07715,12400,11/14/2018,5/27/2019,11/14/2018,11/14/2018,base,31.9707168,-103.5923215,31.9999516,-103.592362,10497,22916,26516620,594238.79,1157.122534,25.93117429,53,318,432,72.29022082,6,SLICKWATER FRAC,PNP,83385.59748,1868.67544,PUMPCO,66,8396,76,8980,46,0.78,3510,7548,169,0.000004,0,0.65,0.14,0,FALSE,,,,,,,,,,,,,,,,,,0.797183099,1.0547512,0.777730572,652.7397817,396.2568364,5467.784391,3.259677415,3.096240939,0.000509951,1.006395112,2.47672E-05,5.21219E-05,2.26478E-06,2.87672E-05,0.83493036,0.015094499,9913.192383,179.2181549,2009.397949,46.79294968,0.793637633,0.694022059,0.071007252,0.192749277,0.677627504,,373.5950928,0.073328942,1.024051666,-9169.003906,,,,,,,,,,,,,,11873.08,12400,11400,6,2.44,12/10/2019,PetroleumExperts2,,FALSE,TRUE,DEFAULT,1036.363636,2072.727273,3109.090909,4145.454545,5181.818182,6218.181818,7254.545454,8290.90909,9327.272727,10363.63636,4100.2038,5/2/2019,155,include,2.576,0.087187,96.08327243,2.14,FALSE,,,,,18.03594337,0.068824802,96.08327243,1.01,FALSE,,,SYSTEM.SCHEDULER,5/28/2019,TRUE,5,TRUE,1,0.2,0.2,228680,523739.7684,704222,932902,315969.9617,1412350.627,,,,,,,,,
SILVERTIP 76-7 UNIT A 8H,K0516,1,4230133670,ANADARKO E&P ONSHORE LLC,DELAWARE BASIN PERMIAN OP BUDGET CC,GAS LIFT,JAMES WEAVER,DC1 SILVERTIP EAST,SILVERTIP 76-7 UNIT A 7H/ 8H/ 9H PAD,TX,LOVING,WOLFCAMP,WC_A,BETA,MIDDLE_BETA,14133.91453,12470,10/18/2018,5/27/2019,10/18/2018,10/18/2018,base,31.9707169,-103.5922258,31.9999516,-103.5923297,10286,10125,26068500,574772.86,2574.666667,56.76768988,52,312,199,32.5562701,6,SLICKWATER FRAC,PNP,83552.88462,1842.220705,PUMPCO,68,11024,72,12270,46,0.78,2689,9873,178,0.000004,0,0.65,0.14,0,FALSE,,,,,,,,,,,,,,,,,,0.797183099,1.0547512,0.777730572,652.7397817,396.2568364,4998.301071,2.677586005,2.489658426,0.000467449,1.003404898,1.49229E-05,3.43647E-05,2.14121E-06,1.89229E-05,0.83493036,0.015094499,11800.83398,213.3443604,2009.067017,46.79294968,0.793637633,0.550525069,0.132087231,0.338344008,0.517626226,,293.6679382,0.065737061,1.074090838,-9075.833984,,,,,,,,,,,,,,12454.6,12470,11470,5,2.44,12/10/2018,PetroleumExperts2,,FALSE,TRUE,DEFAULT,1042.727273,2085.454545,3128.181818,4170.909091,5213.636364,6256.363636,7299.090909,8341.818182,9384.545454,10427.27273,3108.1772,5/27/2019,132,include,2.576,0.087187,93.2129038,2.14,FALSE,,,,,8.370308409,0.05,93.2129038,1.148281867,FALSE,,,SYSTEM.SCHEDULER,5/28/2019,TRUE,5,TRUE,1,0.2,0.2,376173,914648.3575,592392,968565,528614.3952,1531073.062,,,,,,,,,
SILVERTIP 76-7 UNIT A 9H,K0517,1,4230133671,ANADARKO E&P ONSHORE LLC,DELAWARE BASIN PERMIAN OP BUDGET CC,GAS LIFT,JAMES WEAVER,DC1 SILVERTIP EAST,SILVERTIP 76-7 UNIT A 7H/ 8H/ 9H PAD,TX,LOVING,WOLFCAMP,WC_A,DELTA,UPPER_DELTA,12516.9483,13030,11/20/2018,5/27/2019,11/20/2018,11/20/2018,base,31.9707172,-103.5921289,31.9999519,-103.5907654,10622,10661,26259140,590746.5,2463.102898,55.41192196,53,318,201,33.63091483,6,SLICKWATER FRAC,PNP,82575.91195,1857.693396,PUMPCO,65,11375,72,12880,46,0.78,3101,9873,178,0.000004,0,0.65,0.14,0,FALSE,,,,,,,,,,,,,,,,,,0.797183099,1.0547512,0.777730572,652.7397817,396.2568364,5296.459653,2.970243904,2.747722812,0.000467449,1.003404898,1.70091E-05,3.43647E-05,2.14121E-06,2.10091E-05,0.83493036,0.015094499,10450.78027,188.9370575,2177.663818,46.79294968,0.793637633,0.621797144,,0.316087723,,,150.0610352,0.08265537,,-9287.498047,,,,,,,,,,,,,,12516.95,13030,12030,5,2.44,12/11/2018,PetroleumExperts2,,FALSE,TRUE,DEFAULT,1093.636364,2187.272727,3280.909091,4374.545454,5468.181818,6561.818182,7655.454545,8749.090909,9842.727272,10936.36364,4247.6916,5/27/2019,94,include,2.576,0.087187,89.61856468,2.14,FALSE,,,,,5.257272783,0.05,89.61856468,1.467670789,FALSE,,,SYSTEM.SCHEDULER,5/28/2019,TRUE,5,TRUE,1,0.2,0.2,164198,567485.6915,623884,788082,258778.9487,1105101.906,,,,,,,,,
SILVERTIP 76-7 UNIT B 1H,J6661,1,4230132898,ANADARKO E&P ONSHORE LLC,DELAWARE BASIN PERMIAN OP BUDGET CC,FLOWING,JAMES WEAVER,DC1 SILVERTIP EAST,SILVERTIP 76-7 UNIT B/ 76-8 UNIT C/ 76-18 N/ 76-17 PAD,TX,LOVING,WOLFCAMP,WC_A,BETA,MIDDLE_BETA,12289.48301,12692,5/10/2017,5/27/2019,5/11/2017,6/21/2017,base,31.9685176,-103.5806342,31.9981965,-103.5824664,9432,9471,23400990,528136.88,2470.804561,55.76358146,47,282,202,33.70462633,6,SLICKWATER FRAC,PNP,82982.23404,1872.825816,PUMPCO,59,8847,71,10070,46.9,0.78,2644.427645,10274.63184,185.5035858,0.000004,0.550525069,0.65,0.135,0,FALSE,TRUE,5/18/2017,5/18/2017,30.19162296,783.36,2234.181818,5374.516364,4651.636364,46.9,0.78,393.8181818,141.6363636,2405.919907,238.5077389,2644.427645,4480.180288,1.496561066,0.793161435,1.0547512,0.777767979,652.7346719,396.2656044,4966.489208,2.657707263,2.463935444,0.000465437,1.004797732,1.42617E-05,3.25757E-05,2.14703E-06,1.15923E-05,0.836050808,0.015094499,10274.63184,185.5035858,1980.358398,46.55527115,0.794695675,0.550525069,0.132087231,0.338344008,0.517626226,,293.6679382,0.065737061,1.069098234,-9072.400391,,,,,,,,,,,,,,12289.5,12692,11692,3.826,2.441,5/11/2017,PetroleumExperts2,,FALSE,TRUE,DEFAULT,1062.909091,2125.818182,3188.727273,4251.636364,5314.545455,6377.454545,7440.363636,8503.272727,9566.181818,10629.09091,3820.7304,5/27/2019,647,include,2.576,0.087187,85.68115416,2.14,FALSE,,,,,7.832287868,0.05,85.68115416,1.816682871,FALSE,,,SYSTEM.SCHEDULER,5/28/2019,TRUE,5,TRUE,1,0.2,0.2,618059.2603,1491261.606,1578696,2196755.258,866602.8617,3124386.018,7.086667639,0.05,1.70543993,10361.29509,3.59E-07,21.37004881,11591.08825,0.05,3.537177085
SILVERTIP 76-7 UNIT B 2H,K0519,1,4230133703,ANADARKO E&P ONSHORE LLC,DELAWARE BASIN PERMIAN OP BUDGET CC,,JAMES WEAVER,DC1 SILVERTIP EAST,SILVERTIP 76-7 UNIT A 10H/ SILVERTIP 76-7 UNIT B 2 PAD,TX,LOVING,WOLFCAMP,WC_A,BETA,MIDDLE_BETA,12307.13124,12768,12/13/2018,5/27/2019,12/13/2018,12/13/2018,base,31.9680238,-103.5908238,31.9999523,-103.5891682,10567,10606,26580850,577857.19,2506.20875,54.48398925,53,318,200,33.45741325,6,SLICKWATER FRAC,PNP,83587.57862,1817.160975,PUMPCO,69,11353,76,12290,46.79294968,0.793637633,1995.20874,10275.59766,185.769989,0.000004,0.550525069,1.125,5.502,0,FALSE,,,,,,,,,,,,,,,,,,0.793637664,1.0547512,0.748748014,656.6957652,389.4012854,4280.24048,2.224847152,2.08114223,0.000462128,1.004883226,1.11388E-05,3.3227E-05,2.14823E-06,1.01893E-05,0.83493036,0.015094499,10275.59766,185.769989,1995.20874,46.79294968,0.793637633,0.550525069,0.132087231,0.338344008,0.517626226,,293.6679382,0.065737061,1.074090838,-9081.851563,,,,,,,,,,,,,,12307.1312,12768,11768,1.87,2.441,,PetroleumExperts2,,FALSE,TRUE,DEFAULT,1069.818182,2139.636364,3209.454545,4279.272727,5349.090909,6418.909091,7488.727273,8558.545454,9628.363636,10698.18182,4173.2229,5/27/2019,88,include,2.576,0.087187,78.46143473,2.14,FALSE,,,,,2.131176118,0.05,78.46143473,2.503342248,FALSE,,,SYSTEM.SCHEDULER,5/28/2019,TRUE,5,TRUE,1,0.2,0.2,249080,547964.9107,264610,513690,340407.485,808652.5976,1.280291326,0.05,3.184838866,9509.687435,1.00E-07,100,5908,0.05,2.575168427
SILVERTIP 76-7 UNIT B 3H,K0520,1,4230133704,ANADARKO E&P ONSHORE LLC,DELAWARE BASIN PERMIAN OP BUDGET CC,FLOWING,JAMES WEAVER,DC1 SILVERTIP EAST,SILVERTIP 76-7 UNIT A 10H/ SILVERTIP 76-7 UNIT B 2 PAD,TX,LOVING,WOLFCAMP,WC_A,ALPHA,W1_ALPHA,11960.14609,12357,12/19/2018,5/27/2019,12/19/2018,12/19/2018,base,31.9680248,-103.5907224,31.9999524,-103.588636,7769,7808,19516230,426922.52,2499.517162,54.67757684,39,234,200,33.51072961,6,SLICKWATER FRAC,PNP,83402.69231,1824.455214,PUMPCO,57,8580,71,8980,46.62473297,0.794386864,1994.994141,9985.888672,180.5324097,0.000004,0.584038019,1.125,5.502,0,FALSE,,,,,,,,,,,,,,,,,,0.794387156,1.0547512,0.74955042,656.586322,389.5927602,4251.412173,2.220298739,2.08020365,0.000463694,1.003929884,1.1368E-05,3.45762E-05,2.14448E-06,9.98111E-06,0.83493036,0.015094499,9985.888672,180.5324097,1994.994141,46.62473297,0.794386864,0.584038019,0.06490735,0.254561692,0.572051406,0.192456886,191.0089417,0.071197301,1.062760115,-8889.849609,,,,,,,,,,,,,,11960.1461,12357,11357,3,2.441,,PetroleumExperts2,,FALSE,TRUE,DEFAULT,1032.454545,2064.909091,3097.363636,4129.818182,5162.272727,6194.727272,7227.181818,8259.636363,9292.090909,10324.54545,3676.6398,5/27/2019,88,include,2.576,0.087187,74.09456644,2.14,FALSE,,,,,1.995851989,0.05,74.09456644,2.969389675,FALSE,,,SYSTEM.SCHEDULER,5/28/2019,TRUE,5,TRUE,1,0.2,0.2,167686,346093.7003,484160,651846,225368.2836,844270.6633,1.74111684,0.05,3.14048858,9512.633186,1.00E-07,40.34484882,8024,0.135172414,4.283027707
SILVERTIP 76-8 D 1H,J7513,1,4230132905,ANADARKO E&P ONSHORE LLC,DELAWARE BASIN PERMIAN OP BUDGET CC,GAS LIFT,JAMES WEAVER,DC1 SILVERTIP EAST,SILVERTIP 76-8 D/ 76-9 E/ 76-17 P/ 76-16 Q 1H PAD,TX,LOVING,BONE SPRING,BSPG2,SAND_BSPG2,SAND_BSPG2,10851.82753,11432,5/18/2017,5/27/2019,5/20/2017,7/29/2017,base,31.968519,-103.5653819,31.9838402,-103.5654449,4561,4600,11435700,256933.36,2486.021739,55.85507826,23,138,200,33.57664234,6,SLICKWATER FRAC,PNP,82867.3913,1861.835942,PUMPCO,60.46086957,6468.565217,71.9,8760,46,0.7776,3510,7169.150879,159.3517609,0.000004,0.693352044,1.224,2.224,0,TRUE,TRUE,5/27/2017,5/27/2017,41.11209044,322.56,918.5454545,2619.425455,3067.636364,46.5,0.78,239.4545455,112.1818182,2853.008817,161.1121278,3014.120944,4499.837813,1.55827276,0.797183099,1.0547512,0.758098351,655.4201488,391.6266036,5400.620512,3.246732512,3.101829187,0.000511574,1.004403544,2.58816E-05,5.64222E-05,2.26084E-06,1.35041E-05,,,7169.150879,159.3517609,1924.697388,44.29777527,0.803710699,0.693352044,0.17029883,0.175587803,0.592505753,,169.300766,0.060113955,0.945601761,-7552.350586,2407,3510,2864,7548,169,4757,Bubble Point (Oil),Corelab,46,0.7776,1.224,2.224,0,10817.4,11432,10432,3.826,2.441,5/18/2017,PetroleumExperts2,,FALSE,TRUE,DEFAULT,948.363636,1896.727273,2845.090909,3793.454545,4741.818182,5690.181818,6638.545454,7586.90909,8535.272727,9483.636363,2013.9989,5/27/2019,552,include,2.576,0.087187,88.77665923,2.14,FALSE,,,,,3.937542432,0.05,88.77665923,1.541705339,FALSE,,,SYSTEM.SCHEDULER,5/28/2019,TRUE,5,TRUE,1,0.2,0.2,213706.9898,507898.5101,456767,670473.9906,298356.7412,1128631.205,2.634921664,0.05,1.601705867,7193.168309,6.76E-07,17.57316322,4525.313133,0.05,2.713906117
SILVERTIP 76-8 UNIT C 1H,J7506,1,4230132899,ANADARKO E&P ONSHORE LLC,DELAWARE BASIN PERMIAN OP BUDGET CC,GAS LIFT,JAMES WEAVER,DC1 SILVERTIP EAST,SILVERTIP 76-7 UNIT B/ 76-8 UNIT C/ 76-18 N/ 76-17 PAD,TX,LOVING,WOLFCAMP,WC_B,FOXTROT,MIDDLE_FXT,13036.73872,13541,4/30/2017,5/27/2019,5/2/2017,6/21/2017,base,31.9685177,-103.5805377,31.9837801,-103.5801879,4561,4600,11482010,255047.76,2496.08913,55.44516522,23,138,200,33.57664234,6,SLICKWATER FRAC,PNP,83202.97101,1848.172174,PUMPCO,61,10053,71,12150,47.9,0.8134,4909,11083.49902,195.7089233,0.000004,0.553101599,0.65,0.135,0,TRUE,TRUE,5/8/2017,5/8/2017,57.99461679,236.16,1206.545455,6002.050909,6914.181818,46.8,0.78,356.4545455,155,4976.460628,202.8998683,5179.360496,5599.907483,1.568311593,0.788740245,1.0547512,0.811432243,648.1320559,404.0723199,5984.787913,4.454158313,3.949709362,0.000463892,1.006139582,2.35683E-05,2.84894E-05,2.14287E-06,1.57178E-05,0.850174189,0.015012108,11083.49902,195.7089233,1543.566284,46.55527115,0.794695675,0.553101599,0.101372883,0.280102551,0.508751929,1.890847325,,0.087560713,1.147398114,-9797.74707,3505,4909,3838,10322,203,4763,Bubble Point (Oil),Corelab,47.9,0.8134,0.65,0.135,0,13036.8,13541,12541,3.826,2.441,5/1/2017,PetroleumExperts2,,FALSE,TRUE,DEFAULT,1140.090909,2280.181818,3420.272727,4560.363636,5700.454545,6840.545454,7980.636363,9120.727272,10260.81818,11400.90909,3191.1501,5/27/2019,672,include,2.576,0.087187,98.06914437,2.14,FALSE,,,,,21.05898026,0.362035707,98.06914437,1.306495722,FALSE,,,SYSTEM.SCHEDULER,5/28/2019,TRUE,5,TRUE,1,0.2,0.2,173979.3801,692780.9996,864479,1038458.38,289442.8798,1563678.476,18.7709116,0.319939649,1.264077107,11144.7071,5.26E-07,7.778904911,8186.965663,0.05,1.878702279
SILVERTIP 76-9 UNIT E 1H,J7514,1,4230132907,ANADARKO E&P ONSHORE LLC,DELAWARE BASIN PERMIAN OP BUDGET CC,GAS LIFT,JAMES WEAVER,DC1 SILVERTIP EAST,SILVERTIP 76-8 D/ 76-9 E/ 76-17 P/ 76-16 Q 1H PAD,TX,LOVING,BONE SPRING,BSPG3,SAND_BSPG3,D_BSPG3,11995.68263,12714,5/7/2017,5/27/2019,5/8/2017,7/29/2017,base,31.9685191,-103.5652855,31.9998995,-103.56313,9961,10000,25205000,574225.4,2520.5,57.42254,50,300,200,33.44481605,6,SLICKWATER FRAC,PNP,84016.66667,1914.084667,PUMPCO,59,7869,71,8790,46.3,0.78,1982.761321,10029,179.9003296,0.000004,0.673764706,1.224,2.224,0,FALSE,TRUE,5/16/2017,5/17/2017,8.275892827,236.16,1097.454545,2017.221818,4900.363636,46.3,0.78,238.4545455,133.9090909,1838.388296,144.3730254,1982.761321,3955.287991,1.390957,0.79583802,1.0547512,0.760584058,655.0809312,392.2160083,4332.009786,2.198240797,2.062064026,0.000464002,1.003632455,1.12337E-05,3.40544E-05,2.13914E-06,9.10611E-06,0.836050808,0.014997089,10029,179.9003296,1906.934082,46.40878296,0.795351326,0.673764706,0.086009637,0.167373657,0.666749895,,387.910614,0.079641908,1.012359619,-9267.398438,,,,,,,,,,,,,,11991.3,12714,11714,3.92,2.441,5/8/2017,PetroleumExperts2,,FALSE,TRUE,DEFAULT,1064.909091,2129.818182,3194.727273,4259.636364,5324.545455,6389.454545,7454.363636,8519.272727,9584.181818,10649.09091,4223.7185,5/27/2019,626,include,2.576,0.087187,83.33597841,2.14,FALSE,,,,,6.348307471,0.05,83.33597841,2.030945973,FALSE,,,SYSTEM.SCHEDULER,5/28/2019,TRUE,5,TRUE,1,0.2,0.2,582970.87,1180979.07,1671375,2254345.872,779800.7155,2952220.442,5.122822485,0.05,2.219176453,10065.58368,2.33E-07,40.37076571,9546.07289,0.05,4.890043359
SILVERTIP 76-9 UNIT F 1H,H8601,1,4230132754,ANADARKO E&P ONSHORE LLC,DELAWARE BASIN PERMIAN OP BUDGET CC,FLOWING,JAMES WEAVER,DC1 SILVERTIP EAST,SILVERTIP 76-9 UNIT F 1H/ 2H PAD,TX,LOVING,WOLFCAMP,WC_A,BETA,UPPER_BETA,12583.87548,12718,4/30/2017,5/27/2019,5/4/2017,10/10/2017,base,31.970524,-103.5490307,31.9981991,-103.548712,8215,8254,16824760,536929.8,2038.376545,65.05086019,71,286,116,28.96140351,4.028169014,SLICKWATER FRAC,PNP,58827.83217,1877.376923,PUMPCO,58,9089,70,10500,46.2,0.8,2197.698781,10528.01953,188.7214966,0.000004,0.485351056,0.796,0.102,0,FALSE,FALSE,5/12/2017,5/13/2017,90,1635.84,920.7272727,1912.363636,6305.454545,46.2,0.8,183.1818182,137.8181818,2088.425468,109.2733132,2197.698781,4118.456024,1.39047199,0.796285875,1.0547512,0.79791758,649.9807762,400.9584318,4511.036384,2.368337105,2.205806382,0.000466098,1.005220599,1.18222E-05,3.10152E-05,2.14538E-06,1.11256E-05,0.836627781,0.014997089,10528.01953,188.7214966,1855.318726,45.86973953,0.797767222,0.485351056,0.229443312,0.258948714,0.475951791,,286.4970703,0.072650038,1.034399986,-9202.238281,,,,,,,,,,,,,,12351.2,12718,11718,3.826,2.441,5/4/2017,PetroleumExperts2,,FALSE,TRUE,DEFAULT,1065.272727,2130.545454,3195.818182,4261.090909,5326.363636,6391.636363,7456.90909,8522.181818,9587.454545,10652.72727,4389.5441,5/27/2019,571,include,2.576,0.087187,89.86582573,2.14,FALSE,,,,,6.687306999,0.05,89.86582573,1.445934856,FALSE,,,SYSTEM.SCHEDULER,5/28/2019,TRUE,5,TRUE,1,0.2,0.2,478535.6295,1008378.09,1192836,1671371.634,646598.6456,2281092.243,10.80321305,0.111327392,1.597958569,10665.51436,5.37E-07,7.355844473,12689.60299,0.05,2.236826135
SILVERTIP UNIT Y 1H,J8547,1,4230133299,ANADARKO E&P ONSHORE LLC,DELAWARE BASIN PERMIAN OP BUDGET CC,GAS LIFT,JAMES WEAVER,DC1 SILVERTIP EAST,SILVERTIP UNIT Y/ Z 1H PAD,TX,LOVING,WOLFCAMP,WC_A,ALPHA,W2_ALPHA,12622.16587,13034,3/10/2018,5/27/2019,3/11/2018,5/26/2018,base,31.9707219,-103.4924177,31.9407098,-103.4930082,10164,10164,25584660,573037.98,2517.184179,56.37917946,51,306,199,33.32459016,6,SLICKWATER FRAC,PNP,83610,1872.673137,PUMPCO,61,9627,72,12290,45.8,0.78,1387.170848,10706.7666,185.8493958,0.000004,0.629594862,2.2,8.83,0,FALSE,TRUE,3/17/2018,3/18/2018,57.99461679,627.84,912,1110.545455,7867.636364,45.8,0.78,289.1818182,138.5454545,1219.428225,167.7426237,1387.170848,3352.541084,1.363804996,0.798082346,1.0547512,0.701933236,663.0729891,378.0651061,3628.863939,1.817918812,1.719177642,0.000450864,1.003854046,7.89253E-06,3.18701E-05,2.12034E-06,8.25839E-06,0.848251164,0.01472405,10706.7666,185.8493958,1722.473877,44.1996727,0.80535686,0.629594862,0.086414002,0.258883029,0.600887656,0.368828416,175.6894836,0.078002587,1.041162014,-8918.644531,,,,,,,,,,,,,,12388.4,13034,12034,3.826,2.441,3/10/2018,PetroleumExperts2,,FALSE,TRUE,DEFAULT,1094,2188,3282,4376,5470,6564,7658,8752,9846,10940,4326.0378,5/27/2019,332,include,2.576,0.087187,89.06979376,2.14,FALSE,,,,,3.892353648,0.05,89.06979376,1.515916533,FALSE,,,SYSTEM.SCHEDULER,5/28/2019,TRUE,5,TRUE,1,0.2,0.2,182548.7898,369127.9208,818264,1000812.789,244070.1093,1188718.991,12.85245572,0.827229871,1.960105655,10747.52051,4.95E-07,12.88557596,10437.89362,0.05,2.354549511
SILVERTIP UNIT Z 2H,K2108,1,4230133754,ANADARKO E&P ONSHORE LLC,DELAWARE BASIN PERMIAN OP BUDGET CC,GAS LIFT,JAMES WEAVER,DC1 SILVERTIP EAST,SILVERTIP UNIT Z 2H PAD,TX,LOVING,WOLFCAMP,WC_A,ALPHA,W1_ALPHA,12539.72937,12885,4/5/2018,5/27/2019,4/6/2018,5/26/2018,base,31.9686921,-103.4938984,31.9998858,-103.4922821,10295,10182,24985740,555957.36,2453.912787,54.60197996,50,300,204,34.05351171,6,SLICKWATER FRAC,PNP,83285.8,1853.1912,PUMPCO,61,9127,72,12040,45,0.78,2338.605897,10593.12012,181.9580536,0.000004,0.655476093,2.2,8.83,0,FALSE,TRUE,4/11/2018,4/11/2018,63.84566422,253.44,872.7272727,1930.014545,7302.545455,45,0.78,232.0909091,147.7272727,2212.307632,126.2982647,2338.605897,4432.916119,1.341225145,0.801699717,1.0547512,0.701933236,663.0729891,378.0651061,4789.658824,2.434000865,2.265058742,0.000450077,1.002885433,1.23919E-05,3.23151E-05,2.11016E-06,9.65248E-06,0.84476465,0.014510524,10593.12012,181.9580536,1641.107544,45.42222214,0.799782574,0.655476093,0.094211243,0.232699558,0.607083797,0.336405575,193.1937561,0.067280114,1.034548163,-9232.862305,,,,,,,,,,,,,,12539.8,12885,11885,3.826,2.441,4/5/2018,PetroleumExperts2,11900,TRUE,TRUE,DEFAULT,1080.454545,2160.909091,3241.363636,4321.818182,5402.272727,6482.727272,7563.181818,8643.636363,9724.090909,10804.54545,4864.3747,5/27/2019,329,include,2.576,0.087187,86.99575464,2.14,FALSE,,,,,4.715123515,0.05,86.99575464,1.699113202,FALSE,,,SYSTEM.SCHEDULER,5/28/2019,TRUE,5,TRUE,1,0.2,0.2,192519.6903,387335.7308,1002283,1194802.689,257075.6451,1440395.911,4.513515748,0.05,1.77366578,10621.69242,3.52E-07,25.95690097,10787.54702,0.05,2.895480903
